2024-10-10 10:42:46 [main] INFO  g.la.webserver.WebserverApplication - Starting WebserverApplication using Java 17.0.0.1 with PID 17500 (C:\nust\webserver\build\classes\java\main started by DDTSW Center in C:\nust\webserver)
2024-10-10 10:42:46 [main] DEBUG g.la.webserver.WebserverApplication - Running with Spring Boot v3.3.4, Spring v6.1.13
2024-10-10 10:42:46 [main] INFO  g.la.webserver.WebserverApplication - No active profile set, falling back to 1 default profile: "default"
2024-10-10 10:42:48 [main] INFO  o.s.d.r.c.RepositoryConfigurationDelegate - Bootstrapping Spring Data JPA repositories in DEFAULT mode.
2024-10-10 10:42:49 [main] INFO  o.s.d.r.c.RepositoryConfigurationDelegate - Finished Spring Data repository scanning in 101 ms. Found 2 JPA repository interfaces.
2024-10-10 10:42:50 [main] INFO  o.s.b.w.e.tomcat.TomcatWebServer - Tomcat initialized with port 8080 (http)
2024-10-10 10:42:50 [main] INFO  o.a.coyote.http11.Http11NioProtocol - Initializing ProtocolHandler ["http-nio-8080"]
2024-10-10 10:42:50 [main] INFO  o.a.catalina.core.StandardService - Starting service [Tomcat]
2024-10-10 10:42:50 [main] INFO  o.a.catalina.core.StandardEngine - Starting Servlet engine: [Apache Tomcat/10.1.30]
2024-10-10 10:42:50 [main] INFO  o.a.c.c.C.[Tomcat].[localhost].[/] - Initializing Spring embedded WebApplicationContext
2024-10-10 10:42:50 [main] INFO  o.s.b.w.s.c.ServletWebServerApplicationContext - Root WebApplicationContext: initialization completed in 3540 ms
2024-10-10 10:42:50 [main] INFO  com.zaxxer.hikari.HikariDataSource - HikariPool-1 - Starting...
2024-10-10 10:42:51 [main] INFO  com.zaxxer.hikari.pool.HikariPool - HikariPool-1 - Added connection conn0: url=jdbc:h2:mem:test user=SA
2024-10-10 10:42:51 [main] INFO  com.zaxxer.hikari.HikariDataSource - HikariPool-1 - Start completed.
2024-10-10 10:42:51 [main] INFO  o.s.b.a.h.H2ConsoleAutoConfiguration - H2 console available at '/h2-console'. Database available at 'jdbc:h2:mem:test'
2024-10-10 10:42:51 [main] INFO  o.h.jpa.internal.util.LogHelper - HHH000204: Processing PersistenceUnitInfo [name: default]
2024-10-10 10:42:51 [main] INFO  org.hibernate.Version - HHH000412: Hibernate ORM core version 6.5.3.Final
2024-10-10 10:42:51 [main] INFO  o.h.c.i.RegionFactoryInitiator - HHH000026: Second-level cache disabled
2024-10-10 10:42:52 [main] INFO  o.s.o.j.p.SpringPersistenceUnitInfo - No LoadTimeWeaver setup: ignoring JPA class transformer
2024-10-10 10:42:52 [main] WARN  org.hibernate.orm.deprecation - HHH90000025: H2Dialect does not need to be specified explicitly using 'hibernate.dialect' (remove the property setting and it will be selected by default)
2024-10-10 10:42:53 [main] INFO  o.h.e.t.j.p.i.JtaPlatformInitiator - HHH000489: No JTA platform available (set 'hibernate.transaction.jta.platform' to enable JTA platform integration)
2024-10-10 10:42:53 [main] INFO  o.s.o.j.LocalContainerEntityManagerFactoryBean - Initialized JPA EntityManagerFactory for persistence unit 'default'
2024-10-10 10:42:54 [main] INFO  o.s.s.c.a.a.c.InitializeUserDetailsBeanManagerConfigurer$InitializeUserDetailsManagerConfigurer - Global AuthenticationManager configured with UserDetailsService bean with name userLoginService
2024-10-10 10:42:54 [main] INFO  o.s.b.a.w.s.WelcomePageHandlerMapping - Adding welcome page template: index
2024-10-10 10:42:55 [main] INFO  o.s.b.a.e.web.EndpointLinksResolver - Exposing 15 endpoints beneath base path '/actuator'
2024-10-10 10:42:56 [main] INFO  o.a.coyote.http11.Http11NioProtocol - Starting ProtocolHandler ["http-nio-8080"]
2024-10-10 10:42:56 [main] INFO  o.s.b.w.e.tomcat.TomcatWebServer - Tomcat started on port 8080 (http) with context path '/'
2024-10-10 10:42:56 [main] INFO  g.la.webserver.WebserverApplication - Started WebserverApplication in 10.602 seconds (process running for 11.2)
2024-10-10 10:42:56 [registrationTask1] WARN  d.c.b.a.c.r.ApplicationRegistrator - Failed to register application as Application(name=spring-boot-application, managementUrl=http://host.docker.internal:8080/actuator, healthUrl=http://host.docker.internal:8080/actuator/health, serviceUrl=http://host.docker.internal:8080/) at spring-boot-admin ([http://localhost:8000/instances]): I/O error on POST request for "http://localhost:8000/instances": Connection refused: no further information. Further attempts are logged on DEBUG level
2024-10-10 10:42:56 [http-nio-8080-exec-1] INFO  o.a.c.c.C.[Tomcat].[localhost].[/] - Initializing Spring DispatcherServlet 'dispatcherServlet'
2024-10-10 10:42:56 [http-nio-8080-exec-1] INFO  o.s.web.servlet.DispatcherServlet - Initializing Servlet 'dispatcherServlet'
2024-10-10 10:42:56 [http-nio-8080-exec-1] INFO  o.s.web.servlet.DispatcherServlet - Completed initialization in 0 ms
2024-10-10 10:43:06 [http-nio-8080-exec-6] INFO  g.l.w.u.controllers.UserController - call getAllUsers
2024-10-10 10:43:06 [http-nio-8080-exec-7] INFO  g.l.w.u.c.UserChangeLogController - call getAllUsersChangelog
2024-10-10 10:43:18 [http-nio-8080-exec-7] INFO  o.s.api.AbstractOpenApiResource - Init duration for springdoc-openapi is: 602 ms
2024-10-10 10:43:41 [http-nio-8080-exec-9] INFO  g.l.w.u.controllers.UserController - call UpdatedUsers >>>id >>> 1/ namne >> ytiu / age >> 21 /nickname >>Tony juhygf
2024-10-10 10:43:52 [http-nio-8080-exec-2] INFO  g.l.w.u.controllers.UserController - call getAllUsers
2024-10-10 10:43:52 [http-nio-8080-exec-10] INFO  g.l.w.u.c.UserChangeLogController - call getAllUsersChangelog
2024-10-10 10:47:33 [main] INFO  g.la.webserver.WebserverApplication - Starting WebserverApplication using Java 17.0.0.1 with PID 15500 (C:\nust\webserver\build\classes\java\main started by DDTSW Center in C:\nust\webserver)
2024-10-10 10:47:33 [main] DEBUG g.la.webserver.WebserverApplication - Running with Spring Boot v3.3.4, Spring v6.1.13
2024-10-10 10:47:33 [main] INFO  g.la.webserver.WebserverApplication - No active profile set, falling back to 1 default profile: "default"
2024-10-10 10:47:35 [main] INFO  o.s.d.r.c.RepositoryConfigurationDelegate - Bootstrapping Spring Data JPA repositories in DEFAULT mode.
2024-10-10 10:47:35 [main] INFO  o.s.d.r.c.RepositoryConfigurationDelegate - Finished Spring Data repository scanning in 78 ms. Found 2 JPA repository interfaces.
2024-10-10 10:47:36 [main] INFO  o.s.b.w.e.tomcat.TomcatWebServer - Tomcat initialized with port 8080 (http)
2024-10-10 10:47:36 [main] INFO  o.a.coyote.http11.Http11NioProtocol - Initializing ProtocolHandler ["http-nio-8080"]
2024-10-10 10:47:36 [main] INFO  o.a.catalina.core.StandardService - Starting service [Tomcat]
2024-10-10 10:47:36 [main] INFO  o.a.catalina.core.StandardEngine - Starting Servlet engine: [Apache Tomcat/10.1.30]
2024-10-10 10:47:36 [main] INFO  o.a.c.c.C.[Tomcat].[localhost].[/] - Initializing Spring embedded WebApplicationContext
2024-10-10 10:47:36 [main] INFO  o.s.b.w.s.c.ServletWebServerApplicationContext - Root WebApplicationContext: initialization completed in 3065 ms
2024-10-10 10:47:36 [main] INFO  com.zaxxer.hikari.HikariDataSource - HikariPool-1 - Starting...
2024-10-10 10:47:37 [main] INFO  com.zaxxer.hikari.pool.HikariPool - HikariPool-1 - Added connection conn0: url=jdbc:h2:mem:test user=SA
2024-10-10 10:47:37 [main] INFO  com.zaxxer.hikari.HikariDataSource - HikariPool-1 - Start completed.
2024-10-10 10:47:37 [main] INFO  o.s.b.a.h.H2ConsoleAutoConfiguration - H2 console available at '/h2-console'. Database available at 'jdbc:h2:mem:test'
2024-10-10 10:47:37 [main] INFO  o.h.jpa.internal.util.LogHelper - HHH000204: Processing PersistenceUnitInfo [name: default]
2024-10-10 10:47:37 [main] INFO  org.hibernate.Version - HHH000412: Hibernate ORM core version 6.5.3.Final
2024-10-10 10:47:37 [main] INFO  o.h.c.i.RegionFactoryInitiator - HHH000026: Second-level cache disabled
2024-10-10 10:47:37 [main] INFO  o.s.o.j.p.SpringPersistenceUnitInfo - No LoadTimeWeaver setup: ignoring JPA class transformer
2024-10-10 10:47:37 [main] WARN  org.hibernate.orm.deprecation - HHH90000025: H2Dialect does not need to be specified explicitly using 'hibernate.dialect' (remove the property setting and it will be selected by default)
2024-10-10 10:47:39 [main] INFO  o.h.e.t.j.p.i.JtaPlatformInitiator - HHH000489: No JTA platform available (set 'hibernate.transaction.jta.platform' to enable JTA platform integration)
2024-10-10 10:47:39 [main] INFO  o.s.o.j.LocalContainerEntityManagerFactoryBean - Initialized JPA EntityManagerFactory for persistence unit 'default'
2024-10-10 10:47:40 [main] INFO  o.s.s.c.a.a.c.InitializeUserDetailsBeanManagerConfigurer$InitializeUserDetailsManagerConfigurer - Global AuthenticationManager configured with UserDetailsService bean with name userLoginService
2024-10-10 10:47:40 [main] INFO  o.s.b.a.w.s.WelcomePageHandlerMapping - Adding welcome page template: index
2024-10-10 10:47:40 [main] INFO  o.s.b.a.e.web.EndpointLinksResolver - Exposing 15 endpoints beneath base path '/actuator'
2024-10-10 10:47:41 [main] INFO  o.a.coyote.http11.Http11NioProtocol - Starting ProtocolHandler ["http-nio-8080"]
2024-10-10 10:47:41 [main] INFO  o.s.b.w.e.tomcat.TomcatWebServer - Tomcat started on port 8080 (http) with context path '/'
2024-10-10 10:47:41 [main] INFO  g.la.webserver.WebserverApplication - Started WebserverApplication in 9.207 seconds (process running for 9.718)
2024-10-10 10:47:42 [registrationTask1] WARN  d.c.b.a.c.r.ApplicationRegistrator - Failed to register application as Application(name=spring-boot-application, managementUrl=http://host.docker.internal:8080/actuator, healthUrl=http://host.docker.internal:8080/actuator/health, serviceUrl=http://host.docker.internal:8080/) at spring-boot-admin ([http://localhost:8000/instances]): I/O error on POST request for "http://localhost:8000/instances": Connection refused: no further information. Further attempts are logged on DEBUG level
2024-10-10 10:48:03 [http-nio-8080-exec-1] INFO  o.a.c.c.C.[Tomcat].[localhost].[/] - Initializing Spring DispatcherServlet 'dispatcherServlet'
2024-10-10 10:48:03 [http-nio-8080-exec-1] INFO  o.s.web.servlet.DispatcherServlet - Initializing Servlet 'dispatcherServlet'
2024-10-10 10:48:03 [http-nio-8080-exec-1] INFO  o.s.web.servlet.DispatcherServlet - Completed initialization in 0 ms
2024-10-10 10:49:22 [http-nio-8080-exec-3] INFO  g.l.w.u.c.UserChangeLogController - call getAllUsersChangelog
2024-10-10 10:49:22 [http-nio-8080-exec-4] INFO  g.l.w.u.controllers.UserController - call getAllUsers
2024-10-10 10:49:44 [main] INFO  g.la.webserver.WebserverApplication - Starting WebserverApplication using Java 17.0.0.1 with PID 10552 (C:\nust\webserver\build\classes\java\main started by DDTSW Center in C:\nust\webserver)
2024-10-10 10:49:44 [main] DEBUG g.la.webserver.WebserverApplication - Running with Spring Boot v3.3.4, Spring v6.1.13
2024-10-10 10:49:44 [main] INFO  g.la.webserver.WebserverApplication - No active profile set, falling back to 1 default profile: "default"
2024-10-10 10:49:46 [main] INFO  o.s.d.r.c.RepositoryConfigurationDelegate - Bootstrapping Spring Data JPA repositories in DEFAULT mode.
2024-10-10 10:49:46 [main] INFO  o.s.d.r.c.RepositoryConfigurationDelegate - Finished Spring Data repository scanning in 76 ms. Found 2 JPA repository interfaces.
2024-10-10 10:49:47 [main] INFO  o.s.b.w.e.tomcat.TomcatWebServer - Tomcat initialized with port 8080 (http)
2024-10-10 10:49:47 [main] INFO  o.a.coyote.http11.Http11NioProtocol - Initializing ProtocolHandler ["http-nio-8080"]
2024-10-10 10:49:47 [main] INFO  o.a.catalina.core.StandardService - Starting service [Tomcat]
2024-10-10 10:49:47 [main] INFO  o.a.catalina.core.StandardEngine - Starting Servlet engine: [Apache Tomcat/10.1.30]
2024-10-10 10:49:47 [main] INFO  o.a.c.c.C.[Tomcat].[localhost].[/] - Initializing Spring embedded WebApplicationContext
2024-10-10 10:49:47 [main] INFO  o.s.b.w.s.c.ServletWebServerApplicationContext - Root WebApplicationContext: initialization completed in 2999 ms
2024-10-10 10:49:47 [main] INFO  com.zaxxer.hikari.HikariDataSource - HikariPool-1 - Starting...
2024-10-10 10:49:47 [main] INFO  com.zaxxer.hikari.pool.HikariPool - HikariPool-1 - Added connection conn0: url=jdbc:h2:mem:test user=SA
2024-10-10 10:49:47 [main] INFO  com.zaxxer.hikari.HikariDataSource - HikariPool-1 - Start completed.
2024-10-10 10:49:47 [main] INFO  o.s.b.a.h.H2ConsoleAutoConfiguration - H2 console available at '/h2-console'. Database available at 'jdbc:h2:mem:test'
2024-10-10 10:49:48 [main] INFO  o.h.jpa.internal.util.LogHelper - HHH000204: Processing PersistenceUnitInfo [name: default]
2024-10-10 10:49:48 [main] INFO  org.hibernate.Version - HHH000412: Hibernate ORM core version 6.5.3.Final
2024-10-10 10:49:48 [main] INFO  o.h.c.i.RegionFactoryInitiator - HHH000026: Second-level cache disabled
2024-10-10 10:49:48 [main] INFO  o.s.o.j.p.SpringPersistenceUnitInfo - No LoadTimeWeaver setup: ignoring JPA class transformer
2024-10-10 10:49:48 [main] WARN  org.hibernate.orm.deprecation - HHH90000025: H2Dialect does not need to be specified explicitly using 'hibernate.dialect' (remove the property setting and it will be selected by default)
2024-10-10 10:49:50 [main] INFO  o.h.e.t.j.p.i.JtaPlatformInitiator - HHH000489: No JTA platform available (set 'hibernate.transaction.jta.platform' to enable JTA platform integration)
2024-10-10 10:49:50 [main] INFO  o.s.o.j.LocalContainerEntityManagerFactoryBean - Initialized JPA EntityManagerFactory for persistence unit 'default'
2024-10-10 10:49:51 [main] INFO  o.s.s.c.a.a.c.InitializeUserDetailsBeanManagerConfigurer$InitializeUserDetailsManagerConfigurer - Global AuthenticationManager configured with UserDetailsService bean with name userLoginService
2024-10-10 10:49:51 [main] INFO  o.s.b.a.w.s.WelcomePageHandlerMapping - Adding welcome page template: index
2024-10-10 10:49:51 [main] INFO  o.s.b.a.e.web.EndpointLinksResolver - Exposing 15 endpoints beneath base path '/actuator'
2024-10-10 10:49:52 [main] INFO  o.a.coyote.http11.Http11NioProtocol - Starting ProtocolHandler ["http-nio-8080"]
2024-10-10 10:49:52 [main] INFO  o.s.b.w.e.tomcat.TomcatWebServer - Tomcat started on port 8080 (http) with context path '/'
2024-10-10 10:49:52 [main] INFO  g.la.webserver.WebserverApplication - Started WebserverApplication in 9.284 seconds (process running for 9.84)
2024-10-10 10:49:53 [registrationTask1] WARN  d.c.b.a.c.r.ApplicationRegistrator - Failed to register application as Application(name=spring-boot-application, managementUrl=http://host.docker.internal:8080/actuator, healthUrl=http://host.docker.internal:8080/actuator/health, serviceUrl=http://host.docker.internal:8080/) at spring-boot-admin ([http://localhost:8000/instances]): I/O error on POST request for "http://localhost:8000/instances": Connection refused: no further information. Further attempts are logged on DEBUG level
2024-10-10 10:50:08 [http-nio-8080-exec-1] INFO  o.a.c.c.C.[Tomcat].[localhost].[/] - Initializing Spring DispatcherServlet 'dispatcherServlet'
2024-10-10 10:50:08 [http-nio-8080-exec-1] INFO  o.s.web.servlet.DispatcherServlet - Initializing Servlet 'dispatcherServlet'
2024-10-10 10:50:08 [http-nio-8080-exec-1] INFO  o.s.web.servlet.DispatcherServlet - Completed initialization in 0 ms
2024-10-10 10:50:09 [http-nio-8080-exec-4] INFO  g.l.w.u.c.UserChangeLogController - call getAllUsersChangelog
2024-10-10 10:50:09 [http-nio-8080-exec-3] INFO  g.l.w.u.controllers.UserController - call getAllUsers
2024-10-10 11:22:32 [HikariPool-1 housekeeper] WARN  com.zaxxer.hikari.pool.HikariPool - HikariPool-1 - Thread starvation or clock leap detected (housekeeper delta=25m14s175ms663탎).
2024-10-10 11:46:20 [main] INFO  g.la.webserver.WebserverApplication - Starting WebserverApplication using Java 17.0.0.1 with PID 25908 (C:\nust\webserver\build\classes\java\main started by DDTSW Center in C:\nust\webserver)
2024-10-10 11:46:20 [main] DEBUG g.la.webserver.WebserverApplication - Running with Spring Boot v3.3.4, Spring v6.1.13
2024-10-10 11:46:20 [main] INFO  g.la.webserver.WebserverApplication - No active profile set, falling back to 1 default profile: "default"
2024-10-10 11:46:22 [main] INFO  o.s.d.r.c.RepositoryConfigurationDelegate - Bootstrapping Spring Data JPA repositories in DEFAULT mode.
2024-10-10 11:46:22 [main] INFO  o.s.d.r.c.RepositoryConfigurationDelegate - Finished Spring Data repository scanning in 244 ms. Found 2 JPA repository interfaces.
2024-10-10 11:46:23 [main] INFO  o.s.b.w.e.tomcat.TomcatWebServer - Tomcat initialized with port 8080 (http)
2024-10-10 11:46:23 [main] INFO  o.a.coyote.http11.Http11NioProtocol - Initializing ProtocolHandler ["http-nio-8080"]
2024-10-10 11:46:23 [main] INFO  o.a.catalina.core.StandardService - Starting service [Tomcat]
2024-10-10 11:46:23 [main] INFO  o.a.catalina.core.StandardEngine - Starting Servlet engine: [Apache Tomcat/10.1.30]
2024-10-10 11:46:23 [main] INFO  o.a.c.c.C.[Tomcat].[localhost].[/] - Initializing Spring embedded WebApplicationContext
2024-10-10 11:46:23 [main] INFO  o.s.b.w.s.c.ServletWebServerApplicationContext - Root WebApplicationContext: initialization completed in 3573 ms
2024-10-10 11:46:24 [main] INFO  com.zaxxer.hikari.HikariDataSource - HikariPool-1 - Starting...
2024-10-10 11:46:24 [main] INFO  com.zaxxer.hikari.pool.HikariPool - HikariPool-1 - Added connection conn0: url=jdbc:h2:mem:test user=SA
2024-10-10 11:46:24 [main] INFO  com.zaxxer.hikari.HikariDataSource - HikariPool-1 - Start completed.
2024-10-10 11:46:24 [main] INFO  o.s.b.a.h.H2ConsoleAutoConfiguration - H2 console available at '/h2-console'. Database available at 'jdbc:h2:mem:test'
2024-10-10 11:46:24 [main] INFO  o.h.jpa.internal.util.LogHelper - HHH000204: Processing PersistenceUnitInfo [name: default]
2024-10-10 11:46:24 [main] INFO  org.hibernate.Version - HHH000412: Hibernate ORM core version 6.5.3.Final
2024-10-10 11:46:24 [main] INFO  o.h.c.i.RegionFactoryInitiator - HHH000026: Second-level cache disabled
2024-10-10 11:46:25 [main] INFO  o.s.o.j.p.SpringPersistenceUnitInfo - No LoadTimeWeaver setup: ignoring JPA class transformer
2024-10-10 11:46:25 [main] WARN  org.hibernate.orm.deprecation - HHH90000025: H2Dialect does not need to be specified explicitly using 'hibernate.dialect' (remove the property setting and it will be selected by default)
2024-10-10 11:46:26 [main] INFO  o.h.e.t.j.p.i.JtaPlatformInitiator - HHH000489: No JTA platform available (set 'hibernate.transaction.jta.platform' to enable JTA platform integration)
2024-10-10 11:46:27 [main] INFO  o.s.o.j.LocalContainerEntityManagerFactoryBean - Initialized JPA EntityManagerFactory for persistence unit 'default'
2024-10-10 11:46:28 [main] INFO  o.s.s.c.a.a.c.InitializeUserDetailsBeanManagerConfigurer$InitializeUserDetailsManagerConfigurer - Global AuthenticationManager configured with UserDetailsService bean with name userLoginService
2024-10-10 11:46:28 [main] INFO  o.s.b.a.w.s.WelcomePageHandlerMapping - Adding welcome page template: index
2024-10-10 11:46:30 [main] INFO  o.s.b.a.e.web.EndpointLinksResolver - Exposing 15 endpoints beneath base path '/actuator'
2024-10-10 11:46:33 [main] INFO  o.a.coyote.http11.Http11NioProtocol - Starting ProtocolHandler ["http-nio-8080"]
2024-10-10 11:46:33 [main] INFO  o.s.b.w.e.tomcat.TomcatWebServer - Tomcat started on port 8080 (http) with context path '/'
2024-10-10 11:46:33 [main] INFO  g.la.webserver.WebserverApplication - Started WebserverApplication in 14.328 seconds (process running for 15.029)
2024-10-10 11:46:34 [http-nio-8080-exec-6] INFO  o.a.c.c.C.[Tomcat].[localhost].[/] - Initializing Spring DispatcherServlet 'dispatcherServlet'
2024-10-10 11:46:34 [http-nio-8080-exec-6] INFO  o.s.web.servlet.DispatcherServlet - Initializing Servlet 'dispatcherServlet'
2024-10-10 11:46:34 [http-nio-8080-exec-6] INFO  o.s.web.servlet.DispatcherServlet - Completed initialization in 8 ms
2024-10-10 11:46:34 [registrationTask1] WARN  d.c.b.a.c.r.ApplicationRegistrator - Failed to register application as Application(name=spring-boot-application, managementUrl=http://host.docker.internal:8080/actuator, healthUrl=http://host.docker.internal:8080/actuator/health, serviceUrl=http://host.docker.internal:8080/) at spring-boot-admin ([http://localhost:8000/instances]): I/O error on POST request for "http://localhost:8000/instances": Connection refused: no further information. Further attempts are logged on DEBUG level
2024-10-10 11:46:35 [http-nio-8080-exec-6] INFO  g.l.w.u.controllers.UserController - call getAllUsers
2024-10-10 11:55:47 [HikariPool-1 housekeeper] WARN  com.zaxxer.hikari.pool.HikariPool - HikariPool-1 - Thread starvation or clock leap detected (housekeeper delta=52s556ms735탎400ns).
2024-10-10 12:59:26 [HikariPool-1 housekeeper] WARN  com.zaxxer.hikari.pool.HikariPool - HikariPool-1 - Thread starvation or clock leap detected (housekeeper delta=34m9s75ms304탎800ns).
2024-10-10 13:31:00 [HikariPool-1 housekeeper] WARN  com.zaxxer.hikari.pool.HikariPool - HikariPool-1 - Thread starvation or clock leap detected (housekeeper delta=14m33s573ms866탎400ns).
2024-10-10 13:33:38 [HikariPool-1 housekeeper] WARN  com.zaxxer.hikari.pool.HikariPool - HikariPool-1 - Thread starvation or clock leap detected (housekeeper delta=2m37s562ms910탎).
2024-10-10 13:39:03 [HikariPool-1 housekeeper] WARN  com.zaxxer.hikari.pool.HikariPool - HikariPool-1 - Thread starvation or clock leap detected (housekeeper delta=55s51ms109탎800ns).
2024-10-10 13:59:16 [main] INFO  g.la.webserver.WebserverApplication - Starting WebserverApplication using Java 17.0.0.1 with PID 14560 (C:\nust\webserver\build\classes\java\main started by DDTSW Center in C:\nust\webserver)
2024-10-10 13:59:16 [main] DEBUG g.la.webserver.WebserverApplication - Running with Spring Boot v3.3.4, Spring v6.1.13
2024-10-10 13:59:16 [main] INFO  g.la.webserver.WebserverApplication - No active profile set, falling back to 1 default profile: "default"
2024-10-10 13:59:18 [main] INFO  o.s.d.r.c.RepositoryConfigurationDelegate - Bootstrapping Spring Data JPA repositories in DEFAULT mode.
2024-10-10 13:59:18 [main] INFO  o.s.d.r.c.RepositoryConfigurationDelegate - Finished Spring Data repository scanning in 207 ms. Found 2 JPA repository interfaces.
2024-10-10 13:59:19 [main] INFO  o.s.b.w.e.tomcat.TomcatWebServer - Tomcat initialized with port 8080 (http)
2024-10-10 13:59:19 [main] INFO  o.a.coyote.http11.Http11NioProtocol - Initializing ProtocolHandler ["http-nio-8080"]
2024-10-10 13:59:19 [main] INFO  o.a.catalina.core.StandardService - Starting service [Tomcat]
2024-10-10 13:59:19 [main] INFO  o.a.catalina.core.StandardEngine - Starting Servlet engine: [Apache Tomcat/10.1.30]
2024-10-10 13:59:19 [main] INFO  o.a.c.c.C.[Tomcat].[localhost].[/] - Initializing Spring embedded WebApplicationContext
2024-10-10 13:59:19 [main] INFO  o.s.b.w.s.c.ServletWebServerApplicationContext - Root WebApplicationContext: initialization completed in 3361 ms
2024-10-10 13:59:20 [main] INFO  com.zaxxer.hikari.HikariDataSource - HikariPool-1 - Starting...
2024-10-10 13:59:20 [main] INFO  com.zaxxer.hikari.pool.HikariPool - HikariPool-1 - Added connection conn0: url=jdbc:h2:mem:test user=SA
2024-10-10 13:59:20 [main] INFO  com.zaxxer.hikari.HikariDataSource - HikariPool-1 - Start completed.
2024-10-10 13:59:20 [main] INFO  o.s.b.a.h.H2ConsoleAutoConfiguration - H2 console available at '/h2-console'. Database available at 'jdbc:h2:mem:test'
2024-10-10 13:59:20 [main] INFO  o.h.jpa.internal.util.LogHelper - HHH000204: Processing PersistenceUnitInfo [name: default]
2024-10-10 13:59:20 [main] INFO  org.hibernate.Version - HHH000412: Hibernate ORM core version 6.5.3.Final
2024-10-10 13:59:20 [main] INFO  o.h.c.i.RegionFactoryInitiator - HHH000026: Second-level cache disabled
2024-10-10 13:59:21 [main] INFO  o.s.o.j.p.SpringPersistenceUnitInfo - No LoadTimeWeaver setup: ignoring JPA class transformer
2024-10-10 13:59:21 [main] WARN  org.hibernate.orm.deprecation - HHH90000025: H2Dialect does not need to be specified explicitly using 'hibernate.dialect' (remove the property setting and it will be selected by default)
2024-10-10 13:59:22 [main] INFO  o.h.e.t.j.p.i.JtaPlatformInitiator - HHH000489: No JTA platform available (set 'hibernate.transaction.jta.platform' to enable JTA platform integration)
2024-10-10 13:59:23 [main] INFO  o.s.o.j.LocalContainerEntityManagerFactoryBean - Initialized JPA EntityManagerFactory for persistence unit 'default'
2024-10-10 13:59:23 [main] INFO  o.s.s.c.a.a.c.InitializeUserDetailsBeanManagerConfigurer$InitializeUserDetailsManagerConfigurer - Global AuthenticationManager configured with UserDetailsService bean with name userLoginService
2024-10-10 13:59:24 [main] INFO  o.s.b.a.w.s.WelcomePageHandlerMapping - Adding welcome page template: index
2024-10-10 13:59:24 [main] INFO  o.s.b.a.e.web.EndpointLinksResolver - Exposing 15 endpoints beneath base path '/actuator'
2024-10-10 13:59:26 [main] INFO  o.a.coyote.http11.Http11NioProtocol - Starting ProtocolHandler ["http-nio-8080"]
2024-10-10 13:59:26 [main] INFO  o.s.b.w.e.tomcat.TomcatWebServer - Tomcat started on port 8080 (http) with context path '/'
2024-10-10 13:59:26 [main] INFO  g.la.webserver.WebserverApplication - Started WebserverApplication in 10.522 seconds (process running for 11.229)
2024-10-10 13:59:26 [registrationTask1] WARN  d.c.b.a.c.r.ApplicationRegistrator - Failed to register application as Application(name=spring-boot-application, managementUrl=http://host.docker.internal:8080/actuator, healthUrl=http://host.docker.internal:8080/actuator/health, serviceUrl=http://host.docker.internal:8080/) at spring-boot-admin ([http://localhost:8000/instances]): I/O error on POST request for "http://localhost:8000/instances": Connection refused: no further information. Further attempts are logged on DEBUG level
2024-10-10 13:59:43 [http-nio-8080-exec-2] INFO  o.a.c.c.C.[Tomcat].[localhost].[/] - Initializing Spring DispatcherServlet 'dispatcherServlet'
2024-10-10 13:59:43 [http-nio-8080-exec-2] INFO  o.s.web.servlet.DispatcherServlet - Initializing Servlet 'dispatcherServlet'
2024-10-10 13:59:43 [http-nio-8080-exec-2] INFO  o.s.web.servlet.DispatcherServlet - Completed initialization in 0 ms
2024-10-10 14:01:24 [http-nio-8080-exec-5] INFO  g.l.w.u.controllers.UserController - call getUsers >>> 1
2024-10-10 14:01:33 [http-nio-8080-exec-6] INFO  g.l.w.u.controllers.UserController - call UpdatedUsers >>>id >>> 1/ name >> starbuck / age >> 21 /nickname >>fewwxer
2024-10-10 14:01:50 [http-nio-8080-exec-8] INFO  g.l.w.u.controllers.UserController - call DeleteUser >>> id >>> 3
2024-10-10 14:05:01 [http-nio-8080-exec-7] INFO  g.l.w.u.controllers.UserController - call createUsers >>> namne >> jame / age >> 29 /nickname >>boston
2024-10-10 14:11:14 [HikariPool-1 housekeeper] WARN  com.zaxxer.hikari.pool.HikariPool - HikariPool-1 - Thread starvation or clock leap detected (housekeeper delta=53s351ms582탎800ns).
2024-10-10 14:12:10 [http-nio-8080-exec-8] INFO  g.l.w.u.c.UserChangeLogController - call getAllUsersChangelog
2024-10-10 14:12:10 [http-nio-8080-exec-10] INFO  g.l.w.u.controllers.UserController - call getAllUsers
2024-10-10 14:12:14 [http-nio-8080-exec-5] INFO  g.l.w.u.c.UserChangeLogController - call getAllUsersChangelog
2024-10-10 14:13:14 [http-nio-8080-exec-10] INFO  g.l.w.u.c.UserChangeLogController - call getAllUsersChangelog
2024-10-10 14:13:14 [http-nio-8080-exec-8] INFO  g.l.w.u.controllers.UserController - call getAllUsers
2024-10-10 14:14:04 [http-nio-8080-exec-2] INFO  g.l.w.u.c.UserChangeLogController - call getAllUsersChangelog
2024-10-10 14:14:04 [http-nio-8080-exec-4] INFO  g.l.w.u.controllers.UserController - call getAllUsers
2024-10-10 14:14:18 [main] INFO  g.la.webserver.WebserverApplication - Starting WebserverApplication using Java 17.0.0.1 with PID 14888 (C:\nust\webserver\build\classes\java\main started by DDTSW Center in C:\nust\webserver)
2024-10-10 14:14:18 [main] DEBUG g.la.webserver.WebserverApplication - Running with Spring Boot v3.3.4, Spring v6.1.13
2024-10-10 14:14:18 [main] INFO  g.la.webserver.WebserverApplication - No active profile set, falling back to 1 default profile: "default"
2024-10-10 14:14:20 [main] INFO  o.s.d.r.c.RepositoryConfigurationDelegate - Bootstrapping Spring Data JPA repositories in DEFAULT mode.
2024-10-10 14:14:20 [main] INFO  o.s.d.r.c.RepositoryConfigurationDelegate - Finished Spring Data repository scanning in 207 ms. Found 2 JPA repository interfaces.
2024-10-10 14:14:21 [main] INFO  o.s.b.w.e.tomcat.TomcatWebServer - Tomcat initialized with port 8080 (http)
2024-10-10 14:14:21 [main] INFO  o.a.coyote.http11.Http11NioProtocol - Initializing ProtocolHandler ["http-nio-8080"]
2024-10-10 14:14:21 [main] INFO  o.a.catalina.core.StandardService - Starting service [Tomcat]
2024-10-10 14:14:21 [main] INFO  o.a.catalina.core.StandardEngine - Starting Servlet engine: [Apache Tomcat/10.1.30]
2024-10-10 14:14:21 [main] INFO  o.a.c.c.C.[Tomcat].[localhost].[/] - Initializing Spring embedded WebApplicationContext
2024-10-10 14:14:21 [main] INFO  o.s.b.w.s.c.ServletWebServerApplicationContext - Root WebApplicationContext: initialization completed in 3173 ms
2024-10-10 14:14:22 [main] INFO  com.zaxxer.hikari.HikariDataSource - HikariPool-1 - Starting...
2024-10-10 14:14:22 [main] INFO  com.zaxxer.hikari.pool.HikariPool - HikariPool-1 - Added connection conn0: url=jdbc:h2:mem:test user=SA
2024-10-10 14:14:22 [main] INFO  com.zaxxer.hikari.HikariDataSource - HikariPool-1 - Start completed.
2024-10-10 14:14:22 [main] INFO  o.s.b.a.h.H2ConsoleAutoConfiguration - H2 console available at '/h2-console'. Database available at 'jdbc:h2:mem:test'
2024-10-10 14:14:22 [main] INFO  o.h.jpa.internal.util.LogHelper - HHH000204: Processing PersistenceUnitInfo [name: default]
2024-10-10 14:14:22 [main] INFO  org.hibernate.Version - HHH000412: Hibernate ORM core version 6.5.3.Final
2024-10-10 14:14:22 [main] INFO  o.h.c.i.RegionFactoryInitiator - HHH000026: Second-level cache disabled
2024-10-10 14:14:23 [main] INFO  o.s.o.j.p.SpringPersistenceUnitInfo - No LoadTimeWeaver setup: ignoring JPA class transformer
2024-10-10 14:14:23 [main] WARN  org.hibernate.orm.deprecation - HHH90000025: H2Dialect does not need to be specified explicitly using 'hibernate.dialect' (remove the property setting and it will be selected by default)
2024-10-10 14:14:24 [main] INFO  o.h.e.t.j.p.i.JtaPlatformInitiator - HHH000489: No JTA platform available (set 'hibernate.transaction.jta.platform' to enable JTA platform integration)
2024-10-10 14:14:24 [main] INFO  o.s.o.j.LocalContainerEntityManagerFactoryBean - Initialized JPA EntityManagerFactory for persistence unit 'default'
2024-10-10 14:14:25 [main] INFO  o.s.s.c.a.a.c.InitializeUserDetailsBeanManagerConfigurer$InitializeUserDetailsManagerConfigurer - Global AuthenticationManager configured with UserDetailsService bean with name userLoginService
2024-10-10 14:14:25 [main] INFO  o.s.b.a.w.s.WelcomePageHandlerMapping - Adding welcome page template: index
2024-10-10 14:14:26 [main] INFO  o.s.b.a.e.web.EndpointLinksResolver - Exposing 15 endpoints beneath base path '/actuator'
2024-10-10 14:14:27 [main] INFO  o.a.coyote.http11.Http11NioProtocol - Starting ProtocolHandler ["http-nio-8080"]
2024-10-10 14:14:27 [main] INFO  o.s.b.w.e.tomcat.TomcatWebServer - Tomcat started on port 8080 (http) with context path '/'
2024-10-10 14:14:27 [main] INFO  g.la.webserver.WebserverApplication - Started WebserverApplication in 9.519 seconds (process running for 10.128)
2024-10-10 14:14:27 [registrationTask1] WARN  d.c.b.a.c.r.ApplicationRegistrator - Failed to register application as Application(name=spring-boot-application, managementUrl=http://host.docker.internal:8080/actuator, healthUrl=http://host.docker.internal:8080/actuator/health, serviceUrl=http://host.docker.internal:8080/) at spring-boot-admin ([http://localhost:8000/instances]): I/O error on POST request for "http://localhost:8000/instances": Connection refused: no further information. Further attempts are logged on DEBUG level
2024-10-10 14:16:56 [http-nio-8080-exec-1] INFO  o.a.c.c.C.[Tomcat].[localhost].[/] - Initializing Spring DispatcherServlet 'dispatcherServlet'
2024-10-10 14:16:56 [http-nio-8080-exec-1] INFO  o.s.web.servlet.DispatcherServlet - Initializing Servlet 'dispatcherServlet'
2024-10-10 14:16:56 [http-nio-8080-exec-1] INFO  o.s.web.servlet.DispatcherServlet - Completed initialization in 5 ms
2024-10-10 14:17:01 [http-nio-8080-exec-7] INFO  g.l.w.u.controllers.UserController - call getAllUsers
2024-10-10 14:17:01 [http-nio-8080-exec-8] INFO  g.l.w.u.c.UserChangeLogController - call getAllUsersChangelog
2024-10-10 14:17:40 [main] INFO  g.la.webserver.WebserverApplication - Starting WebserverApplication using Java 17.0.0.1 with PID 19664 (C:\nust\webserver\build\classes\java\main started by DDTSW Center in C:\nust\webserver)
2024-10-10 14:17:40 [main] DEBUG g.la.webserver.WebserverApplication - Running with Spring Boot v3.3.4, Spring v6.1.13
2024-10-10 14:17:40 [main] INFO  g.la.webserver.WebserverApplication - No active profile set, falling back to 1 default profile: "default"
2024-10-10 14:17:41 [main] INFO  o.s.d.r.c.RepositoryConfigurationDelegate - Bootstrapping Spring Data JPA repositories in DEFAULT mode.
2024-10-10 14:17:41 [main] INFO  o.s.d.r.c.RepositoryConfigurationDelegate - Finished Spring Data repository scanning in 229 ms. Found 2 JPA repository interfaces.
2024-10-10 14:17:43 [main] INFO  o.s.b.w.e.tomcat.TomcatWebServer - Tomcat initialized with port 8080 (http)
2024-10-10 14:17:43 [main] INFO  o.a.coyote.http11.Http11NioProtocol - Initializing ProtocolHandler ["http-nio-8080"]
2024-10-10 14:17:43 [main] INFO  o.a.catalina.core.StandardService - Starting service [Tomcat]
2024-10-10 14:17:43 [main] INFO  o.a.catalina.core.StandardEngine - Starting Servlet engine: [Apache Tomcat/10.1.30]
2024-10-10 14:17:43 [main] INFO  o.a.c.c.C.[Tomcat].[localhost].[/] - Initializing Spring embedded WebApplicationContext
2024-10-10 14:17:43 [main] INFO  o.s.b.w.s.c.ServletWebServerApplicationContext - Root WebApplicationContext: initialization completed in 3071 ms
2024-10-10 14:17:43 [main] INFO  com.zaxxer.hikari.HikariDataSource - HikariPool-1 - Starting...
2024-10-10 14:17:43 [main] INFO  com.zaxxer.hikari.pool.HikariPool - HikariPool-1 - Added connection conn0: url=jdbc:h2:mem:test user=SA
2024-10-10 14:17:43 [main] INFO  com.zaxxer.hikari.HikariDataSource - HikariPool-1 - Start completed.
2024-10-10 14:17:43 [main] INFO  o.s.b.a.h.H2ConsoleAutoConfiguration - H2 console available at '/h2-console'. Database available at 'jdbc:h2:mem:test'
2024-10-10 14:17:43 [main] INFO  o.h.jpa.internal.util.LogHelper - HHH000204: Processing PersistenceUnitInfo [name: default]
2024-10-10 14:17:44 [main] INFO  org.hibernate.Version - HHH000412: Hibernate ORM core version 6.5.3.Final
2024-10-10 14:17:44 [main] INFO  o.h.c.i.RegionFactoryInitiator - HHH000026: Second-level cache disabled
2024-10-10 14:17:44 [main] INFO  o.s.o.j.p.SpringPersistenceUnitInfo - No LoadTimeWeaver setup: ignoring JPA class transformer
2024-10-10 14:17:44 [main] WARN  org.hibernate.orm.deprecation - HHH90000025: H2Dialect does not need to be specified explicitly using 'hibernate.dialect' (remove the property setting and it will be selected by default)
2024-10-10 14:17:45 [main] INFO  o.h.e.t.j.p.i.JtaPlatformInitiator - HHH000489: No JTA platform available (set 'hibernate.transaction.jta.platform' to enable JTA platform integration)
2024-10-10 14:17:45 [main] INFO  o.s.o.j.LocalContainerEntityManagerFactoryBean - Initialized JPA EntityManagerFactory for persistence unit 'default'
2024-10-10 14:17:46 [main] INFO  o.s.s.c.a.a.c.InitializeUserDetailsBeanManagerConfigurer$InitializeUserDetailsManagerConfigurer - Global AuthenticationManager configured with UserDetailsService bean with name userLoginService
2024-10-10 14:17:46 [main] INFO  o.s.b.a.w.s.WelcomePageHandlerMapping - Adding welcome page template: index
2024-10-10 14:17:47 [main] INFO  o.s.b.a.e.web.EndpointLinksResolver - Exposing 15 endpoints beneath base path '/actuator'
2024-10-10 14:17:48 [main] INFO  o.a.coyote.http11.Http11NioProtocol - Starting ProtocolHandler ["http-nio-8080"]
2024-10-10 14:17:48 [main] INFO  o.s.b.w.e.tomcat.TomcatWebServer - Tomcat started on port 8080 (http) with context path '/'
2024-10-10 14:17:48 [main] INFO  g.la.webserver.WebserverApplication - Started WebserverApplication in 9.418 seconds (process running for 9.956)
2024-10-10 14:17:48 [registrationTask1] WARN  d.c.b.a.c.r.ApplicationRegistrator - Failed to register application as Application(name=spring-boot-application, managementUrl=http://host.docker.internal:8080/actuator, healthUrl=http://host.docker.internal:8080/actuator/health, serviceUrl=http://host.docker.internal:8080/) at spring-boot-admin ([http://localhost:8000/instances]): I/O error on POST request for "http://localhost:8000/instances": Connection refused: no further information. Further attempts are logged on DEBUG level
2024-10-10 14:17:54 [http-nio-8080-exec-1] INFO  o.a.c.c.C.[Tomcat].[localhost].[/] - Initializing Spring DispatcherServlet 'dispatcherServlet'
2024-10-10 14:17:54 [http-nio-8080-exec-1] INFO  o.s.web.servlet.DispatcherServlet - Initializing Servlet 'dispatcherServlet'
2024-10-10 14:17:54 [http-nio-8080-exec-1] INFO  o.s.web.servlet.DispatcherServlet - Completed initialization in 0 ms
2024-10-10 14:17:59 [http-nio-8080-exec-8] INFO  g.l.w.u.controllers.UserController - call getAllUsers
2024-10-10 14:17:59 [http-nio-8080-exec-7] INFO  g.l.w.u.c.UserChangeLogController - call getAllUsersChangelog
2024-10-10 14:31:24 [main] INFO  g.la.webserver.WebserverApplication - Starting WebserverApplication using Java 17.0.0.1 with PID 10404 (C:\nust\webserver\build\classes\java\main started by DDTSW Center in C:\nust\webserver)
2024-10-10 14:31:24 [main] DEBUG g.la.webserver.WebserverApplication - Running with Spring Boot v3.3.4, Spring v6.1.13
2024-10-10 14:31:24 [main] INFO  g.la.webserver.WebserverApplication - No active profile set, falling back to 1 default profile: "default"
2024-10-10 14:31:26 [main] INFO  o.s.d.r.c.RepositoryConfigurationDelegate - Bootstrapping Spring Data JPA repositories in DEFAULT mode.
2024-10-10 14:31:26 [main] INFO  o.s.d.r.c.RepositoryConfigurationDelegate - Finished Spring Data repository scanning in 214 ms. Found 2 JPA repository interfaces.
2024-10-10 14:31:28 [main] INFO  o.s.b.w.e.tomcat.TomcatWebServer - Tomcat initialized with port 8080 (http)
2024-10-10 14:31:28 [main] INFO  o.a.coyote.http11.Http11NioProtocol - Initializing ProtocolHandler ["http-nio-8080"]
2024-10-10 14:31:28 [main] INFO  o.a.catalina.core.StandardService - Starting service [Tomcat]
2024-10-10 14:31:28 [main] INFO  o.a.catalina.core.StandardEngine - Starting Servlet engine: [Apache Tomcat/10.1.30]
2024-10-10 14:31:28 [main] INFO  o.a.c.c.C.[Tomcat].[localhost].[/] - Initializing Spring embedded WebApplicationContext
2024-10-10 14:31:28 [main] INFO  o.s.b.w.s.c.ServletWebServerApplicationContext - Root WebApplicationContext: initialization completed in 3256 ms
2024-10-10 14:31:28 [main] INFO  com.zaxxer.hikari.HikariDataSource - HikariPool-1 - Starting...
2024-10-10 14:31:28 [main] INFO  com.zaxxer.hikari.pool.HikariPool - HikariPool-1 - Added connection conn0: url=jdbc:h2:mem:test user=SA
2024-10-10 14:31:28 [main] INFO  com.zaxxer.hikari.HikariDataSource - HikariPool-1 - Start completed.
2024-10-10 14:31:28 [main] INFO  o.s.b.a.h.H2ConsoleAutoConfiguration - H2 console available at '/h2-console'. Database available at 'jdbc:h2:mem:test'
2024-10-10 14:31:29 [main] INFO  o.h.jpa.internal.util.LogHelper - HHH000204: Processing PersistenceUnitInfo [name: default]
2024-10-10 14:31:29 [main] INFO  org.hibernate.Version - HHH000412: Hibernate ORM core version 6.5.3.Final
2024-10-10 14:31:29 [main] INFO  o.h.c.i.RegionFactoryInitiator - HHH000026: Second-level cache disabled
2024-10-10 14:31:29 [main] INFO  o.s.o.j.p.SpringPersistenceUnitInfo - No LoadTimeWeaver setup: ignoring JPA class transformer
2024-10-10 14:31:29 [main] WARN  org.hibernate.orm.deprecation - HHH90000025: H2Dialect does not need to be specified explicitly using 'hibernate.dialect' (remove the property setting and it will be selected by default)
2024-10-10 14:31:30 [main] INFO  o.h.e.t.j.p.i.JtaPlatformInitiator - HHH000489: No JTA platform available (set 'hibernate.transaction.jta.platform' to enable JTA platform integration)
2024-10-10 14:31:30 [main] INFO  o.s.o.j.LocalContainerEntityManagerFactoryBean - Initialized JPA EntityManagerFactory for persistence unit 'default'
2024-10-10 14:31:31 [main] INFO  o.s.s.c.a.a.c.InitializeUserDetailsBeanManagerConfigurer$InitializeUserDetailsManagerConfigurer - Global AuthenticationManager configured with UserDetailsService bean with name userLoginService
2024-10-10 14:31:31 [main] INFO  o.s.b.a.w.s.WelcomePageHandlerMapping - Adding welcome page template: index
2024-10-10 14:31:32 [main] INFO  o.s.b.a.e.web.EndpointLinksResolver - Exposing 15 endpoints beneath base path '/actuator'
2024-10-10 14:31:33 [main] INFO  o.a.coyote.http11.Http11NioProtocol - Starting ProtocolHandler ["http-nio-8080"]
2024-10-10 14:31:33 [main] INFO  o.s.b.w.e.tomcat.TomcatWebServer - Tomcat started on port 8080 (http) with context path '/'
2024-10-10 14:31:33 [main] INFO  g.la.webserver.WebserverApplication - Started WebserverApplication in 9.285 seconds (process running for 9.831)
2024-10-10 14:31:33 [registrationTask1] WARN  d.c.b.a.c.r.ApplicationRegistrator - Failed to register application as Application(name=spring-boot-application, managementUrl=http://host.docker.internal:8080/actuator, healthUrl=http://host.docker.internal:8080/actuator/health, serviceUrl=http://host.docker.internal:8080/) at spring-boot-admin ([http://localhost:8000/instances]): I/O error on POST request for "http://localhost:8000/instances": Connection refused: no further information. Further attempts are logged on DEBUG level
2024-10-10 14:42:22 [http-nio-8080-exec-1] INFO  o.a.c.c.C.[Tomcat].[localhost].[/] - Initializing Spring DispatcherServlet 'dispatcherServlet'
2024-10-10 14:42:22 [http-nio-8080-exec-1] INFO  o.s.web.servlet.DispatcherServlet - Initializing Servlet 'dispatcherServlet'
2024-10-10 14:42:22 [http-nio-8080-exec-1] INFO  o.s.web.servlet.DispatcherServlet - Completed initialization in 8 ms
2024-10-10 14:42:23 [http-nio-8080-exec-4] INFO  o.s.api.AbstractOpenApiResource - Init duration for springdoc-openapi is: 678 ms
2024-10-10 14:42:46 [http-nio-8080-exec-6] INFO  g.l.w.u.controllers.UserController - call getAllUsers
2024-10-10 14:43:17 [http-nio-8080-exec-7] INFO  g.l.w.u.c.UserChangeLogController - call getAllUsersChangelog
2024-10-10 14:47:34 [http-nio-8080-exec-1] INFO  g.l.w.u.c.UserChangeLogController - call getAllUsersChangelog
2024-10-10 14:48:44 [main] INFO  g.la.webserver.WebserverApplication - Starting WebserverApplication using Java 17.0.0.1 with PID 2932 (C:\nust\webserver\build\classes\java\main started by DDTSW Center in C:\nust\webserver)
2024-10-10 14:48:44 [main] DEBUG g.la.webserver.WebserverApplication - Running with Spring Boot v3.3.4, Spring v6.1.13
2024-10-10 14:48:44 [main] INFO  g.la.webserver.WebserverApplication - No active profile set, falling back to 1 default profile: "default"
2024-10-10 14:48:46 [main] INFO  o.s.d.r.c.RepositoryConfigurationDelegate - Bootstrapping Spring Data JPA repositories in DEFAULT mode.
2024-10-10 14:48:46 [main] INFO  o.s.d.r.c.RepositoryConfigurationDelegate - Finished Spring Data repository scanning in 210 ms. Found 2 JPA repository interfaces.
2024-10-10 14:48:47 [main] INFO  o.s.b.w.e.tomcat.TomcatWebServer - Tomcat initialized with port 8080 (http)
2024-10-10 14:48:47 [main] INFO  o.a.coyote.http11.Http11NioProtocol - Initializing ProtocolHandler ["http-nio-8080"]
2024-10-10 14:48:47 [main] INFO  o.a.catalina.core.StandardService - Starting service [Tomcat]
2024-10-10 14:48:47 [main] INFO  o.a.catalina.core.StandardEngine - Starting Servlet engine: [Apache Tomcat/10.1.30]
2024-10-10 14:48:47 [main] INFO  o.a.c.c.C.[Tomcat].[localhost].[/] - Initializing Spring embedded WebApplicationContext
2024-10-10 14:48:47 [main] INFO  o.s.b.w.s.c.ServletWebServerApplicationContext - Root WebApplicationContext: initialization completed in 3358 ms
2024-10-10 14:48:48 [main] INFO  com.zaxxer.hikari.HikariDataSource - HikariPool-1 - Starting...
2024-10-10 14:48:48 [main] INFO  com.zaxxer.hikari.pool.HikariPool - HikariPool-1 - Added connection conn0: url=jdbc:h2:mem:test user=SA
2024-10-10 14:48:48 [main] INFO  com.zaxxer.hikari.HikariDataSource - HikariPool-1 - Start completed.
2024-10-10 14:48:48 [main] INFO  o.s.b.a.h.H2ConsoleAutoConfiguration - H2 console available at '/h2-console'. Database available at 'jdbc:h2:mem:test'
2024-10-10 14:48:49 [main] INFO  o.h.jpa.internal.util.LogHelper - HHH000204: Processing PersistenceUnitInfo [name: default]
2024-10-10 14:48:49 [main] INFO  org.hibernate.Version - HHH000412: Hibernate ORM core version 6.5.3.Final
2024-10-10 14:48:49 [main] INFO  o.h.c.i.RegionFactoryInitiator - HHH000026: Second-level cache disabled
2024-10-10 14:48:49 [main] INFO  o.s.o.j.p.SpringPersistenceUnitInfo - No LoadTimeWeaver setup: ignoring JPA class transformer
2024-10-10 14:48:49 [main] WARN  org.hibernate.orm.deprecation - HHH90000025: H2Dialect does not need to be specified explicitly using 'hibernate.dialect' (remove the property setting and it will be selected by default)
2024-10-10 14:48:51 [main] INFO  o.h.e.t.j.p.i.JtaPlatformInitiator - HHH000489: No JTA platform available (set 'hibernate.transaction.jta.platform' to enable JTA platform integration)
2024-10-10 14:48:52 [main] INFO  o.s.o.j.LocalContainerEntityManagerFactoryBean - Initialized JPA EntityManagerFactory for persistence unit 'default'
2024-10-10 14:48:53 [main] INFO  o.s.s.c.a.a.c.InitializeUserDetailsBeanManagerConfigurer$InitializeUserDetailsManagerConfigurer - Global AuthenticationManager configured with UserDetailsService bean with name userLoginService
2024-10-10 14:48:53 [main] INFO  o.s.b.a.w.s.WelcomePageHandlerMapping - Adding welcome page template: index
2024-10-10 14:48:54 [main] INFO  o.s.b.a.e.web.EndpointLinksResolver - Exposing 15 endpoints beneath base path '/actuator'
2024-10-10 14:48:56 [main] INFO  o.a.coyote.http11.Http11NioProtocol - Starting ProtocolHandler ["http-nio-8080"]
2024-10-10 14:48:56 [main] INFO  o.s.b.w.e.tomcat.TomcatWebServer - Tomcat started on port 8080 (http) with context path '/'
2024-10-10 14:48:56 [main] INFO  g.la.webserver.WebserverApplication - Started WebserverApplication in 13.293 seconds (process running for 13.877)
2024-10-10 14:48:57 [registrationTask1] WARN  d.c.b.a.c.r.ApplicationRegistrator - Failed to register application as Application(name=spring-boot-application, managementUrl=http://host.docker.internal:8080/actuator, healthUrl=http://host.docker.internal:8080/actuator/health, serviceUrl=http://host.docker.internal:8080/) at spring-boot-admin ([http://localhost:8000/instances]): I/O error on POST request for "http://localhost:8000/instances": Connection refused: no further information. Further attempts are logged on DEBUG level
2024-10-10 14:49:06 [http-nio-8080-exec-2] INFO  o.a.c.c.C.[Tomcat].[localhost].[/] - Initializing Spring DispatcherServlet 'dispatcherServlet'
2024-10-10 14:49:06 [http-nio-8080-exec-2] INFO  o.s.web.servlet.DispatcherServlet - Initializing Servlet 'dispatcherServlet'
2024-10-10 14:49:06 [http-nio-8080-exec-2] INFO  o.s.web.servlet.DispatcherServlet - Completed initialization in 0 ms
2024-10-10 14:49:07 [http-nio-8080-exec-2] INFO  g.l.w.u.controllers.UserController - call UpdatedUsers >>>id >>> 1/ name >> starbuck / age >> 21 /nickname >>Member
2024-10-10 14:49:18 [http-nio-8080-exec-3] INFO  g.l.w.u.c.UserChangeLogController - call getAllUsersChangelog
2024-10-10 14:49:47 [http-nio-8080-exec-4] INFO  g.l.w.u.c.UserChangeLogController - call getAllUsersChangelog
2024-10-10 14:50:00 [http-nio-8080-exec-1] INFO  g.l.w.u.controllers.UserController - call getAllUsers
2024-10-10 14:50:00 [http-nio-8080-exec-2] INFO  g.l.w.u.c.UserChangeLogController - call getAllUsersChangelog
2024-10-10 14:57:24 [HikariPool-1 housekeeper] WARN  com.zaxxer.hikari.pool.HikariPool - HikariPool-1 - Thread starvation or clock leap detected (housekeeper delta=1m35s400ms817탎).
2024-10-10 15:07:21 [main] INFO  g.la.webserver.WebserverApplication - Starting WebserverApplication using Java 17.0.0.1 with PID 3560 (C:\nust\webserver\build\classes\java\main started by DDTSW Center in C:\nust\webserver)
2024-10-10 15:07:21 [main] DEBUG g.la.webserver.WebserverApplication - Running with Spring Boot v3.3.4, Spring v6.1.13
2024-10-10 15:07:21 [main] INFO  g.la.webserver.WebserverApplication - No active profile set, falling back to 1 default profile: "default"
2024-10-10 15:07:23 [main] INFO  o.s.d.r.c.RepositoryConfigurationDelegate - Bootstrapping Spring Data JPA repositories in DEFAULT mode.
2024-10-10 15:07:23 [main] INFO  o.s.d.r.c.RepositoryConfigurationDelegate - Finished Spring Data repository scanning in 208 ms. Found 2 JPA repository interfaces.
2024-10-10 15:07:24 [main] INFO  o.s.b.w.e.tomcat.TomcatWebServer - Tomcat initialized with port 8080 (http)
2024-10-10 15:07:24 [main] INFO  o.a.coyote.http11.Http11NioProtocol - Initializing ProtocolHandler ["http-nio-8080"]
2024-10-10 15:07:24 [main] INFO  o.a.catalina.core.StandardService - Starting service [Tomcat]
2024-10-10 15:07:24 [main] INFO  o.a.catalina.core.StandardEngine - Starting Servlet engine: [Apache Tomcat/10.1.30]
2024-10-10 15:07:24 [main] INFO  o.a.c.c.C.[Tomcat].[localhost].[/] - Initializing Spring embedded WebApplicationContext
2024-10-10 15:07:24 [main] INFO  o.s.b.w.s.c.ServletWebServerApplicationContext - Root WebApplicationContext: initialization completed in 3133 ms
2024-10-10 15:07:24 [main] INFO  com.zaxxer.hikari.HikariDataSource - HikariPool-1 - Starting...
2024-10-10 15:07:24 [main] INFO  com.zaxxer.hikari.pool.HikariPool - HikariPool-1 - Added connection conn0: url=jdbc:h2:mem:test user=SA
2024-10-10 15:07:24 [main] INFO  com.zaxxer.hikari.HikariDataSource - HikariPool-1 - Start completed.
2024-10-10 15:07:24 [main] INFO  o.s.b.a.h.H2ConsoleAutoConfiguration - H2 console available at '/h2-console'. Database available at 'jdbc:h2:mem:test'
2024-10-10 15:07:25 [main] INFO  o.h.jpa.internal.util.LogHelper - HHH000204: Processing PersistenceUnitInfo [name: default]
2024-10-10 15:07:25 [main] INFO  org.hibernate.Version - HHH000412: Hibernate ORM core version 6.5.3.Final
2024-10-10 15:07:25 [main] INFO  o.h.c.i.RegionFactoryInitiator - HHH000026: Second-level cache disabled
2024-10-10 15:07:25 [main] INFO  o.s.o.j.p.SpringPersistenceUnitInfo - No LoadTimeWeaver setup: ignoring JPA class transformer
2024-10-10 15:07:25 [main] WARN  org.hibernate.orm.deprecation - HHH90000025: H2Dialect does not need to be specified explicitly using 'hibernate.dialect' (remove the property setting and it will be selected by default)
2024-10-10 15:07:27 [main] INFO  o.h.e.t.j.p.i.JtaPlatformInitiator - HHH000489: No JTA platform available (set 'hibernate.transaction.jta.platform' to enable JTA platform integration)
2024-10-10 15:07:27 [main] INFO  o.s.o.j.LocalContainerEntityManagerFactoryBean - Initialized JPA EntityManagerFactory for persistence unit 'default'
2024-10-10 15:07:27 [main] INFO  o.s.s.c.a.a.c.InitializeUserDetailsBeanManagerConfigurer$InitializeUserDetailsManagerConfigurer - Global AuthenticationManager configured with UserDetailsService bean with name userLoginService
2024-10-10 15:07:27 [main] INFO  o.s.b.a.w.s.WelcomePageHandlerMapping - Adding welcome page template: index
2024-10-10 15:07:28 [main] INFO  o.s.b.a.e.web.EndpointLinksResolver - Exposing 15 endpoints beneath base path '/actuator'
2024-10-10 15:07:29 [main] INFO  o.a.coyote.http11.Http11NioProtocol - Starting ProtocolHandler ["http-nio-8080"]
2024-10-10 15:07:29 [main] INFO  o.s.b.w.e.tomcat.TomcatWebServer - Tomcat started on port 8080 (http) with context path '/'
2024-10-10 15:07:29 [main] INFO  g.la.webserver.WebserverApplication - Started WebserverApplication in 9.252 seconds (process running for 9.805)
2024-10-10 15:07:29 [registrationTask1] WARN  d.c.b.a.c.r.ApplicationRegistrator - Failed to register application as Application(name=spring-boot-application, managementUrl=http://host.docker.internal:8080/actuator, healthUrl=http://host.docker.internal:8080/actuator/health, serviceUrl=http://host.docker.internal:8080/) at spring-boot-admin ([http://localhost:8000/instances]): I/O error on POST request for "http://localhost:8000/instances": Connection refused: no further information. Further attempts are logged on DEBUG level
2024-10-10 15:08:33 [http-nio-8080-exec-2] INFO  o.a.c.c.C.[Tomcat].[localhost].[/] - Initializing Spring DispatcherServlet 'dispatcherServlet'
2024-10-10 15:08:33 [http-nio-8080-exec-2] INFO  o.s.web.servlet.DispatcherServlet - Initializing Servlet 'dispatcherServlet'
2024-10-10 15:08:33 [http-nio-8080-exec-2] INFO  o.s.web.servlet.DispatcherServlet - Completed initialization in 0 ms
2024-10-10 15:08:34 [http-nio-8080-exec-2] INFO  g.l.w.u.controllers.UserController - call UpdatedUsers >>>id >>> 1/ name >> amezon / age >> 29 /nickname >>NewMember
2024-10-10 15:08:48 [http-nio-8080-exec-3] INFO  g.l.w.u.c.UserChangeLogController - call getAllUsersChangelog
2024-10-10 15:12:32 [http-nio-8080-exec-2] INFO  g.l.w.u.controllers.UserController - call getAllUsers
2024-10-10 15:12:32 [http-nio-8080-exec-1] INFO  g.l.w.u.c.UserChangeLogController - call getAllUsersChangelog
2024-10-10 15:12:40 [http-nio-8080-exec-9] INFO  g.l.w.u.c.UserChangeLogController - call getAllUsersChangelog
2024-10-10 15:12:40 [http-nio-8080-exec-8] INFO  g.l.w.u.controllers.UserController - call getAllUsers
2024-10-10 15:23:30 [HikariPool-1 housekeeper] WARN  com.zaxxer.hikari.pool.HikariPool - HikariPool-1 - Thread starvation or clock leap detected (housekeeper delta=1m4s917ms686탎200ns).
2024-10-10 15:25:59 [main] INFO  g.la.webserver.WebserverApplication - Starting WebserverApplication using Java 17.0.0.1 with PID 6828 (C:\nust\webserver\build\classes\java\main started by DDTSW Center in C:\nust\webserver)
2024-10-10 15:25:59 [main] DEBUG g.la.webserver.WebserverApplication - Running with Spring Boot v3.3.4, Spring v6.1.13
2024-10-10 15:25:59 [main] INFO  g.la.webserver.WebserverApplication - No active profile set, falling back to 1 default profile: "default"
2024-10-10 15:26:01 [main] INFO  o.s.d.r.c.RepositoryConfigurationDelegate - Bootstrapping Spring Data JPA repositories in DEFAULT mode.
2024-10-10 15:26:01 [main] INFO  o.s.d.r.c.RepositoryConfigurationDelegate - Finished Spring Data repository scanning in 240 ms. Found 2 JPA repository interfaces.
2024-10-10 15:26:02 [main] INFO  o.s.b.w.e.tomcat.TomcatWebServer - Tomcat initialized with port 8080 (http)
2024-10-10 15:26:02 [main] INFO  o.a.coyote.http11.Http11NioProtocol - Initializing ProtocolHandler ["http-nio-8080"]
2024-10-10 15:26:02 [main] INFO  o.a.catalina.core.StandardService - Starting service [Tomcat]
2024-10-10 15:26:02 [main] INFO  o.a.catalina.core.StandardEngine - Starting Servlet engine: [Apache Tomcat/10.1.30]
2024-10-10 15:26:02 [main] INFO  o.a.c.c.C.[Tomcat].[localhost].[/] - Initializing Spring embedded WebApplicationContext
2024-10-10 15:26:02 [main] INFO  o.s.b.w.s.c.ServletWebServerApplicationContext - Root WebApplicationContext: initialization completed in 3178 ms
2024-10-10 15:26:02 [main] INFO  com.zaxxer.hikari.HikariDataSource - HikariPool-1 - Starting...
2024-10-10 15:26:03 [main] INFO  com.zaxxer.hikari.pool.HikariPool - HikariPool-1 - Added connection conn0: url=jdbc:h2:mem:test user=SA
2024-10-10 15:26:03 [main] INFO  com.zaxxer.hikari.HikariDataSource - HikariPool-1 - Start completed.
2024-10-10 15:26:03 [main] INFO  o.s.b.a.h.H2ConsoleAutoConfiguration - H2 console available at '/h2-console'. Database available at 'jdbc:h2:mem:test'
2024-10-10 15:26:03 [main] INFO  o.h.jpa.internal.util.LogHelper - HHH000204: Processing PersistenceUnitInfo [name: default]
2024-10-10 15:26:03 [main] INFO  org.hibernate.Version - HHH000412: Hibernate ORM core version 6.5.3.Final
2024-10-10 15:26:03 [main] INFO  o.h.c.i.RegionFactoryInitiator - HHH000026: Second-level cache disabled
2024-10-10 15:26:03 [main] INFO  o.s.o.j.p.SpringPersistenceUnitInfo - No LoadTimeWeaver setup: ignoring JPA class transformer
2024-10-10 15:26:03 [main] WARN  org.hibernate.orm.deprecation - HHH90000025: H2Dialect does not need to be specified explicitly using 'hibernate.dialect' (remove the property setting and it will be selected by default)
2024-10-10 15:26:05 [main] INFO  o.h.e.t.j.p.i.JtaPlatformInitiator - HHH000489: No JTA platform available (set 'hibernate.transaction.jta.platform' to enable JTA platform integration)
2024-10-10 15:26:05 [main] INFO  o.s.o.j.LocalContainerEntityManagerFactoryBean - Initialized JPA EntityManagerFactory for persistence unit 'default'
2024-10-10 15:26:06 [main] INFO  o.s.s.c.a.a.c.InitializeUserDetailsBeanManagerConfigurer$InitializeUserDetailsManagerConfigurer - Global AuthenticationManager configured with UserDetailsService bean with name userLoginService
2024-10-10 15:26:06 [main] INFO  o.s.b.a.w.s.WelcomePageHandlerMapping - Adding welcome page template: index
2024-10-10 15:26:06 [main] INFO  o.s.b.a.e.web.EndpointLinksResolver - Exposing 15 endpoints beneath base path '/actuator'
2024-10-10 15:26:07 [main] INFO  o.a.coyote.http11.Http11NioProtocol - Starting ProtocolHandler ["http-nio-8080"]
2024-10-10 15:26:07 [main] INFO  o.s.b.w.e.tomcat.TomcatWebServer - Tomcat started on port 8080 (http) with context path '/'
2024-10-10 15:26:07 [main] INFO  g.la.webserver.WebserverApplication - Started WebserverApplication in 9.419 seconds (process running for 9.928)
2024-10-10 15:26:08 [registrationTask1] WARN  d.c.b.a.c.r.ApplicationRegistrator - Failed to register application as Application(name=spring-boot-application, managementUrl=http://host.docker.internal:8080/actuator, healthUrl=http://host.docker.internal:8080/actuator/health, serviceUrl=http://host.docker.internal:8080/) at spring-boot-admin ([http://localhost:8000/instances]): I/O error on POST request for "http://localhost:8000/instances": Connection refused: no further information. Further attempts are logged on DEBUG level
2024-10-10 15:30:07 [HikariPool-1 housekeeper] WARN  com.zaxxer.hikari.pool.HikariPool - HikariPool-1 - Thread starvation or clock leap detected (housekeeper delta=1m4s659ms472탎900ns).
2024-10-10 15:30:32 [main] INFO  g.la.webserver.WebserverApplication - Starting WebserverApplication using Java 17.0.0.1 with PID 7564 (C:\nust\webserver\build\classes\java\main started by DDTSW Center in C:\nust\webserver)
2024-10-10 15:30:32 [main] DEBUG g.la.webserver.WebserverApplication - Running with Spring Boot v3.3.4, Spring v6.1.13
2024-10-10 15:30:32 [main] INFO  g.la.webserver.WebserverApplication - No active profile set, falling back to 1 default profile: "default"
2024-10-10 15:30:34 [main] INFO  o.s.d.r.c.RepositoryConfigurationDelegate - Bootstrapping Spring Data JPA repositories in DEFAULT mode.
2024-10-10 15:30:34 [main] INFO  o.s.d.r.c.RepositoryConfigurationDelegate - Finished Spring Data repository scanning in 281 ms. Found 2 JPA repository interfaces.
2024-10-10 15:30:36 [main] INFO  o.s.b.w.e.tomcat.TomcatWebServer - Tomcat initialized with port 8080 (http)
2024-10-10 15:30:36 [main] INFO  o.a.coyote.http11.Http11NioProtocol - Initializing ProtocolHandler ["http-nio-8080"]
2024-10-10 15:30:36 [main] INFO  o.a.catalina.core.StandardService - Starting service [Tomcat]
2024-10-10 15:30:36 [main] INFO  o.a.catalina.core.StandardEngine - Starting Servlet engine: [Apache Tomcat/10.1.30]
2024-10-10 15:30:36 [main] INFO  o.a.c.c.C.[Tomcat].[localhost].[/] - Initializing Spring embedded WebApplicationContext
2024-10-10 15:30:36 [main] INFO  o.s.b.w.s.c.ServletWebServerApplicationContext - Root WebApplicationContext: initialization completed in 3318 ms
2024-10-10 15:30:36 [main] INFO  com.zaxxer.hikari.HikariDataSource - HikariPool-1 - Starting...
2024-10-10 15:30:36 [main] INFO  com.zaxxer.hikari.pool.HikariPool - HikariPool-1 - Added connection conn0: url=jdbc:h2:mem:test user=SA
2024-10-10 15:30:36 [main] INFO  com.zaxxer.hikari.HikariDataSource - HikariPool-1 - Start completed.
2024-10-10 15:30:36 [main] INFO  o.s.b.a.h.H2ConsoleAutoConfiguration - H2 console available at '/h2-console'. Database available at 'jdbc:h2:mem:test'
2024-10-10 15:30:37 [main] INFO  o.h.jpa.internal.util.LogHelper - HHH000204: Processing PersistenceUnitInfo [name: default]
2024-10-10 15:30:37 [main] INFO  org.hibernate.Version - HHH000412: Hibernate ORM core version 6.5.3.Final
2024-10-10 15:30:37 [main] INFO  o.h.c.i.RegionFactoryInitiator - HHH000026: Second-level cache disabled
2024-10-10 15:30:37 [main] INFO  o.s.o.j.p.SpringPersistenceUnitInfo - No LoadTimeWeaver setup: ignoring JPA class transformer
2024-10-10 15:30:37 [main] WARN  org.hibernate.orm.deprecation - HHH90000025: H2Dialect does not need to be specified explicitly using 'hibernate.dialect' (remove the property setting and it will be selected by default)
2024-10-10 15:30:39 [main] INFO  o.h.e.t.j.p.i.JtaPlatformInitiator - HHH000489: No JTA platform available (set 'hibernate.transaction.jta.platform' to enable JTA platform integration)
2024-10-10 15:30:39 [main] INFO  o.s.o.j.LocalContainerEntityManagerFactoryBean - Initialized JPA EntityManagerFactory for persistence unit 'default'
2024-10-10 15:30:40 [main] INFO  o.s.s.c.a.a.c.InitializeUserDetailsBeanManagerConfigurer$InitializeUserDetailsManagerConfigurer - Global AuthenticationManager configured with UserDetailsService bean with name userLoginService
2024-10-10 15:30:40 [main] INFO  o.s.b.a.w.s.WelcomePageHandlerMapping - Adding welcome page template: index
2024-10-10 15:30:41 [main] INFO  o.s.b.a.e.web.EndpointLinksResolver - Exposing 15 endpoints beneath base path '/actuator'
2024-10-10 15:30:43 [main] INFO  o.a.coyote.http11.Http11NioProtocol - Starting ProtocolHandler ["http-nio-8080"]
2024-10-10 15:30:43 [main] INFO  o.s.b.w.e.tomcat.TomcatWebServer - Tomcat started on port 8080 (http) with context path '/'
2024-10-10 15:30:43 [main] INFO  g.la.webserver.WebserverApplication - Started WebserverApplication in 11.781 seconds (process running for 12.381)
2024-10-10 15:30:43 [registrationTask1] WARN  d.c.b.a.c.r.ApplicationRegistrator - Failed to register application as Application(name=spring-boot-application, managementUrl=http://host.docker.internal:8080/actuator, healthUrl=http://host.docker.internal:8080/actuator/health, serviceUrl=http://host.docker.internal:8080/) at spring-boot-admin ([http://localhost:8000/instances]): I/O error on POST request for "http://localhost:8000/instances": Connection refused: no further information. Further attempts are logged on DEBUG level
2024-10-10 15:30:47 [http-nio-8080-exec-1] INFO  o.a.c.c.C.[Tomcat].[localhost].[/] - Initializing Spring DispatcherServlet 'dispatcherServlet'
2024-10-10 15:30:47 [http-nio-8080-exec-1] INFO  o.s.web.servlet.DispatcherServlet - Initializing Servlet 'dispatcherServlet'
2024-10-10 15:30:47 [http-nio-8080-exec-1] INFO  o.s.web.servlet.DispatcherServlet - Completed initialization in 0 ms
2024-10-10 15:30:53 [http-nio-8080-exec-8] INFO  g.l.w.u.c.UserChangeLogController - call getAllUsersChangelog
2024-10-10 15:30:53 [http-nio-8080-exec-7] INFO  g.l.w.u.controllers.UserController - call getAllUsers
2024-10-10 15:34:46 [main] INFO  g.la.webserver.WebserverApplication - Starting WebserverApplication using Java 17.0.0.1 with PID 16608 (C:\nust\webserver\build\classes\java\main started by DDTSW Center in C:\nust\webserver)
2024-10-10 15:34:46 [main] DEBUG g.la.webserver.WebserverApplication - Running with Spring Boot v3.3.4, Spring v6.1.13
2024-10-10 15:34:46 [main] INFO  g.la.webserver.WebserverApplication - No active profile set, falling back to 1 default profile: "default"
2024-10-10 15:34:48 [main] INFO  o.s.d.r.c.RepositoryConfigurationDelegate - Bootstrapping Spring Data JPA repositories in DEFAULT mode.
2024-10-10 15:34:48 [main] INFO  o.s.d.r.c.RepositoryConfigurationDelegate - Finished Spring Data repository scanning in 228 ms. Found 2 JPA repository interfaces.
2024-10-10 15:34:49 [main] INFO  o.s.b.w.e.tomcat.TomcatWebServer - Tomcat initialized with port 8080 (http)
2024-10-10 15:34:50 [main] INFO  o.a.coyote.http11.Http11NioProtocol - Initializing ProtocolHandler ["http-nio-8080"]
2024-10-10 15:34:50 [main] INFO  o.a.catalina.core.StandardService - Starting service [Tomcat]
2024-10-10 15:34:50 [main] INFO  o.a.catalina.core.StandardEngine - Starting Servlet engine: [Apache Tomcat/10.1.30]
2024-10-10 15:34:50 [main] INFO  o.a.c.c.C.[Tomcat].[localhost].[/] - Initializing Spring embedded WebApplicationContext
2024-10-10 15:34:50 [main] INFO  o.s.b.w.s.c.ServletWebServerApplicationContext - Root WebApplicationContext: initialization completed in 3512 ms
2024-10-10 15:34:50 [main] INFO  com.zaxxer.hikari.HikariDataSource - HikariPool-1 - Starting...
2024-10-10 15:34:50 [main] INFO  com.zaxxer.hikari.pool.HikariPool - HikariPool-1 - Added connection conn0: url=jdbc:h2:mem:test user=SA
2024-10-10 15:34:50 [main] INFO  com.zaxxer.hikari.HikariDataSource - HikariPool-1 - Start completed.
2024-10-10 15:34:50 [main] INFO  o.s.b.a.h.H2ConsoleAutoConfiguration - H2 console available at '/h2-console'. Database available at 'jdbc:h2:mem:test'
2024-10-10 15:34:50 [main] INFO  o.h.jpa.internal.util.LogHelper - HHH000204: Processing PersistenceUnitInfo [name: default]
2024-10-10 15:34:50 [main] INFO  org.hibernate.Version - HHH000412: Hibernate ORM core version 6.5.3.Final
2024-10-10 15:34:50 [main] INFO  o.h.c.i.RegionFactoryInitiator - HHH000026: Second-level cache disabled
2024-10-10 15:34:51 [main] INFO  o.s.o.j.p.SpringPersistenceUnitInfo - No LoadTimeWeaver setup: ignoring JPA class transformer
2024-10-10 15:34:51 [main] WARN  org.hibernate.orm.deprecation - HHH90000025: H2Dialect does not need to be specified explicitly using 'hibernate.dialect' (remove the property setting and it will be selected by default)
2024-10-10 15:34:52 [main] INFO  o.h.e.t.j.p.i.JtaPlatformInitiator - HHH000489: No JTA platform available (set 'hibernate.transaction.jta.platform' to enable JTA platform integration)
2024-10-10 15:34:52 [main] INFO  o.s.o.j.LocalContainerEntityManagerFactoryBean - Initialized JPA EntityManagerFactory for persistence unit 'default'
2024-10-10 15:34:53 [main] INFO  o.s.s.c.a.a.c.InitializeUserDetailsBeanManagerConfigurer$InitializeUserDetailsManagerConfigurer - Global AuthenticationManager configured with UserDetailsService bean with name userLoginService
2024-10-10 15:34:53 [main] INFO  o.s.b.a.w.s.WelcomePageHandlerMapping - Adding welcome page template: index
2024-10-10 15:34:54 [main] INFO  o.s.b.a.e.web.EndpointLinksResolver - Exposing 15 endpoints beneath base path '/actuator'
2024-10-10 15:34:55 [main] INFO  o.a.coyote.http11.Http11NioProtocol - Starting ProtocolHandler ["http-nio-8080"]
2024-10-10 15:34:55 [main] INFO  o.s.b.w.e.tomcat.TomcatWebServer - Tomcat started on port 8080 (http) with context path '/'
2024-10-10 15:34:55 [main] INFO  g.la.webserver.WebserverApplication - Started WebserverApplication in 9.903 seconds (process running for 10.447)
2024-10-10 15:34:55 [scheduling-1] INFO  g.l.w.u.s.UserChangeLogScheduler - call clear change Log
2024-10-10 15:34:55 [registrationTask1] WARN  d.c.b.a.c.r.ApplicationRegistrator - Failed to register application as Application(name=spring-boot-application, managementUrl=http://host.docker.internal:8080/actuator, healthUrl=http://host.docker.internal:8080/actuator/health, serviceUrl=http://host.docker.internal:8080/) at spring-boot-admin ([http://localhost:8000/instances]): I/O error on POST request for "http://localhost:8000/instances": Connection refused: no further information. Further attempts are logged on DEBUG level
2024-10-10 15:35:05 [scheduling-1] INFO  g.l.w.u.s.UserChangeLogScheduler - call clear change Log
2024-10-10 15:35:15 [scheduling-1] INFO  g.l.w.u.s.UserChangeLogScheduler - call clear change Log
2024-10-10 15:35:25 [scheduling-1] INFO  g.l.w.u.s.UserChangeLogScheduler - call clear change Log
2024-10-10 15:35:35 [scheduling-1] INFO  g.l.w.u.s.UserChangeLogScheduler - call clear change Log
2024-10-10 15:35:45 [scheduling-1] INFO  g.l.w.u.s.UserChangeLogScheduler - call clear change Log
2024-10-10 15:35:55 [scheduling-1] INFO  g.l.w.u.s.UserChangeLogScheduler - call clear change Log
2024-10-10 15:36:05 [scheduling-1] INFO  g.l.w.u.s.UserChangeLogScheduler - call clear change Log
2024-10-10 15:36:15 [scheduling-1] INFO  g.l.w.u.s.UserChangeLogScheduler - call clear change Log
2024-10-10 15:36:25 [scheduling-1] INFO  g.l.w.u.s.UserChangeLogScheduler - call clear change Log
2024-10-10 15:36:35 [scheduling-1] INFO  g.l.w.u.s.UserChangeLogScheduler - call clear change Log
2024-10-10 15:36:45 [scheduling-1] INFO  g.l.w.u.s.UserChangeLogScheduler - call clear change Log
2024-10-10 15:36:55 [scheduling-1] INFO  g.l.w.u.s.UserChangeLogScheduler - call clear change Log
2024-10-10 15:37:05 [scheduling-1] INFO  g.l.w.u.s.UserChangeLogScheduler - call clear change Log
2024-10-10 15:37:15 [scheduling-1] INFO  g.l.w.u.s.UserChangeLogScheduler - call clear change Log
2024-10-10 15:37:25 [scheduling-1] INFO  g.l.w.u.s.UserChangeLogScheduler - call clear change Log
2024-10-10 15:37:35 [scheduling-1] INFO  g.l.w.u.s.UserChangeLogScheduler - call clear change Log
2024-10-10 15:37:45 [scheduling-1] INFO  g.l.w.u.s.UserChangeLogScheduler - call clear change Log
2024-10-10 15:37:55 [scheduling-1] INFO  g.l.w.u.s.UserChangeLogScheduler - call clear change Log
2024-10-10 15:38:05 [scheduling-1] INFO  g.l.w.u.s.UserChangeLogScheduler - call clear change Log
2024-10-10 15:38:15 [scheduling-1] INFO  g.l.w.u.s.UserChangeLogScheduler - call clear change Log
2024-10-10 15:38:25 [scheduling-1] INFO  g.l.w.u.s.UserChangeLogScheduler - call clear change Log
2024-10-10 15:38:35 [scheduling-1] INFO  g.l.w.u.s.UserChangeLogScheduler - call clear change Log
2024-10-10 15:38:45 [scheduling-1] INFO  g.l.w.u.s.UserChangeLogScheduler - call clear change Log
2024-10-10 15:38:55 [scheduling-1] INFO  g.l.w.u.s.UserChangeLogScheduler - call clear change Log
2024-10-10 15:39:05 [scheduling-1] INFO  g.l.w.u.s.UserChangeLogScheduler - call clear change Log
2024-10-10 15:39:15 [scheduling-1] INFO  g.l.w.u.s.UserChangeLogScheduler - call clear change Log
2024-10-10 15:39:25 [scheduling-1] INFO  g.l.w.u.s.UserChangeLogScheduler - call clear change Log
2024-10-10 15:39:35 [scheduling-1] INFO  g.l.w.u.s.UserChangeLogScheduler - call clear change Log
2024-10-10 15:39:45 [scheduling-1] INFO  g.l.w.u.s.UserChangeLogScheduler - call clear change Log
2024-10-10 15:39:55 [scheduling-1] INFO  g.l.w.u.s.UserChangeLogScheduler - call clear change Log
2024-10-10 15:40:05 [scheduling-1] INFO  g.l.w.u.s.UserChangeLogScheduler - call clear change Log
2024-10-10 15:40:15 [scheduling-1] INFO  g.l.w.u.s.UserChangeLogScheduler - call clear change Log
2024-10-10 15:40:25 [scheduling-1] INFO  g.l.w.u.s.UserChangeLogScheduler - call clear change Log
2024-10-10 15:40:35 [scheduling-1] INFO  g.l.w.u.s.UserChangeLogScheduler - call clear change Log
2024-10-10 15:40:45 [scheduling-1] INFO  g.l.w.u.s.UserChangeLogScheduler - call clear change Log
2024-10-10 15:40:55 [scheduling-1] INFO  g.l.w.u.s.UserChangeLogScheduler - call clear change Log
2024-10-10 15:41:05 [scheduling-1] INFO  g.l.w.u.s.UserChangeLogScheduler - call clear change Log
2024-10-10 15:41:15 [scheduling-1] INFO  g.l.w.u.s.UserChangeLogScheduler - call clear change Log
2024-10-10 15:41:25 [scheduling-1] INFO  g.l.w.u.s.UserChangeLogScheduler - call clear change Log
2024-10-10 15:41:35 [scheduling-1] INFO  g.l.w.u.s.UserChangeLogScheduler - call clear change Log
2024-10-10 15:41:45 [scheduling-1] INFO  g.l.w.u.s.UserChangeLogScheduler - call clear change Log
2024-10-10 15:41:55 [scheduling-1] INFO  g.l.w.u.s.UserChangeLogScheduler - call clear change Log
2024-10-10 15:42:05 [scheduling-1] INFO  g.l.w.u.s.UserChangeLogScheduler - call clear change Log
2024-10-10 15:42:15 [scheduling-1] INFO  g.l.w.u.s.UserChangeLogScheduler - call clear change Log
2024-10-10 15:42:25 [scheduling-1] INFO  g.l.w.u.s.UserChangeLogScheduler - call clear change Log
2024-10-10 15:42:35 [scheduling-1] INFO  g.l.w.u.s.UserChangeLogScheduler - call clear change Log
2024-10-10 15:42:45 [scheduling-1] INFO  g.l.w.u.s.UserChangeLogScheduler - call clear change Log
2024-10-10 15:42:55 [scheduling-1] INFO  g.l.w.u.s.UserChangeLogScheduler - call clear change Log
2024-10-10 15:43:05 [scheduling-1] INFO  g.l.w.u.s.UserChangeLogScheduler - call clear change Log
2024-10-10 15:43:15 [scheduling-1] INFO  g.l.w.u.s.UserChangeLogScheduler - call clear change Log
2024-10-10 15:43:25 [scheduling-1] INFO  g.l.w.u.s.UserChangeLogScheduler - call clear change Log
2024-10-10 15:43:35 [scheduling-1] INFO  g.l.w.u.s.UserChangeLogScheduler - call clear change Log
2024-10-10 15:43:45 [scheduling-1] INFO  g.l.w.u.s.UserChangeLogScheduler - call clear change Log
2024-10-10 15:43:55 [scheduling-1] INFO  g.l.w.u.s.UserChangeLogScheduler - call clear change Log
2024-10-10 15:44:05 [scheduling-1] INFO  g.l.w.u.s.UserChangeLogScheduler - call clear change Log
2024-10-10 15:44:15 [scheduling-1] INFO  g.l.w.u.s.UserChangeLogScheduler - call clear change Log
2024-10-10 15:44:25 [scheduling-1] INFO  g.l.w.u.s.UserChangeLogScheduler - call clear change Log
2024-10-10 15:44:35 [scheduling-1] INFO  g.l.w.u.s.UserChangeLogScheduler - call clear change Log
2024-10-10 15:44:45 [scheduling-1] INFO  g.l.w.u.s.UserChangeLogScheduler - call clear change Log
2024-10-10 15:44:55 [scheduling-1] INFO  g.l.w.u.s.UserChangeLogScheduler - call clear change Log
2024-10-10 15:45:05 [scheduling-1] INFO  g.l.w.u.s.UserChangeLogScheduler - call clear change Log
2024-10-10 15:45:15 [main] INFO  g.la.webserver.WebserverApplication - Starting WebserverApplication using Java 17.0.0.1 with PID 12876 (C:\nust\webserver\build\classes\java\main started by DDTSW Center in C:\nust\webserver)
2024-10-10 15:45:15 [main] DEBUG g.la.webserver.WebserverApplication - Running with Spring Boot v3.3.4, Spring v6.1.13
2024-10-10 15:45:15 [main] INFO  g.la.webserver.WebserverApplication - No active profile set, falling back to 1 default profile: "default"
2024-10-10 15:45:17 [main] INFO  o.s.d.r.c.RepositoryConfigurationDelegate - Bootstrapping Spring Data JPA repositories in DEFAULT mode.
2024-10-10 15:45:17 [main] INFO  o.s.d.r.c.RepositoryConfigurationDelegate - Finished Spring Data repository scanning in 234 ms. Found 2 JPA repository interfaces.
2024-10-10 15:45:18 [main] INFO  o.s.b.w.e.tomcat.TomcatWebServer - Tomcat initialized with port 8080 (http)
2024-10-10 15:45:18 [main] INFO  o.a.coyote.http11.Http11NioProtocol - Initializing ProtocolHandler ["http-nio-8080"]
2024-10-10 15:45:18 [main] INFO  o.a.catalina.core.StandardService - Starting service [Tomcat]
2024-10-10 15:45:18 [main] INFO  o.a.catalina.core.StandardEngine - Starting Servlet engine: [Apache Tomcat/10.1.30]
2024-10-10 15:45:18 [main] INFO  o.a.c.c.C.[Tomcat].[localhost].[/] - Initializing Spring embedded WebApplicationContext
2024-10-10 15:45:18 [main] INFO  o.s.b.w.s.c.ServletWebServerApplicationContext - Root WebApplicationContext: initialization completed in 3191 ms
2024-10-10 15:45:18 [main] INFO  com.zaxxer.hikari.HikariDataSource - HikariPool-1 - Starting...
2024-10-10 15:45:19 [main] INFO  com.zaxxer.hikari.pool.HikariPool - HikariPool-1 - Added connection conn0: url=jdbc:h2:mem:test user=SA
2024-10-10 15:45:19 [main] INFO  com.zaxxer.hikari.HikariDataSource - HikariPool-1 - Start completed.
2024-10-10 15:45:19 [main] INFO  o.s.b.a.h.H2ConsoleAutoConfiguration - H2 console available at '/h2-console'. Database available at 'jdbc:h2:mem:test'
2024-10-10 15:45:19 [main] INFO  o.h.jpa.internal.util.LogHelper - HHH000204: Processing PersistenceUnitInfo [name: default]
2024-10-10 15:45:19 [main] INFO  org.hibernate.Version - HHH000412: Hibernate ORM core version 6.5.3.Final
2024-10-10 15:45:19 [main] INFO  o.h.c.i.RegionFactoryInitiator - HHH000026: Second-level cache disabled
2024-10-10 15:45:19 [main] INFO  o.s.o.j.p.SpringPersistenceUnitInfo - No LoadTimeWeaver setup: ignoring JPA class transformer
2024-10-10 15:45:19 [main] WARN  org.hibernate.orm.deprecation - HHH90000025: H2Dialect does not need to be specified explicitly using 'hibernate.dialect' (remove the property setting and it will be selected by default)
2024-10-10 15:45:21 [main] INFO  o.h.e.t.j.p.i.JtaPlatformInitiator - HHH000489: No JTA platform available (set 'hibernate.transaction.jta.platform' to enable JTA platform integration)
2024-10-10 15:45:21 [main] INFO  o.s.o.j.LocalContainerEntityManagerFactoryBean - Initialized JPA EntityManagerFactory for persistence unit 'default'
2024-10-10 15:45:22 [main] INFO  o.s.s.c.a.a.c.InitializeUserDetailsBeanManagerConfigurer$InitializeUserDetailsManagerConfigurer - Global AuthenticationManager configured with UserDetailsService bean with name userLoginService
2024-10-10 15:45:22 [main] INFO  o.s.b.a.w.s.WelcomePageHandlerMapping - Adding welcome page template: index
2024-10-10 15:45:23 [main] INFO  o.s.b.a.e.web.EndpointLinksResolver - Exposing 15 endpoints beneath base path '/actuator'
2024-10-10 15:45:25 [main] INFO  o.a.coyote.http11.Http11NioProtocol - Starting ProtocolHandler ["http-nio-8080"]
2024-10-10 15:45:25 [main] INFO  o.s.b.w.e.tomcat.TomcatWebServer - Tomcat started on port 8080 (http) with context path '/'
2024-10-10 15:45:25 [main] INFO  g.la.webserver.WebserverApplication - Started WebserverApplication in 10.703 seconds (process running for 11.245)
2024-10-10 15:45:25 [scheduling-1] INFO  g.l.w.u.s.UserChangeLogScheduler - call clearChangeLog
2024-10-10 15:45:25 [scheduling-1] ERROR o.s.s.s.TaskUtils$LoggingErrorHandler - Unexpected error occurred in scheduled task
java.lang.NullPointerException: Cannot invoke "gov.la.webserver.user.service.UserChangeLogService.clearAllUserLogs()" because "this.userChangeLogService" is null
	at gov.la.webserver.user.scheduler.UserChangeLogScheduler.clearChangeLogs(UserChangeLogScheduler.java:18)
	at java.base/jdk.internal.reflect.NativeMethodAccessorImpl.invoke0(Native Method)
	at java.base/jdk.internal.reflect.NativeMethodAccessorImpl.invoke(NativeMethodAccessorImpl.java:77)
	at java.base/jdk.internal.reflect.DelegatingMethodAccessorImpl.invoke(DelegatingMethodAccessorImpl.java:43)
	at java.base/java.lang.reflect.Method.invoke(Method.java:568)
	at org.springframework.scheduling.support.ScheduledMethodRunnable.runInternal(ScheduledMethodRunnable.java:130)
	at org.springframework.scheduling.support.ScheduledMethodRunnable.lambda$run$2(ScheduledMethodRunnable.java:124)
	at io.micrometer.observation.Observation.observe(Observation.java:499)
	at org.springframework.scheduling.support.ScheduledMethodRunnable.run(ScheduledMethodRunnable.java:124)
	at org.springframework.scheduling.support.DelegatingErrorHandlingRunnable.run(DelegatingErrorHandlingRunnable.java:54)
	at java.base/java.util.concurrent.Executors$RunnableAdapter.call(Executors.java:539)
	at java.base/java.util.concurrent.FutureTask.runAndReset(FutureTask.java:305)
	at java.base/java.util.concurrent.ScheduledThreadPoolExecutor$ScheduledFutureTask.run(ScheduledThreadPoolExecutor.java:305)
	at java.base/java.util.concurrent.ThreadPoolExecutor.runWorker(ThreadPoolExecutor.java:1136)
	at java.base/java.util.concurrent.ThreadPoolExecutor$Worker.run(ThreadPoolExecutor.java:635)
	at java.base/java.lang.Thread.run(Thread.java:833)
2024-10-10 15:45:25 [registrationTask1] WARN  d.c.b.a.c.r.ApplicationRegistrator - Failed to register application as Application(name=spring-boot-application, managementUrl=http://host.docker.internal:8080/actuator, healthUrl=http://host.docker.internal:8080/actuator/health, serviceUrl=http://host.docker.internal:8080/) at spring-boot-admin ([http://localhost:8000/instances]): I/O error on POST request for "http://localhost:8000/instances": Connection refused: no further information. Further attempts are logged on DEBUG level
2024-10-10 15:45:26 [http-nio-8080-exec-1] INFO  o.a.c.c.C.[Tomcat].[localhost].[/] - Initializing Spring DispatcherServlet 'dispatcherServlet'
2024-10-10 15:45:26 [http-nio-8080-exec-1] INFO  o.s.web.servlet.DispatcherServlet - Initializing Servlet 'dispatcherServlet'
2024-10-10 15:45:26 [http-nio-8080-exec-1] INFO  o.s.web.servlet.DispatcherServlet - Completed initialization in 0 ms
2024-10-10 15:45:27 [http-nio-8080-exec-1] INFO  g.l.w.u.controllers.UserController - call UpdatedUsers >>>id >>> 1/ name >> 2amezon / age >> 29 /nickname >>NewMember
2024-10-10 15:45:35 [scheduling-1] INFO  g.l.w.u.s.UserChangeLogScheduler - call clearChangeLog
2024-10-10 15:45:35 [scheduling-1] ERROR o.s.s.s.TaskUtils$LoggingErrorHandler - Unexpected error occurred in scheduled task
java.lang.NullPointerException: Cannot invoke "gov.la.webserver.user.service.UserChangeLogService.clearAllUserLogs()" because "this.userChangeLogService" is null
	at gov.la.webserver.user.scheduler.UserChangeLogScheduler.clearChangeLogs(UserChangeLogScheduler.java:18)
	at java.base/jdk.internal.reflect.NativeMethodAccessorImpl.invoke0(Native Method)
	at java.base/jdk.internal.reflect.NativeMethodAccessorImpl.invoke(NativeMethodAccessorImpl.java:77)
	at java.base/jdk.internal.reflect.DelegatingMethodAccessorImpl.invoke(DelegatingMethodAccessorImpl.java:43)
	at java.base/java.lang.reflect.Method.invoke(Method.java:568)
	at org.springframework.scheduling.support.ScheduledMethodRunnable.runInternal(ScheduledMethodRunnable.java:130)
	at org.springframework.scheduling.support.ScheduledMethodRunnable.lambda$run$2(ScheduledMethodRunnable.java:124)
	at io.micrometer.observation.Observation.observe(Observation.java:499)
	at org.springframework.scheduling.support.ScheduledMethodRunnable.run(ScheduledMethodRunnable.java:124)
	at org.springframework.scheduling.support.DelegatingErrorHandlingRunnable.run(DelegatingErrorHandlingRunnable.java:54)
	at java.base/java.util.concurrent.Executors$RunnableAdapter.call(Executors.java:539)
	at java.base/java.util.concurrent.FutureTask.runAndReset(FutureTask.java:305)
	at java.base/java.util.concurrent.ScheduledThreadPoolExecutor$ScheduledFutureTask.run(ScheduledThreadPoolExecutor.java:305)
	at java.base/java.util.concurrent.ThreadPoolExecutor.runWorker(ThreadPoolExecutor.java:1136)
	at java.base/java.util.concurrent.ThreadPoolExecutor$Worker.run(ThreadPoolExecutor.java:635)
	at java.base/java.lang.Thread.run(Thread.java:833)
2024-10-10 15:45:45 [http-nio-8080-exec-3] INFO  g.l.w.u.controllers.UserController - call UpdatedUsers >>>id >>> 1/ name >> 999ezon / age >> 29 /nickname >>NewMember
2024-10-10 15:45:45 [scheduling-1] INFO  g.l.w.u.s.UserChangeLogScheduler - call clearChangeLog
2024-10-10 15:45:45 [scheduling-1] ERROR o.s.s.s.TaskUtils$LoggingErrorHandler - Unexpected error occurred in scheduled task
java.lang.NullPointerException: Cannot invoke "gov.la.webserver.user.service.UserChangeLogService.clearAllUserLogs()" because "this.userChangeLogService" is null
	at gov.la.webserver.user.scheduler.UserChangeLogScheduler.clearChangeLogs(UserChangeLogScheduler.java:18)
	at java.base/jdk.internal.reflect.NativeMethodAccessorImpl.invoke0(Native Method)
	at java.base/jdk.internal.reflect.NativeMethodAccessorImpl.invoke(NativeMethodAccessorImpl.java:77)
	at java.base/jdk.internal.reflect.DelegatingMethodAccessorImpl.invoke(DelegatingMethodAccessorImpl.java:43)
	at java.base/java.lang.reflect.Method.invoke(Method.java:568)
	at org.springframework.scheduling.support.ScheduledMethodRunnable.runInternal(ScheduledMethodRunnable.java:130)
	at org.springframework.scheduling.support.ScheduledMethodRunnable.lambda$run$2(ScheduledMethodRunnable.java:124)
	at io.micrometer.observation.Observation.observe(Observation.java:499)
	at org.springframework.scheduling.support.ScheduledMethodRunnable.run(ScheduledMethodRunnable.java:124)
	at org.springframework.scheduling.support.DelegatingErrorHandlingRunnable.run(DelegatingErrorHandlingRunnable.java:54)
	at java.base/java.util.concurrent.Executors$RunnableAdapter.call(Executors.java:539)
	at java.base/java.util.concurrent.FutureTask.runAndReset(FutureTask.java:305)
	at java.base/java.util.concurrent.ScheduledThreadPoolExecutor$ScheduledFutureTask.run(ScheduledThreadPoolExecutor.java:305)
	at java.base/java.util.concurrent.ThreadPoolExecutor.runWorker(ThreadPoolExecutor.java:1136)
	at java.base/java.util.concurrent.ThreadPoolExecutor$Worker.run(ThreadPoolExecutor.java:635)
	at java.base/java.lang.Thread.run(Thread.java:833)
2024-10-10 15:45:50 [http-nio-8080-exec-4] INFO  g.l.w.u.c.UserChangeLogController - call getAllUsersChangelog
2024-10-10 15:45:55 [scheduling-1] INFO  g.l.w.u.s.UserChangeLogScheduler - call clearChangeLog
2024-10-10 15:45:55 [scheduling-1] ERROR o.s.s.s.TaskUtils$LoggingErrorHandler - Unexpected error occurred in scheduled task
java.lang.NullPointerException: Cannot invoke "gov.la.webserver.user.service.UserChangeLogService.clearAllUserLogs()" because "this.userChangeLogService" is null
	at gov.la.webserver.user.scheduler.UserChangeLogScheduler.clearChangeLogs(UserChangeLogScheduler.java:18)
	at java.base/jdk.internal.reflect.NativeMethodAccessorImpl.invoke0(Native Method)
	at java.base/jdk.internal.reflect.NativeMethodAccessorImpl.invoke(NativeMethodAccessorImpl.java:77)
	at java.base/jdk.internal.reflect.DelegatingMethodAccessorImpl.invoke(DelegatingMethodAccessorImpl.java:43)
	at java.base/java.lang.reflect.Method.invoke(Method.java:568)
	at org.springframework.scheduling.support.ScheduledMethodRunnable.runInternal(ScheduledMethodRunnable.java:130)
	at org.springframework.scheduling.support.ScheduledMethodRunnable.lambda$run$2(ScheduledMethodRunnable.java:124)
	at io.micrometer.observation.Observation.observe(Observation.java:499)
	at org.springframework.scheduling.support.ScheduledMethodRunnable.run(ScheduledMethodRunnable.java:124)
	at org.springframework.scheduling.support.DelegatingErrorHandlingRunnable.run(DelegatingErrorHandlingRunnable.java:54)
	at java.base/java.util.concurrent.Executors$RunnableAdapter.call(Executors.java:539)
	at java.base/java.util.concurrent.FutureTask.runAndReset(FutureTask.java:305)
	at java.base/java.util.concurrent.ScheduledThreadPoolExecutor$ScheduledFutureTask.run(ScheduledThreadPoolExecutor.java:305)
	at java.base/java.util.concurrent.ThreadPoolExecutor.runWorker(ThreadPoolExecutor.java:1136)
	at java.base/java.util.concurrent.ThreadPoolExecutor$Worker.run(ThreadPoolExecutor.java:635)
	at java.base/java.lang.Thread.run(Thread.java:833)
2024-10-10 15:46:05 [scheduling-1] INFO  g.l.w.u.s.UserChangeLogScheduler - call clearChangeLog
2024-10-10 15:46:05 [scheduling-1] ERROR o.s.s.s.TaskUtils$LoggingErrorHandler - Unexpected error occurred in scheduled task
java.lang.NullPointerException: Cannot invoke "gov.la.webserver.user.service.UserChangeLogService.clearAllUserLogs()" because "this.userChangeLogService" is null
	at gov.la.webserver.user.scheduler.UserChangeLogScheduler.clearChangeLogs(UserChangeLogScheduler.java:18)
	at java.base/jdk.internal.reflect.NativeMethodAccessorImpl.invoke0(Native Method)
	at java.base/jdk.internal.reflect.NativeMethodAccessorImpl.invoke(NativeMethodAccessorImpl.java:77)
	at java.base/jdk.internal.reflect.DelegatingMethodAccessorImpl.invoke(DelegatingMethodAccessorImpl.java:43)
	at java.base/java.lang.reflect.Method.invoke(Method.java:568)
	at org.springframework.scheduling.support.ScheduledMethodRunnable.runInternal(ScheduledMethodRunnable.java:130)
	at org.springframework.scheduling.support.ScheduledMethodRunnable.lambda$run$2(ScheduledMethodRunnable.java:124)
	at io.micrometer.observation.Observation.observe(Observation.java:499)
	at org.springframework.scheduling.support.ScheduledMethodRunnable.run(ScheduledMethodRunnable.java:124)
	at org.springframework.scheduling.support.DelegatingErrorHandlingRunnable.run(DelegatingErrorHandlingRunnable.java:54)
	at java.base/java.util.concurrent.Executors$RunnableAdapter.call(Executors.java:539)
	at java.base/java.util.concurrent.FutureTask.runAndReset(FutureTask.java:305)
	at java.base/java.util.concurrent.ScheduledThreadPoolExecutor$ScheduledFutureTask.run(ScheduledThreadPoolExecutor.java:305)
	at java.base/java.util.concurrent.ThreadPoolExecutor.runWorker(ThreadPoolExecutor.java:1136)
	at java.base/java.util.concurrent.ThreadPoolExecutor$Worker.run(ThreadPoolExecutor.java:635)
	at java.base/java.lang.Thread.run(Thread.java:833)
2024-10-10 15:46:15 [scheduling-1] INFO  g.l.w.u.s.UserChangeLogScheduler - call clearChangeLog
2024-10-10 15:46:15 [scheduling-1] ERROR o.s.s.s.TaskUtils$LoggingErrorHandler - Unexpected error occurred in scheduled task
java.lang.NullPointerException: Cannot invoke "gov.la.webserver.user.service.UserChangeLogService.clearAllUserLogs()" because "this.userChangeLogService" is null
	at gov.la.webserver.user.scheduler.UserChangeLogScheduler.clearChangeLogs(UserChangeLogScheduler.java:18)
	at java.base/jdk.internal.reflect.NativeMethodAccessorImpl.invoke0(Native Method)
	at java.base/jdk.internal.reflect.NativeMethodAccessorImpl.invoke(NativeMethodAccessorImpl.java:77)
	at java.base/jdk.internal.reflect.DelegatingMethodAccessorImpl.invoke(DelegatingMethodAccessorImpl.java:43)
	at java.base/java.lang.reflect.Method.invoke(Method.java:568)
	at org.springframework.scheduling.support.ScheduledMethodRunnable.runInternal(ScheduledMethodRunnable.java:130)
	at org.springframework.scheduling.support.ScheduledMethodRunnable.lambda$run$2(ScheduledMethodRunnable.java:124)
	at io.micrometer.observation.Observation.observe(Observation.java:499)
	at org.springframework.scheduling.support.ScheduledMethodRunnable.run(ScheduledMethodRunnable.java:124)
	at org.springframework.scheduling.support.DelegatingErrorHandlingRunnable.run(DelegatingErrorHandlingRunnable.java:54)
	at java.base/java.util.concurrent.Executors$RunnableAdapter.call(Executors.java:539)
	at java.base/java.util.concurrent.FutureTask.runAndReset(FutureTask.java:305)
	at java.base/java.util.concurrent.ScheduledThreadPoolExecutor$ScheduledFutureTask.run(ScheduledThreadPoolExecutor.java:305)
	at java.base/java.util.concurrent.ThreadPoolExecutor.runWorker(ThreadPoolExecutor.java:1136)
	at java.base/java.util.concurrent.ThreadPoolExecutor$Worker.run(ThreadPoolExecutor.java:635)
	at java.base/java.lang.Thread.run(Thread.java:833)
2024-10-10 15:46:25 [scheduling-1] INFO  g.l.w.u.s.UserChangeLogScheduler - call clearChangeLog
2024-10-10 15:46:25 [scheduling-1] ERROR o.s.s.s.TaskUtils$LoggingErrorHandler - Unexpected error occurred in scheduled task
java.lang.NullPointerException: Cannot invoke "gov.la.webserver.user.service.UserChangeLogService.clearAllUserLogs()" because "this.userChangeLogService" is null
	at gov.la.webserver.user.scheduler.UserChangeLogScheduler.clearChangeLogs(UserChangeLogScheduler.java:18)
	at java.base/jdk.internal.reflect.NativeMethodAccessorImpl.invoke0(Native Method)
	at java.base/jdk.internal.reflect.NativeMethodAccessorImpl.invoke(NativeMethodAccessorImpl.java:77)
	at java.base/jdk.internal.reflect.DelegatingMethodAccessorImpl.invoke(DelegatingMethodAccessorImpl.java:43)
	at java.base/java.lang.reflect.Method.invoke(Method.java:568)
	at org.springframework.scheduling.support.ScheduledMethodRunnable.runInternal(ScheduledMethodRunnable.java:130)
	at org.springframework.scheduling.support.ScheduledMethodRunnable.lambda$run$2(ScheduledMethodRunnable.java:124)
	at io.micrometer.observation.Observation.observe(Observation.java:499)
	at org.springframework.scheduling.support.ScheduledMethodRunnable.run(ScheduledMethodRunnable.java:124)
	at org.springframework.scheduling.support.DelegatingErrorHandlingRunnable.run(DelegatingErrorHandlingRunnable.java:54)
	at java.base/java.util.concurrent.Executors$RunnableAdapter.call(Executors.java:539)
	at java.base/java.util.concurrent.FutureTask.runAndReset(FutureTask.java:305)
	at java.base/java.util.concurrent.ScheduledThreadPoolExecutor$ScheduledFutureTask.run(ScheduledThreadPoolExecutor.java:305)
	at java.base/java.util.concurrent.ThreadPoolExecutor.runWorker(ThreadPoolExecutor.java:1136)
	at java.base/java.util.concurrent.ThreadPoolExecutor$Worker.run(ThreadPoolExecutor.java:635)
	at java.base/java.lang.Thread.run(Thread.java:833)
2024-10-10 15:46:35 [scheduling-1] INFO  g.l.w.u.s.UserChangeLogScheduler - call clearChangeLog
2024-10-10 15:46:35 [scheduling-1] ERROR o.s.s.s.TaskUtils$LoggingErrorHandler - Unexpected error occurred in scheduled task
java.lang.NullPointerException: Cannot invoke "gov.la.webserver.user.service.UserChangeLogService.clearAllUserLogs()" because "this.userChangeLogService" is null
	at gov.la.webserver.user.scheduler.UserChangeLogScheduler.clearChangeLogs(UserChangeLogScheduler.java:18)
	at java.base/jdk.internal.reflect.NativeMethodAccessorImpl.invoke0(Native Method)
	at java.base/jdk.internal.reflect.NativeMethodAccessorImpl.invoke(NativeMethodAccessorImpl.java:77)
	at java.base/jdk.internal.reflect.DelegatingMethodAccessorImpl.invoke(DelegatingMethodAccessorImpl.java:43)
	at java.base/java.lang.reflect.Method.invoke(Method.java:568)
	at org.springframework.scheduling.support.ScheduledMethodRunnable.runInternal(ScheduledMethodRunnable.java:130)
	at org.springframework.scheduling.support.ScheduledMethodRunnable.lambda$run$2(ScheduledMethodRunnable.java:124)
	at io.micrometer.observation.Observation.observe(Observation.java:499)
	at org.springframework.scheduling.support.ScheduledMethodRunnable.run(ScheduledMethodRunnable.java:124)
	at org.springframework.scheduling.support.DelegatingErrorHandlingRunnable.run(DelegatingErrorHandlingRunnable.java:54)
	at java.base/java.util.concurrent.Executors$RunnableAdapter.call(Executors.java:539)
	at java.base/java.util.concurrent.FutureTask.runAndReset(FutureTask.java:305)
	at java.base/java.util.concurrent.ScheduledThreadPoolExecutor$ScheduledFutureTask.run(ScheduledThreadPoolExecutor.java:305)
	at java.base/java.util.concurrent.ThreadPoolExecutor.runWorker(ThreadPoolExecutor.java:1136)
	at java.base/java.util.concurrent.ThreadPoolExecutor$Worker.run(ThreadPoolExecutor.java:635)
	at java.base/java.lang.Thread.run(Thread.java:833)
2024-10-10 15:46:45 [scheduling-1] INFO  g.l.w.u.s.UserChangeLogScheduler - call clearChangeLog
2024-10-10 15:46:45 [scheduling-1] ERROR o.s.s.s.TaskUtils$LoggingErrorHandler - Unexpected error occurred in scheduled task
java.lang.NullPointerException: Cannot invoke "gov.la.webserver.user.service.UserChangeLogService.clearAllUserLogs()" because "this.userChangeLogService" is null
	at gov.la.webserver.user.scheduler.UserChangeLogScheduler.clearChangeLogs(UserChangeLogScheduler.java:18)
	at java.base/jdk.internal.reflect.NativeMethodAccessorImpl.invoke0(Native Method)
	at java.base/jdk.internal.reflect.NativeMethodAccessorImpl.invoke(NativeMethodAccessorImpl.java:77)
	at java.base/jdk.internal.reflect.DelegatingMethodAccessorImpl.invoke(DelegatingMethodAccessorImpl.java:43)
	at java.base/java.lang.reflect.Method.invoke(Method.java:568)
	at org.springframework.scheduling.support.ScheduledMethodRunnable.runInternal(ScheduledMethodRunnable.java:130)
	at org.springframework.scheduling.support.ScheduledMethodRunnable.lambda$run$2(ScheduledMethodRunnable.java:124)
	at io.micrometer.observation.Observation.observe(Observation.java:499)
	at org.springframework.scheduling.support.ScheduledMethodRunnable.run(ScheduledMethodRunnable.java:124)
	at org.springframework.scheduling.support.DelegatingErrorHandlingRunnable.run(DelegatingErrorHandlingRunnable.java:54)
	at java.base/java.util.concurrent.Executors$RunnableAdapter.call(Executors.java:539)
	at java.base/java.util.concurrent.FutureTask.runAndReset(FutureTask.java:305)
	at java.base/java.util.concurrent.ScheduledThreadPoolExecutor$ScheduledFutureTask.run(ScheduledThreadPoolExecutor.java:305)
	at java.base/java.util.concurrent.ThreadPoolExecutor.runWorker(ThreadPoolExecutor.java:1136)
	at java.base/java.util.concurrent.ThreadPoolExecutor$Worker.run(ThreadPoolExecutor.java:635)
	at java.base/java.lang.Thread.run(Thread.java:833)
2024-10-10 15:46:55 [scheduling-1] INFO  g.l.w.u.s.UserChangeLogScheduler - call clearChangeLog
2024-10-10 15:46:55 [scheduling-1] ERROR o.s.s.s.TaskUtils$LoggingErrorHandler - Unexpected error occurred in scheduled task
java.lang.NullPointerException: Cannot invoke "gov.la.webserver.user.service.UserChangeLogService.clearAllUserLogs()" because "this.userChangeLogService" is null
	at gov.la.webserver.user.scheduler.UserChangeLogScheduler.clearChangeLogs(UserChangeLogScheduler.java:18)
	at java.base/jdk.internal.reflect.NativeMethodAccessorImpl.invoke0(Native Method)
	at java.base/jdk.internal.reflect.NativeMethodAccessorImpl.invoke(NativeMethodAccessorImpl.java:77)
	at java.base/jdk.internal.reflect.DelegatingMethodAccessorImpl.invoke(DelegatingMethodAccessorImpl.java:43)
	at java.base/java.lang.reflect.Method.invoke(Method.java:568)
	at org.springframework.scheduling.support.ScheduledMethodRunnable.runInternal(ScheduledMethodRunnable.java:130)
	at org.springframework.scheduling.support.ScheduledMethodRunnable.lambda$run$2(ScheduledMethodRunnable.java:124)
	at io.micrometer.observation.Observation.observe(Observation.java:499)
	at org.springframework.scheduling.support.ScheduledMethodRunnable.run(ScheduledMethodRunnable.java:124)
	at org.springframework.scheduling.support.DelegatingErrorHandlingRunnable.run(DelegatingErrorHandlingRunnable.java:54)
	at java.base/java.util.concurrent.Executors$RunnableAdapter.call(Executors.java:539)
	at java.base/java.util.concurrent.FutureTask.runAndReset(FutureTask.java:305)
	at java.base/java.util.concurrent.ScheduledThreadPoolExecutor$ScheduledFutureTask.run(ScheduledThreadPoolExecutor.java:305)
	at java.base/java.util.concurrent.ThreadPoolExecutor.runWorker(ThreadPoolExecutor.java:1136)
	at java.base/java.util.concurrent.ThreadPoolExecutor$Worker.run(ThreadPoolExecutor.java:635)
	at java.base/java.lang.Thread.run(Thread.java:833)
2024-10-10 15:47:05 [scheduling-1] INFO  g.l.w.u.s.UserChangeLogScheduler - call clearChangeLog
2024-10-10 15:47:05 [scheduling-1] ERROR o.s.s.s.TaskUtils$LoggingErrorHandler - Unexpected error occurred in scheduled task
java.lang.NullPointerException: Cannot invoke "gov.la.webserver.user.service.UserChangeLogService.clearAllUserLogs()" because "this.userChangeLogService" is null
	at gov.la.webserver.user.scheduler.UserChangeLogScheduler.clearChangeLogs(UserChangeLogScheduler.java:18)
	at java.base/jdk.internal.reflect.NativeMethodAccessorImpl.invoke0(Native Method)
	at java.base/jdk.internal.reflect.NativeMethodAccessorImpl.invoke(NativeMethodAccessorImpl.java:77)
	at java.base/jdk.internal.reflect.DelegatingMethodAccessorImpl.invoke(DelegatingMethodAccessorImpl.java:43)
	at java.base/java.lang.reflect.Method.invoke(Method.java:568)
	at org.springframework.scheduling.support.ScheduledMethodRunnable.runInternal(ScheduledMethodRunnable.java:130)
	at org.springframework.scheduling.support.ScheduledMethodRunnable.lambda$run$2(ScheduledMethodRunnable.java:124)
	at io.micrometer.observation.Observation.observe(Observation.java:499)
	at org.springframework.scheduling.support.ScheduledMethodRunnable.run(ScheduledMethodRunnable.java:124)
	at org.springframework.scheduling.support.DelegatingErrorHandlingRunnable.run(DelegatingErrorHandlingRunnable.java:54)
	at java.base/java.util.concurrent.Executors$RunnableAdapter.call(Executors.java:539)
	at java.base/java.util.concurrent.FutureTask.runAndReset(FutureTask.java:305)
	at java.base/java.util.concurrent.ScheduledThreadPoolExecutor$ScheduledFutureTask.run(ScheduledThreadPoolExecutor.java:305)
	at java.base/java.util.concurrent.ThreadPoolExecutor.runWorker(ThreadPoolExecutor.java:1136)
	at java.base/java.util.concurrent.ThreadPoolExecutor$Worker.run(ThreadPoolExecutor.java:635)
	at java.base/java.lang.Thread.run(Thread.java:833)
2024-10-10 15:47:15 [scheduling-1] INFO  g.l.w.u.s.UserChangeLogScheduler - call clearChangeLog
2024-10-10 15:47:15 [scheduling-1] ERROR o.s.s.s.TaskUtils$LoggingErrorHandler - Unexpected error occurred in scheduled task
java.lang.NullPointerException: Cannot invoke "gov.la.webserver.user.service.UserChangeLogService.clearAllUserLogs()" because "this.userChangeLogService" is null
	at gov.la.webserver.user.scheduler.UserChangeLogScheduler.clearChangeLogs(UserChangeLogScheduler.java:18)
	at java.base/jdk.internal.reflect.NativeMethodAccessorImpl.invoke0(Native Method)
	at java.base/jdk.internal.reflect.NativeMethodAccessorImpl.invoke(NativeMethodAccessorImpl.java:77)
	at java.base/jdk.internal.reflect.DelegatingMethodAccessorImpl.invoke(DelegatingMethodAccessorImpl.java:43)
	at java.base/java.lang.reflect.Method.invoke(Method.java:568)
	at org.springframework.scheduling.support.ScheduledMethodRunnable.runInternal(ScheduledMethodRunnable.java:130)
	at org.springframework.scheduling.support.ScheduledMethodRunnable.lambda$run$2(ScheduledMethodRunnable.java:124)
	at io.micrometer.observation.Observation.observe(Observation.java:499)
	at org.springframework.scheduling.support.ScheduledMethodRunnable.run(ScheduledMethodRunnable.java:124)
	at org.springframework.scheduling.support.DelegatingErrorHandlingRunnable.run(DelegatingErrorHandlingRunnable.java:54)
	at java.base/java.util.concurrent.Executors$RunnableAdapter.call(Executors.java:539)
	at java.base/java.util.concurrent.FutureTask.runAndReset(FutureTask.java:305)
	at java.base/java.util.concurrent.ScheduledThreadPoolExecutor$ScheduledFutureTask.run(ScheduledThreadPoolExecutor.java:305)
	at java.base/java.util.concurrent.ThreadPoolExecutor.runWorker(ThreadPoolExecutor.java:1136)
	at java.base/java.util.concurrent.ThreadPoolExecutor$Worker.run(ThreadPoolExecutor.java:635)
	at java.base/java.lang.Thread.run(Thread.java:833)
2024-10-10 15:47:25 [scheduling-1] INFO  g.l.w.u.s.UserChangeLogScheduler - call clearChangeLog
2024-10-10 15:47:25 [scheduling-1] ERROR o.s.s.s.TaskUtils$LoggingErrorHandler - Unexpected error occurred in scheduled task
java.lang.NullPointerException: Cannot invoke "gov.la.webserver.user.service.UserChangeLogService.clearAllUserLogs()" because "this.userChangeLogService" is null
	at gov.la.webserver.user.scheduler.UserChangeLogScheduler.clearChangeLogs(UserChangeLogScheduler.java:18)
	at java.base/jdk.internal.reflect.NativeMethodAccessorImpl.invoke0(Native Method)
	at java.base/jdk.internal.reflect.NativeMethodAccessorImpl.invoke(NativeMethodAccessorImpl.java:77)
	at java.base/jdk.internal.reflect.DelegatingMethodAccessorImpl.invoke(DelegatingMethodAccessorImpl.java:43)
	at java.base/java.lang.reflect.Method.invoke(Method.java:568)
	at org.springframework.scheduling.support.ScheduledMethodRunnable.runInternal(ScheduledMethodRunnable.java:130)
	at org.springframework.scheduling.support.ScheduledMethodRunnable.lambda$run$2(ScheduledMethodRunnable.java:124)
	at io.micrometer.observation.Observation.observe(Observation.java:499)
	at org.springframework.scheduling.support.ScheduledMethodRunnable.run(ScheduledMethodRunnable.java:124)
	at org.springframework.scheduling.support.DelegatingErrorHandlingRunnable.run(DelegatingErrorHandlingRunnable.java:54)
	at java.base/java.util.concurrent.Executors$RunnableAdapter.call(Executors.java:539)
	at java.base/java.util.concurrent.FutureTask.runAndReset(FutureTask.java:305)
	at java.base/java.util.concurrent.ScheduledThreadPoolExecutor$ScheduledFutureTask.run(ScheduledThreadPoolExecutor.java:305)
	at java.base/java.util.concurrent.ThreadPoolExecutor.runWorker(ThreadPoolExecutor.java:1136)
	at java.base/java.util.concurrent.ThreadPoolExecutor$Worker.run(ThreadPoolExecutor.java:635)
	at java.base/java.lang.Thread.run(Thread.java:833)
2024-10-10 15:47:35 [scheduling-1] INFO  g.l.w.u.s.UserChangeLogScheduler - call clearChangeLog
2024-10-10 15:47:35 [scheduling-1] ERROR o.s.s.s.TaskUtils$LoggingErrorHandler - Unexpected error occurred in scheduled task
java.lang.NullPointerException: Cannot invoke "gov.la.webserver.user.service.UserChangeLogService.clearAllUserLogs()" because "this.userChangeLogService" is null
	at gov.la.webserver.user.scheduler.UserChangeLogScheduler.clearChangeLogs(UserChangeLogScheduler.java:18)
	at java.base/jdk.internal.reflect.NativeMethodAccessorImpl.invoke0(Native Method)
	at java.base/jdk.internal.reflect.NativeMethodAccessorImpl.invoke(NativeMethodAccessorImpl.java:77)
	at java.base/jdk.internal.reflect.DelegatingMethodAccessorImpl.invoke(DelegatingMethodAccessorImpl.java:43)
	at java.base/java.lang.reflect.Method.invoke(Method.java:568)
	at org.springframework.scheduling.support.ScheduledMethodRunnable.runInternal(ScheduledMethodRunnable.java:130)
	at org.springframework.scheduling.support.ScheduledMethodRunnable.lambda$run$2(ScheduledMethodRunnable.java:124)
	at io.micrometer.observation.Observation.observe(Observation.java:499)
	at org.springframework.scheduling.support.ScheduledMethodRunnable.run(ScheduledMethodRunnable.java:124)
	at org.springframework.scheduling.support.DelegatingErrorHandlingRunnable.run(DelegatingErrorHandlingRunnable.java:54)
	at java.base/java.util.concurrent.Executors$RunnableAdapter.call(Executors.java:539)
	at java.base/java.util.concurrent.FutureTask.runAndReset(FutureTask.java:305)
	at java.base/java.util.concurrent.ScheduledThreadPoolExecutor$ScheduledFutureTask.run(ScheduledThreadPoolExecutor.java:305)
	at java.base/java.util.concurrent.ThreadPoolExecutor.runWorker(ThreadPoolExecutor.java:1136)
	at java.base/java.util.concurrent.ThreadPoolExecutor$Worker.run(ThreadPoolExecutor.java:635)
	at java.base/java.lang.Thread.run(Thread.java:833)
2024-10-10 15:47:45 [scheduling-1] INFO  g.l.w.u.s.UserChangeLogScheduler - call clearChangeLog
2024-10-10 15:47:45 [scheduling-1] ERROR o.s.s.s.TaskUtils$LoggingErrorHandler - Unexpected error occurred in scheduled task
java.lang.NullPointerException: Cannot invoke "gov.la.webserver.user.service.UserChangeLogService.clearAllUserLogs()" because "this.userChangeLogService" is null
	at gov.la.webserver.user.scheduler.UserChangeLogScheduler.clearChangeLogs(UserChangeLogScheduler.java:18)
	at java.base/jdk.internal.reflect.NativeMethodAccessorImpl.invoke0(Native Method)
	at java.base/jdk.internal.reflect.NativeMethodAccessorImpl.invoke(NativeMethodAccessorImpl.java:77)
	at java.base/jdk.internal.reflect.DelegatingMethodAccessorImpl.invoke(DelegatingMethodAccessorImpl.java:43)
	at java.base/java.lang.reflect.Method.invoke(Method.java:568)
	at org.springframework.scheduling.support.ScheduledMethodRunnable.runInternal(ScheduledMethodRunnable.java:130)
	at org.springframework.scheduling.support.ScheduledMethodRunnable.lambda$run$2(ScheduledMethodRunnable.java:124)
	at io.micrometer.observation.Observation.observe(Observation.java:499)
	at org.springframework.scheduling.support.ScheduledMethodRunnable.run(ScheduledMethodRunnable.java:124)
	at org.springframework.scheduling.support.DelegatingErrorHandlingRunnable.run(DelegatingErrorHandlingRunnable.java:54)
	at java.base/java.util.concurrent.Executors$RunnableAdapter.call(Executors.java:539)
	at java.base/java.util.concurrent.FutureTask.runAndReset(FutureTask.java:305)
	at java.base/java.util.concurrent.ScheduledThreadPoolExecutor$ScheduledFutureTask.run(ScheduledThreadPoolExecutor.java:305)
	at java.base/java.util.concurrent.ThreadPoolExecutor.runWorker(ThreadPoolExecutor.java:1136)
	at java.base/java.util.concurrent.ThreadPoolExecutor$Worker.run(ThreadPoolExecutor.java:635)
	at java.base/java.lang.Thread.run(Thread.java:833)
2024-10-10 15:47:55 [scheduling-1] INFO  g.l.w.u.s.UserChangeLogScheduler - call clearChangeLog
2024-10-10 15:47:55 [scheduling-1] ERROR o.s.s.s.TaskUtils$LoggingErrorHandler - Unexpected error occurred in scheduled task
java.lang.NullPointerException: Cannot invoke "gov.la.webserver.user.service.UserChangeLogService.clearAllUserLogs()" because "this.userChangeLogService" is null
	at gov.la.webserver.user.scheduler.UserChangeLogScheduler.clearChangeLogs(UserChangeLogScheduler.java:18)
	at java.base/jdk.internal.reflect.NativeMethodAccessorImpl.invoke0(Native Method)
	at java.base/jdk.internal.reflect.NativeMethodAccessorImpl.invoke(NativeMethodAccessorImpl.java:77)
	at java.base/jdk.internal.reflect.DelegatingMethodAccessorImpl.invoke(DelegatingMethodAccessorImpl.java:43)
	at java.base/java.lang.reflect.Method.invoke(Method.java:568)
	at org.springframework.scheduling.support.ScheduledMethodRunnable.runInternal(ScheduledMethodRunnable.java:130)
	at org.springframework.scheduling.support.ScheduledMethodRunnable.lambda$run$2(ScheduledMethodRunnable.java:124)
	at io.micrometer.observation.Observation.observe(Observation.java:499)
	at org.springframework.scheduling.support.ScheduledMethodRunnable.run(ScheduledMethodRunnable.java:124)
	at org.springframework.scheduling.support.DelegatingErrorHandlingRunnable.run(DelegatingErrorHandlingRunnable.java:54)
	at java.base/java.util.concurrent.Executors$RunnableAdapter.call(Executors.java:539)
	at java.base/java.util.concurrent.FutureTask.runAndReset(FutureTask.java:305)
	at java.base/java.util.concurrent.ScheduledThreadPoolExecutor$ScheduledFutureTask.run(ScheduledThreadPoolExecutor.java:305)
	at java.base/java.util.concurrent.ThreadPoolExecutor.runWorker(ThreadPoolExecutor.java:1136)
	at java.base/java.util.concurrent.ThreadPoolExecutor$Worker.run(ThreadPoolExecutor.java:635)
	at java.base/java.lang.Thread.run(Thread.java:833)
2024-10-10 15:48:05 [scheduling-1] INFO  g.l.w.u.s.UserChangeLogScheduler - call clearChangeLog
2024-10-10 15:48:05 [scheduling-1] ERROR o.s.s.s.TaskUtils$LoggingErrorHandler - Unexpected error occurred in scheduled task
java.lang.NullPointerException: Cannot invoke "gov.la.webserver.user.service.UserChangeLogService.clearAllUserLogs()" because "this.userChangeLogService" is null
	at gov.la.webserver.user.scheduler.UserChangeLogScheduler.clearChangeLogs(UserChangeLogScheduler.java:18)
	at jdk.internal.reflect.GeneratedMethodAccessor26.invoke(Unknown Source)
	at java.base/jdk.internal.reflect.DelegatingMethodAccessorImpl.invoke(DelegatingMethodAccessorImpl.java:43)
	at java.base/java.lang.reflect.Method.invoke(Method.java:568)
	at org.springframework.scheduling.support.ScheduledMethodRunnable.runInternal(ScheduledMethodRunnable.java:130)
	at org.springframework.scheduling.support.ScheduledMethodRunnable.lambda$run$2(ScheduledMethodRunnable.java:124)
	at io.micrometer.observation.Observation.observe(Observation.java:499)
	at org.springframework.scheduling.support.ScheduledMethodRunnable.run(ScheduledMethodRunnable.java:124)
	at org.springframework.scheduling.support.DelegatingErrorHandlingRunnable.run(DelegatingErrorHandlingRunnable.java:54)
	at java.base/java.util.concurrent.Executors$RunnableAdapter.call(Executors.java:539)
	at java.base/java.util.concurrent.FutureTask.runAndReset(FutureTask.java:305)
	at java.base/java.util.concurrent.ScheduledThreadPoolExecutor$ScheduledFutureTask.run(ScheduledThreadPoolExecutor.java:305)
	at java.base/java.util.concurrent.ThreadPoolExecutor.runWorker(ThreadPoolExecutor.java:1136)
	at java.base/java.util.concurrent.ThreadPoolExecutor$Worker.run(ThreadPoolExecutor.java:635)
	at java.base/java.lang.Thread.run(Thread.java:833)
2024-10-10 15:48:15 [scheduling-1] INFO  g.l.w.u.s.UserChangeLogScheduler - call clearChangeLog
2024-10-10 15:48:15 [scheduling-1] ERROR o.s.s.s.TaskUtils$LoggingErrorHandler - Unexpected error occurred in scheduled task
java.lang.NullPointerException: Cannot invoke "gov.la.webserver.user.service.UserChangeLogService.clearAllUserLogs()" because "this.userChangeLogService" is null
	at gov.la.webserver.user.scheduler.UserChangeLogScheduler.clearChangeLogs(UserChangeLogScheduler.java:18)
	at jdk.internal.reflect.GeneratedMethodAccessor26.invoke(Unknown Source)
	at java.base/jdk.internal.reflect.DelegatingMethodAccessorImpl.invoke(DelegatingMethodAccessorImpl.java:43)
	at java.base/java.lang.reflect.Method.invoke(Method.java:568)
	at org.springframework.scheduling.support.ScheduledMethodRunnable.runInternal(ScheduledMethodRunnable.java:130)
	at org.springframework.scheduling.support.ScheduledMethodRunnable.lambda$run$2(ScheduledMethodRunnable.java:124)
	at io.micrometer.observation.Observation.observe(Observation.java:499)
	at org.springframework.scheduling.support.ScheduledMethodRunnable.run(ScheduledMethodRunnable.java:124)
	at org.springframework.scheduling.support.DelegatingErrorHandlingRunnable.run(DelegatingErrorHandlingRunnable.java:54)
	at java.base/java.util.concurrent.Executors$RunnableAdapter.call(Executors.java:539)
	at java.base/java.util.concurrent.FutureTask.runAndReset(FutureTask.java:305)
	at java.base/java.util.concurrent.ScheduledThreadPoolExecutor$ScheduledFutureTask.run(ScheduledThreadPoolExecutor.java:305)
	at java.base/java.util.concurrent.ThreadPoolExecutor.runWorker(ThreadPoolExecutor.java:1136)
	at java.base/java.util.concurrent.ThreadPoolExecutor$Worker.run(ThreadPoolExecutor.java:635)
	at java.base/java.lang.Thread.run(Thread.java:833)
2024-10-10 15:48:25 [scheduling-1] INFO  g.l.w.u.s.UserChangeLogScheduler - call clearChangeLog
2024-10-10 15:48:25 [scheduling-1] ERROR o.s.s.s.TaskUtils$LoggingErrorHandler - Unexpected error occurred in scheduled task
java.lang.NullPointerException: Cannot invoke "gov.la.webserver.user.service.UserChangeLogService.clearAllUserLogs()" because "this.userChangeLogService" is null
	at gov.la.webserver.user.scheduler.UserChangeLogScheduler.clearChangeLogs(UserChangeLogScheduler.java:18)
	at jdk.internal.reflect.GeneratedMethodAccessor26.invoke(Unknown Source)
	at java.base/jdk.internal.reflect.DelegatingMethodAccessorImpl.invoke(DelegatingMethodAccessorImpl.java:43)
	at java.base/java.lang.reflect.Method.invoke(Method.java:568)
	at org.springframework.scheduling.support.ScheduledMethodRunnable.runInternal(ScheduledMethodRunnable.java:130)
	at org.springframework.scheduling.support.ScheduledMethodRunnable.lambda$run$2(ScheduledMethodRunnable.java:124)
	at io.micrometer.observation.Observation.observe(Observation.java:499)
	at org.springframework.scheduling.support.ScheduledMethodRunnable.run(ScheduledMethodRunnable.java:124)
	at org.springframework.scheduling.support.DelegatingErrorHandlingRunnable.run(DelegatingErrorHandlingRunnable.java:54)
	at java.base/java.util.concurrent.Executors$RunnableAdapter.call(Executors.java:539)
	at java.base/java.util.concurrent.FutureTask.runAndReset(FutureTask.java:305)
	at java.base/java.util.concurrent.ScheduledThreadPoolExecutor$ScheduledFutureTask.run(ScheduledThreadPoolExecutor.java:305)
	at java.base/java.util.concurrent.ThreadPoolExecutor.runWorker(ThreadPoolExecutor.java:1136)
	at java.base/java.util.concurrent.ThreadPoolExecutor$Worker.run(ThreadPoolExecutor.java:635)
	at java.base/java.lang.Thread.run(Thread.java:833)
2024-10-10 15:48:35 [scheduling-1] INFO  g.l.w.u.s.UserChangeLogScheduler - call clearChangeLog
2024-10-10 15:48:35 [scheduling-1] ERROR o.s.s.s.TaskUtils$LoggingErrorHandler - Unexpected error occurred in scheduled task
java.lang.NullPointerException: Cannot invoke "gov.la.webserver.user.service.UserChangeLogService.clearAllUserLogs()" because "this.userChangeLogService" is null
	at gov.la.webserver.user.scheduler.UserChangeLogScheduler.clearChangeLogs(UserChangeLogScheduler.java:18)
	at jdk.internal.reflect.GeneratedMethodAccessor26.invoke(Unknown Source)
	at java.base/jdk.internal.reflect.DelegatingMethodAccessorImpl.invoke(DelegatingMethodAccessorImpl.java:43)
	at java.base/java.lang.reflect.Method.invoke(Method.java:568)
	at org.springframework.scheduling.support.ScheduledMethodRunnable.runInternal(ScheduledMethodRunnable.java:130)
	at org.springframework.scheduling.support.ScheduledMethodRunnable.lambda$run$2(ScheduledMethodRunnable.java:124)
	at io.micrometer.observation.Observation.observe(Observation.java:499)
	at org.springframework.scheduling.support.ScheduledMethodRunnable.run(ScheduledMethodRunnable.java:124)
	at org.springframework.scheduling.support.DelegatingErrorHandlingRunnable.run(DelegatingErrorHandlingRunnable.java:54)
	at java.base/java.util.concurrent.Executors$RunnableAdapter.call(Executors.java:539)
	at java.base/java.util.concurrent.FutureTask.runAndReset(FutureTask.java:305)
	at java.base/java.util.concurrent.ScheduledThreadPoolExecutor$ScheduledFutureTask.run(ScheduledThreadPoolExecutor.java:305)
	at java.base/java.util.concurrent.ThreadPoolExecutor.runWorker(ThreadPoolExecutor.java:1136)
	at java.base/java.util.concurrent.ThreadPoolExecutor$Worker.run(ThreadPoolExecutor.java:635)
	at java.base/java.lang.Thread.run(Thread.java:833)
2024-10-10 15:48:45 [scheduling-1] INFO  g.l.w.u.s.UserChangeLogScheduler - call clearChangeLog
2024-10-10 15:48:45 [scheduling-1] ERROR o.s.s.s.TaskUtils$LoggingErrorHandler - Unexpected error occurred in scheduled task
java.lang.NullPointerException: Cannot invoke "gov.la.webserver.user.service.UserChangeLogService.clearAllUserLogs()" because "this.userChangeLogService" is null
	at gov.la.webserver.user.scheduler.UserChangeLogScheduler.clearChangeLogs(UserChangeLogScheduler.java:18)
	at jdk.internal.reflect.GeneratedMethodAccessor26.invoke(Unknown Source)
	at java.base/jdk.internal.reflect.DelegatingMethodAccessorImpl.invoke(DelegatingMethodAccessorImpl.java:43)
	at java.base/java.lang.reflect.Method.invoke(Method.java:568)
	at org.springframework.scheduling.support.ScheduledMethodRunnable.runInternal(ScheduledMethodRunnable.java:130)
	at org.springframework.scheduling.support.ScheduledMethodRunnable.lambda$run$2(ScheduledMethodRunnable.java:124)
	at io.micrometer.observation.Observation.observe(Observation.java:499)
	at org.springframework.scheduling.support.ScheduledMethodRunnable.run(ScheduledMethodRunnable.java:124)
	at org.springframework.scheduling.support.DelegatingErrorHandlingRunnable.run(DelegatingErrorHandlingRunnable.java:54)
	at java.base/java.util.concurrent.Executors$RunnableAdapter.call(Executors.java:539)
	at java.base/java.util.concurrent.FutureTask.runAndReset(FutureTask.java:305)
	at java.base/java.util.concurrent.ScheduledThreadPoolExecutor$ScheduledFutureTask.run(ScheduledThreadPoolExecutor.java:305)
	at java.base/java.util.concurrent.ThreadPoolExecutor.runWorker(ThreadPoolExecutor.java:1136)
	at java.base/java.util.concurrent.ThreadPoolExecutor$Worker.run(ThreadPoolExecutor.java:635)
	at java.base/java.lang.Thread.run(Thread.java:833)
2024-10-10 15:48:55 [scheduling-1] INFO  g.l.w.u.s.UserChangeLogScheduler - call clearChangeLog
2024-10-10 15:48:55 [scheduling-1] ERROR o.s.s.s.TaskUtils$LoggingErrorHandler - Unexpected error occurred in scheduled task
java.lang.NullPointerException: Cannot invoke "gov.la.webserver.user.service.UserChangeLogService.clearAllUserLogs()" because "this.userChangeLogService" is null
	at gov.la.webserver.user.scheduler.UserChangeLogScheduler.clearChangeLogs(UserChangeLogScheduler.java:18)
	at jdk.internal.reflect.GeneratedMethodAccessor26.invoke(Unknown Source)
	at java.base/jdk.internal.reflect.DelegatingMethodAccessorImpl.invoke(DelegatingMethodAccessorImpl.java:43)
	at java.base/java.lang.reflect.Method.invoke(Method.java:568)
	at org.springframework.scheduling.support.ScheduledMethodRunnable.runInternal(ScheduledMethodRunnable.java:130)
	at org.springframework.scheduling.support.ScheduledMethodRunnable.lambda$run$2(ScheduledMethodRunnable.java:124)
	at io.micrometer.observation.Observation.observe(Observation.java:499)
	at org.springframework.scheduling.support.ScheduledMethodRunnable.run(ScheduledMethodRunnable.java:124)
	at org.springframework.scheduling.support.DelegatingErrorHandlingRunnable.run(DelegatingErrorHandlingRunnable.java:54)
	at java.base/java.util.concurrent.Executors$RunnableAdapter.call(Executors.java:539)
	at java.base/java.util.concurrent.FutureTask.runAndReset(FutureTask.java:305)
	at java.base/java.util.concurrent.ScheduledThreadPoolExecutor$ScheduledFutureTask.run(ScheduledThreadPoolExecutor.java:305)
	at java.base/java.util.concurrent.ThreadPoolExecutor.runWorker(ThreadPoolExecutor.java:1136)
	at java.base/java.util.concurrent.ThreadPoolExecutor$Worker.run(ThreadPoolExecutor.java:635)
	at java.base/java.lang.Thread.run(Thread.java:833)
2024-10-10 15:49:05 [scheduling-1] INFO  g.l.w.u.s.UserChangeLogScheduler - call clearChangeLog
2024-10-10 15:49:05 [scheduling-1] ERROR o.s.s.s.TaskUtils$LoggingErrorHandler - Unexpected error occurred in scheduled task
java.lang.NullPointerException: Cannot invoke "gov.la.webserver.user.service.UserChangeLogService.clearAllUserLogs()" because "this.userChangeLogService" is null
	at gov.la.webserver.user.scheduler.UserChangeLogScheduler.clearChangeLogs(UserChangeLogScheduler.java:18)
	at jdk.internal.reflect.GeneratedMethodAccessor26.invoke(Unknown Source)
	at java.base/jdk.internal.reflect.DelegatingMethodAccessorImpl.invoke(DelegatingMethodAccessorImpl.java:43)
	at java.base/java.lang.reflect.Method.invoke(Method.java:568)
	at org.springframework.scheduling.support.ScheduledMethodRunnable.runInternal(ScheduledMethodRunnable.java:130)
	at org.springframework.scheduling.support.ScheduledMethodRunnable.lambda$run$2(ScheduledMethodRunnable.java:124)
	at io.micrometer.observation.Observation.observe(Observation.java:499)
	at org.springframework.scheduling.support.ScheduledMethodRunnable.run(ScheduledMethodRunnable.java:124)
	at org.springframework.scheduling.support.DelegatingErrorHandlingRunnable.run(DelegatingErrorHandlingRunnable.java:54)
	at java.base/java.util.concurrent.Executors$RunnableAdapter.call(Executors.java:539)
	at java.base/java.util.concurrent.FutureTask.runAndReset(FutureTask.java:305)
	at java.base/java.util.concurrent.ScheduledThreadPoolExecutor$ScheduledFutureTask.run(ScheduledThreadPoolExecutor.java:305)
	at java.base/java.util.concurrent.ThreadPoolExecutor.runWorker(ThreadPoolExecutor.java:1136)
	at java.base/java.util.concurrent.ThreadPoolExecutor$Worker.run(ThreadPoolExecutor.java:635)
	at java.base/java.lang.Thread.run(Thread.java:833)
2024-10-10 15:49:15 [scheduling-1] INFO  g.l.w.u.s.UserChangeLogScheduler - call clearChangeLog
2024-10-10 15:49:15 [scheduling-1] ERROR o.s.s.s.TaskUtils$LoggingErrorHandler - Unexpected error occurred in scheduled task
java.lang.NullPointerException: Cannot invoke "gov.la.webserver.user.service.UserChangeLogService.clearAllUserLogs()" because "this.userChangeLogService" is null
	at gov.la.webserver.user.scheduler.UserChangeLogScheduler.clearChangeLogs(UserChangeLogScheduler.java:18)
	at jdk.internal.reflect.GeneratedMethodAccessor26.invoke(Unknown Source)
	at java.base/jdk.internal.reflect.DelegatingMethodAccessorImpl.invoke(DelegatingMethodAccessorImpl.java:43)
	at java.base/java.lang.reflect.Method.invoke(Method.java:568)
	at org.springframework.scheduling.support.ScheduledMethodRunnable.runInternal(ScheduledMethodRunnable.java:130)
	at org.springframework.scheduling.support.ScheduledMethodRunnable.lambda$run$2(ScheduledMethodRunnable.java:124)
	at io.micrometer.observation.Observation.observe(Observation.java:499)
	at org.springframework.scheduling.support.ScheduledMethodRunnable.run(ScheduledMethodRunnable.java:124)
	at org.springframework.scheduling.support.DelegatingErrorHandlingRunnable.run(DelegatingErrorHandlingRunnable.java:54)
	at java.base/java.util.concurrent.Executors$RunnableAdapter.call(Executors.java:539)
	at java.base/java.util.concurrent.FutureTask.runAndReset(FutureTask.java:305)
	at java.base/java.util.concurrent.ScheduledThreadPoolExecutor$ScheduledFutureTask.run(ScheduledThreadPoolExecutor.java:305)
	at java.base/java.util.concurrent.ThreadPoolExecutor.runWorker(ThreadPoolExecutor.java:1136)
	at java.base/java.util.concurrent.ThreadPoolExecutor$Worker.run(ThreadPoolExecutor.java:635)
	at java.base/java.lang.Thread.run(Thread.java:833)
2024-10-10 15:49:25 [scheduling-1] INFO  g.l.w.u.s.UserChangeLogScheduler - call clearChangeLog
2024-10-10 15:49:25 [scheduling-1] ERROR o.s.s.s.TaskUtils$LoggingErrorHandler - Unexpected error occurred in scheduled task
java.lang.NullPointerException: Cannot invoke "gov.la.webserver.user.service.UserChangeLogService.clearAllUserLogs()" because "this.userChangeLogService" is null
	at gov.la.webserver.user.scheduler.UserChangeLogScheduler.clearChangeLogs(UserChangeLogScheduler.java:18)
	at jdk.internal.reflect.GeneratedMethodAccessor26.invoke(Unknown Source)
	at java.base/jdk.internal.reflect.DelegatingMethodAccessorImpl.invoke(DelegatingMethodAccessorImpl.java:43)
	at java.base/java.lang.reflect.Method.invoke(Method.java:568)
	at org.springframework.scheduling.support.ScheduledMethodRunnable.runInternal(ScheduledMethodRunnable.java:130)
	at org.springframework.scheduling.support.ScheduledMethodRunnable.lambda$run$2(ScheduledMethodRunnable.java:124)
	at io.micrometer.observation.Observation.observe(Observation.java:499)
	at org.springframework.scheduling.support.ScheduledMethodRunnable.run(ScheduledMethodRunnable.java:124)
	at org.springframework.scheduling.support.DelegatingErrorHandlingRunnable.run(DelegatingErrorHandlingRunnable.java:54)
	at java.base/java.util.concurrent.Executors$RunnableAdapter.call(Executors.java:539)
	at java.base/java.util.concurrent.FutureTask.runAndReset(FutureTask.java:305)
	at java.base/java.util.concurrent.ScheduledThreadPoolExecutor$ScheduledFutureTask.run(ScheduledThreadPoolExecutor.java:305)
	at java.base/java.util.concurrent.ThreadPoolExecutor.runWorker(ThreadPoolExecutor.java:1136)
	at java.base/java.util.concurrent.ThreadPoolExecutor$Worker.run(ThreadPoolExecutor.java:635)
	at java.base/java.lang.Thread.run(Thread.java:833)
2024-10-10 15:49:35 [scheduling-1] INFO  g.l.w.u.s.UserChangeLogScheduler - call clearChangeLog
2024-10-10 15:49:35 [scheduling-1] ERROR o.s.s.s.TaskUtils$LoggingErrorHandler - Unexpected error occurred in scheduled task
java.lang.NullPointerException: Cannot invoke "gov.la.webserver.user.service.UserChangeLogService.clearAllUserLogs()" because "this.userChangeLogService" is null
	at gov.la.webserver.user.scheduler.UserChangeLogScheduler.clearChangeLogs(UserChangeLogScheduler.java:18)
	at jdk.internal.reflect.GeneratedMethodAccessor26.invoke(Unknown Source)
	at java.base/jdk.internal.reflect.DelegatingMethodAccessorImpl.invoke(DelegatingMethodAccessorImpl.java:43)
	at java.base/java.lang.reflect.Method.invoke(Method.java:568)
	at org.springframework.scheduling.support.ScheduledMethodRunnable.runInternal(ScheduledMethodRunnable.java:130)
	at org.springframework.scheduling.support.ScheduledMethodRunnable.lambda$run$2(ScheduledMethodRunnable.java:124)
	at io.micrometer.observation.Observation.observe(Observation.java:499)
	at org.springframework.scheduling.support.ScheduledMethodRunnable.run(ScheduledMethodRunnable.java:124)
	at org.springframework.scheduling.support.DelegatingErrorHandlingRunnable.run(DelegatingErrorHandlingRunnable.java:54)
	at java.base/java.util.concurrent.Executors$RunnableAdapter.call(Executors.java:539)
	at java.base/java.util.concurrent.FutureTask.runAndReset(FutureTask.java:305)
	at java.base/java.util.concurrent.ScheduledThreadPoolExecutor$ScheduledFutureTask.run(ScheduledThreadPoolExecutor.java:305)
	at java.base/java.util.concurrent.ThreadPoolExecutor.runWorker(ThreadPoolExecutor.java:1136)
	at java.base/java.util.concurrent.ThreadPoolExecutor$Worker.run(ThreadPoolExecutor.java:635)
	at java.base/java.lang.Thread.run(Thread.java:833)
2024-10-10 15:49:45 [scheduling-1] INFO  g.l.w.u.s.UserChangeLogScheduler - call clearChangeLog
2024-10-10 15:49:45 [scheduling-1] ERROR o.s.s.s.TaskUtils$LoggingErrorHandler - Unexpected error occurred in scheduled task
java.lang.NullPointerException: Cannot invoke "gov.la.webserver.user.service.UserChangeLogService.clearAllUserLogs()" because "this.userChangeLogService" is null
	at gov.la.webserver.user.scheduler.UserChangeLogScheduler.clearChangeLogs(UserChangeLogScheduler.java:18)
	at jdk.internal.reflect.GeneratedMethodAccessor26.invoke(Unknown Source)
	at java.base/jdk.internal.reflect.DelegatingMethodAccessorImpl.invoke(DelegatingMethodAccessorImpl.java:43)
	at java.base/java.lang.reflect.Method.invoke(Method.java:568)
	at org.springframework.scheduling.support.ScheduledMethodRunnable.runInternal(ScheduledMethodRunnable.java:130)
	at org.springframework.scheduling.support.ScheduledMethodRunnable.lambda$run$2(ScheduledMethodRunnable.java:124)
	at io.micrometer.observation.Observation.observe(Observation.java:499)
	at org.springframework.scheduling.support.ScheduledMethodRunnable.run(ScheduledMethodRunnable.java:124)
	at org.springframework.scheduling.support.DelegatingErrorHandlingRunnable.run(DelegatingErrorHandlingRunnable.java:54)
	at java.base/java.util.concurrent.Executors$RunnableAdapter.call(Executors.java:539)
	at java.base/java.util.concurrent.FutureTask.runAndReset(FutureTask.java:305)
	at java.base/java.util.concurrent.ScheduledThreadPoolExecutor$ScheduledFutureTask.run(ScheduledThreadPoolExecutor.java:305)
	at java.base/java.util.concurrent.ThreadPoolExecutor.runWorker(ThreadPoolExecutor.java:1136)
	at java.base/java.util.concurrent.ThreadPoolExecutor$Worker.run(ThreadPoolExecutor.java:635)
	at java.base/java.lang.Thread.run(Thread.java:833)
2024-10-10 15:49:55 [scheduling-1] INFO  g.l.w.u.s.UserChangeLogScheduler - call clearChangeLog
2024-10-10 15:49:55 [scheduling-1] ERROR o.s.s.s.TaskUtils$LoggingErrorHandler - Unexpected error occurred in scheduled task
java.lang.NullPointerException: Cannot invoke "gov.la.webserver.user.service.UserChangeLogService.clearAllUserLogs()" because "this.userChangeLogService" is null
	at gov.la.webserver.user.scheduler.UserChangeLogScheduler.clearChangeLogs(UserChangeLogScheduler.java:18)
	at jdk.internal.reflect.GeneratedMethodAccessor26.invoke(Unknown Source)
	at java.base/jdk.internal.reflect.DelegatingMethodAccessorImpl.invoke(DelegatingMethodAccessorImpl.java:43)
	at java.base/java.lang.reflect.Method.invoke(Method.java:568)
	at org.springframework.scheduling.support.ScheduledMethodRunnable.runInternal(ScheduledMethodRunnable.java:130)
	at org.springframework.scheduling.support.ScheduledMethodRunnable.lambda$run$2(ScheduledMethodRunnable.java:124)
	at io.micrometer.observation.Observation.observe(Observation.java:499)
	at org.springframework.scheduling.support.ScheduledMethodRunnable.run(ScheduledMethodRunnable.java:124)
	at org.springframework.scheduling.support.DelegatingErrorHandlingRunnable.run(DelegatingErrorHandlingRunnable.java:54)
	at java.base/java.util.concurrent.Executors$RunnableAdapter.call(Executors.java:539)
	at java.base/java.util.concurrent.FutureTask.runAndReset(FutureTask.java:305)
	at java.base/java.util.concurrent.ScheduledThreadPoolExecutor$ScheduledFutureTask.run(ScheduledThreadPoolExecutor.java:305)
	at java.base/java.util.concurrent.ThreadPoolExecutor.runWorker(ThreadPoolExecutor.java:1136)
	at java.base/java.util.concurrent.ThreadPoolExecutor$Worker.run(ThreadPoolExecutor.java:635)
	at java.base/java.lang.Thread.run(Thread.java:833)
2024-10-10 15:50:05 [scheduling-1] INFO  g.l.w.u.s.UserChangeLogScheduler - call clearChangeLog
2024-10-10 15:50:05 [scheduling-1] ERROR o.s.s.s.TaskUtils$LoggingErrorHandler - Unexpected error occurred in scheduled task
java.lang.NullPointerException: Cannot invoke "gov.la.webserver.user.service.UserChangeLogService.clearAllUserLogs()" because "this.userChangeLogService" is null
	at gov.la.webserver.user.scheduler.UserChangeLogScheduler.clearChangeLogs(UserChangeLogScheduler.java:18)
	at jdk.internal.reflect.GeneratedMethodAccessor26.invoke(Unknown Source)
	at java.base/jdk.internal.reflect.DelegatingMethodAccessorImpl.invoke(DelegatingMethodAccessorImpl.java:43)
	at java.base/java.lang.reflect.Method.invoke(Method.java:568)
	at org.springframework.scheduling.support.ScheduledMethodRunnable.runInternal(ScheduledMethodRunnable.java:130)
	at org.springframework.scheduling.support.ScheduledMethodRunnable.lambda$run$2(ScheduledMethodRunnable.java:124)
	at io.micrometer.observation.Observation.observe(Observation.java:499)
	at org.springframework.scheduling.support.ScheduledMethodRunnable.run(ScheduledMethodRunnable.java:124)
	at org.springframework.scheduling.support.DelegatingErrorHandlingRunnable.run(DelegatingErrorHandlingRunnable.java:54)
	at java.base/java.util.concurrent.Executors$RunnableAdapter.call(Executors.java:539)
	at java.base/java.util.concurrent.FutureTask.runAndReset(FutureTask.java:305)
	at java.base/java.util.concurrent.ScheduledThreadPoolExecutor$ScheduledFutureTask.run(ScheduledThreadPoolExecutor.java:305)
	at java.base/java.util.concurrent.ThreadPoolExecutor.runWorker(ThreadPoolExecutor.java:1136)
	at java.base/java.util.concurrent.ThreadPoolExecutor$Worker.run(ThreadPoolExecutor.java:635)
	at java.base/java.lang.Thread.run(Thread.java:833)
2024-10-10 15:50:15 [scheduling-1] INFO  g.l.w.u.s.UserChangeLogScheduler - call clearChangeLog
2024-10-10 15:50:15 [scheduling-1] ERROR o.s.s.s.TaskUtils$LoggingErrorHandler - Unexpected error occurred in scheduled task
java.lang.NullPointerException: Cannot invoke "gov.la.webserver.user.service.UserChangeLogService.clearAllUserLogs()" because "this.userChangeLogService" is null
	at gov.la.webserver.user.scheduler.UserChangeLogScheduler.clearChangeLogs(UserChangeLogScheduler.java:18)
	at jdk.internal.reflect.GeneratedMethodAccessor26.invoke(Unknown Source)
	at java.base/jdk.internal.reflect.DelegatingMethodAccessorImpl.invoke(DelegatingMethodAccessorImpl.java:43)
	at java.base/java.lang.reflect.Method.invoke(Method.java:568)
	at org.springframework.scheduling.support.ScheduledMethodRunnable.runInternal(ScheduledMethodRunnable.java:130)
	at org.springframework.scheduling.support.ScheduledMethodRunnable.lambda$run$2(ScheduledMethodRunnable.java:124)
	at io.micrometer.observation.Observation.observe(Observation.java:499)
	at org.springframework.scheduling.support.ScheduledMethodRunnable.run(ScheduledMethodRunnable.java:124)
	at org.springframework.scheduling.support.DelegatingErrorHandlingRunnable.run(DelegatingErrorHandlingRunnable.java:54)
	at java.base/java.util.concurrent.Executors$RunnableAdapter.call(Executors.java:539)
	at java.base/java.util.concurrent.FutureTask.runAndReset(FutureTask.java:305)
	at java.base/java.util.concurrent.ScheduledThreadPoolExecutor$ScheduledFutureTask.run(ScheduledThreadPoolExecutor.java:305)
	at java.base/java.util.concurrent.ThreadPoolExecutor.runWorker(ThreadPoolExecutor.java:1136)
	at java.base/java.util.concurrent.ThreadPoolExecutor$Worker.run(ThreadPoolExecutor.java:635)
	at java.base/java.lang.Thread.run(Thread.java:833)
2024-10-10 15:50:25 [scheduling-1] INFO  g.l.w.u.s.UserChangeLogScheduler - call clearChangeLog
2024-10-10 15:50:25 [scheduling-1] ERROR o.s.s.s.TaskUtils$LoggingErrorHandler - Unexpected error occurred in scheduled task
java.lang.NullPointerException: Cannot invoke "gov.la.webserver.user.service.UserChangeLogService.clearAllUserLogs()" because "this.userChangeLogService" is null
	at gov.la.webserver.user.scheduler.UserChangeLogScheduler.clearChangeLogs(UserChangeLogScheduler.java:18)
	at jdk.internal.reflect.GeneratedMethodAccessor26.invoke(Unknown Source)
	at java.base/jdk.internal.reflect.DelegatingMethodAccessorImpl.invoke(DelegatingMethodAccessorImpl.java:43)
	at java.base/java.lang.reflect.Method.invoke(Method.java:568)
	at org.springframework.scheduling.support.ScheduledMethodRunnable.runInternal(ScheduledMethodRunnable.java:130)
	at org.springframework.scheduling.support.ScheduledMethodRunnable.lambda$run$2(ScheduledMethodRunnable.java:124)
	at io.micrometer.observation.Observation.observe(Observation.java:499)
	at org.springframework.scheduling.support.ScheduledMethodRunnable.run(ScheduledMethodRunnable.java:124)
	at org.springframework.scheduling.support.DelegatingErrorHandlingRunnable.run(DelegatingErrorHandlingRunnable.java:54)
	at java.base/java.util.concurrent.Executors$RunnableAdapter.call(Executors.java:539)
	at java.base/java.util.concurrent.FutureTask.runAndReset(FutureTask.java:305)
	at java.base/java.util.concurrent.ScheduledThreadPoolExecutor$ScheduledFutureTask.run(ScheduledThreadPoolExecutor.java:305)
	at java.base/java.util.concurrent.ThreadPoolExecutor.runWorker(ThreadPoolExecutor.java:1136)
	at java.base/java.util.concurrent.ThreadPoolExecutor$Worker.run(ThreadPoolExecutor.java:635)
	at java.base/java.lang.Thread.run(Thread.java:833)
2024-10-10 15:50:35 [scheduling-1] INFO  g.l.w.u.s.UserChangeLogScheduler - call clearChangeLog
2024-10-10 15:50:35 [scheduling-1] ERROR o.s.s.s.TaskUtils$LoggingErrorHandler - Unexpected error occurred in scheduled task
java.lang.NullPointerException: Cannot invoke "gov.la.webserver.user.service.UserChangeLogService.clearAllUserLogs()" because "this.userChangeLogService" is null
	at gov.la.webserver.user.scheduler.UserChangeLogScheduler.clearChangeLogs(UserChangeLogScheduler.java:18)
	at jdk.internal.reflect.GeneratedMethodAccessor26.invoke(Unknown Source)
	at java.base/jdk.internal.reflect.DelegatingMethodAccessorImpl.invoke(DelegatingMethodAccessorImpl.java:43)
	at java.base/java.lang.reflect.Method.invoke(Method.java:568)
	at org.springframework.scheduling.support.ScheduledMethodRunnable.runInternal(ScheduledMethodRunnable.java:130)
	at org.springframework.scheduling.support.ScheduledMethodRunnable.lambda$run$2(ScheduledMethodRunnable.java:124)
	at io.micrometer.observation.Observation.observe(Observation.java:499)
	at org.springframework.scheduling.support.ScheduledMethodRunnable.run(ScheduledMethodRunnable.java:124)
	at org.springframework.scheduling.support.DelegatingErrorHandlingRunnable.run(DelegatingErrorHandlingRunnable.java:54)
	at java.base/java.util.concurrent.Executors$RunnableAdapter.call(Executors.java:539)
	at java.base/java.util.concurrent.FutureTask.runAndReset(FutureTask.java:305)
	at java.base/java.util.concurrent.ScheduledThreadPoolExecutor$ScheduledFutureTask.run(ScheduledThreadPoolExecutor.java:305)
	at java.base/java.util.concurrent.ThreadPoolExecutor.runWorker(ThreadPoolExecutor.java:1136)
	at java.base/java.util.concurrent.ThreadPoolExecutor$Worker.run(ThreadPoolExecutor.java:635)
	at java.base/java.lang.Thread.run(Thread.java:833)
2024-10-10 15:50:45 [scheduling-1] INFO  g.l.w.u.s.UserChangeLogScheduler - call clearChangeLog
2024-10-10 15:50:45 [scheduling-1] ERROR o.s.s.s.TaskUtils$LoggingErrorHandler - Unexpected error occurred in scheduled task
java.lang.NullPointerException: Cannot invoke "gov.la.webserver.user.service.UserChangeLogService.clearAllUserLogs()" because "this.userChangeLogService" is null
	at gov.la.webserver.user.scheduler.UserChangeLogScheduler.clearChangeLogs(UserChangeLogScheduler.java:18)
	at jdk.internal.reflect.GeneratedMethodAccessor26.invoke(Unknown Source)
	at java.base/jdk.internal.reflect.DelegatingMethodAccessorImpl.invoke(DelegatingMethodAccessorImpl.java:43)
	at java.base/java.lang.reflect.Method.invoke(Method.java:568)
	at org.springframework.scheduling.support.ScheduledMethodRunnable.runInternal(ScheduledMethodRunnable.java:130)
	at org.springframework.scheduling.support.ScheduledMethodRunnable.lambda$run$2(ScheduledMethodRunnable.java:124)
	at io.micrometer.observation.Observation.observe(Observation.java:499)
	at org.springframework.scheduling.support.ScheduledMethodRunnable.run(ScheduledMethodRunnable.java:124)
	at org.springframework.scheduling.support.DelegatingErrorHandlingRunnable.run(DelegatingErrorHandlingRunnable.java:54)
	at java.base/java.util.concurrent.Executors$RunnableAdapter.call(Executors.java:539)
	at java.base/java.util.concurrent.FutureTask.runAndReset(FutureTask.java:305)
	at java.base/java.util.concurrent.ScheduledThreadPoolExecutor$ScheduledFutureTask.run(ScheduledThreadPoolExecutor.java:305)
	at java.base/java.util.concurrent.ThreadPoolExecutor.runWorker(ThreadPoolExecutor.java:1136)
	at java.base/java.util.concurrent.ThreadPoolExecutor$Worker.run(ThreadPoolExecutor.java:635)
	at java.base/java.lang.Thread.run(Thread.java:833)
2024-10-10 15:50:55 [scheduling-1] INFO  g.l.w.u.s.UserChangeLogScheduler - call clearChangeLog
2024-10-10 15:50:55 [scheduling-1] ERROR o.s.s.s.TaskUtils$LoggingErrorHandler - Unexpected error occurred in scheduled task
java.lang.NullPointerException: Cannot invoke "gov.la.webserver.user.service.UserChangeLogService.clearAllUserLogs()" because "this.userChangeLogService" is null
	at gov.la.webserver.user.scheduler.UserChangeLogScheduler.clearChangeLogs(UserChangeLogScheduler.java:18)
	at jdk.internal.reflect.GeneratedMethodAccessor26.invoke(Unknown Source)
	at java.base/jdk.internal.reflect.DelegatingMethodAccessorImpl.invoke(DelegatingMethodAccessorImpl.java:43)
	at java.base/java.lang.reflect.Method.invoke(Method.java:568)
	at org.springframework.scheduling.support.ScheduledMethodRunnable.runInternal(ScheduledMethodRunnable.java:130)
	at org.springframework.scheduling.support.ScheduledMethodRunnable.lambda$run$2(ScheduledMethodRunnable.java:124)
	at io.micrometer.observation.Observation.observe(Observation.java:499)
	at org.springframework.scheduling.support.ScheduledMethodRunnable.run(ScheduledMethodRunnable.java:124)
	at org.springframework.scheduling.support.DelegatingErrorHandlingRunnable.run(DelegatingErrorHandlingRunnable.java:54)
	at java.base/java.util.concurrent.Executors$RunnableAdapter.call(Executors.java:539)
	at java.base/java.util.concurrent.FutureTask.runAndReset(FutureTask.java:305)
	at java.base/java.util.concurrent.ScheduledThreadPoolExecutor$ScheduledFutureTask.run(ScheduledThreadPoolExecutor.java:305)
	at java.base/java.util.concurrent.ThreadPoolExecutor.runWorker(ThreadPoolExecutor.java:1136)
	at java.base/java.util.concurrent.ThreadPoolExecutor$Worker.run(ThreadPoolExecutor.java:635)
	at java.base/java.lang.Thread.run(Thread.java:833)
2024-10-10 15:51:05 [scheduling-1] INFO  g.l.w.u.s.UserChangeLogScheduler - call clearChangeLog
2024-10-10 15:51:05 [scheduling-1] ERROR o.s.s.s.TaskUtils$LoggingErrorHandler - Unexpected error occurred in scheduled task
java.lang.NullPointerException: Cannot invoke "gov.la.webserver.user.service.UserChangeLogService.clearAllUserLogs()" because "this.userChangeLogService" is null
	at gov.la.webserver.user.scheduler.UserChangeLogScheduler.clearChangeLogs(UserChangeLogScheduler.java:18)
	at jdk.internal.reflect.GeneratedMethodAccessor26.invoke(Unknown Source)
	at java.base/jdk.internal.reflect.DelegatingMethodAccessorImpl.invoke(DelegatingMethodAccessorImpl.java:43)
	at java.base/java.lang.reflect.Method.invoke(Method.java:568)
	at org.springframework.scheduling.support.ScheduledMethodRunnable.runInternal(ScheduledMethodRunnable.java:130)
	at org.springframework.scheduling.support.ScheduledMethodRunnable.lambda$run$2(ScheduledMethodRunnable.java:124)
	at io.micrometer.observation.Observation.observe(Observation.java:499)
	at org.springframework.scheduling.support.ScheduledMethodRunnable.run(ScheduledMethodRunnable.java:124)
	at org.springframework.scheduling.support.DelegatingErrorHandlingRunnable.run(DelegatingErrorHandlingRunnable.java:54)
	at java.base/java.util.concurrent.Executors$RunnableAdapter.call(Executors.java:539)
	at java.base/java.util.concurrent.FutureTask.runAndReset(FutureTask.java:305)
	at java.base/java.util.concurrent.ScheduledThreadPoolExecutor$ScheduledFutureTask.run(ScheduledThreadPoolExecutor.java:305)
	at java.base/java.util.concurrent.ThreadPoolExecutor.runWorker(ThreadPoolExecutor.java:1136)
	at java.base/java.util.concurrent.ThreadPoolExecutor$Worker.run(ThreadPoolExecutor.java:635)
	at java.base/java.lang.Thread.run(Thread.java:833)
2024-10-10 15:51:15 [scheduling-1] INFO  g.l.w.u.s.UserChangeLogScheduler - call clearChangeLog
2024-10-10 15:51:15 [scheduling-1] ERROR o.s.s.s.TaskUtils$LoggingErrorHandler - Unexpected error occurred in scheduled task
java.lang.NullPointerException: Cannot invoke "gov.la.webserver.user.service.UserChangeLogService.clearAllUserLogs()" because "this.userChangeLogService" is null
	at gov.la.webserver.user.scheduler.UserChangeLogScheduler.clearChangeLogs(UserChangeLogScheduler.java:18)
	at jdk.internal.reflect.GeneratedMethodAccessor26.invoke(Unknown Source)
	at java.base/jdk.internal.reflect.DelegatingMethodAccessorImpl.invoke(DelegatingMethodAccessorImpl.java:43)
	at java.base/java.lang.reflect.Method.invoke(Method.java:568)
	at org.springframework.scheduling.support.ScheduledMethodRunnable.runInternal(ScheduledMethodRunnable.java:130)
	at org.springframework.scheduling.support.ScheduledMethodRunnable.lambda$run$2(ScheduledMethodRunnable.java:124)
	at io.micrometer.observation.Observation.observe(Observation.java:499)
	at org.springframework.scheduling.support.ScheduledMethodRunnable.run(ScheduledMethodRunnable.java:124)
	at org.springframework.scheduling.support.DelegatingErrorHandlingRunnable.run(DelegatingErrorHandlingRunnable.java:54)
	at java.base/java.util.concurrent.Executors$RunnableAdapter.call(Executors.java:539)
	at java.base/java.util.concurrent.FutureTask.runAndReset(FutureTask.java:305)
	at java.base/java.util.concurrent.ScheduledThreadPoolExecutor$ScheduledFutureTask.run(ScheduledThreadPoolExecutor.java:305)
	at java.base/java.util.concurrent.ThreadPoolExecutor.runWorker(ThreadPoolExecutor.java:1136)
	at java.base/java.util.concurrent.ThreadPoolExecutor$Worker.run(ThreadPoolExecutor.java:635)
	at java.base/java.lang.Thread.run(Thread.java:833)
2024-10-10 15:51:25 [scheduling-1] INFO  g.l.w.u.s.UserChangeLogScheduler - call clearChangeLog
2024-10-10 15:51:25 [scheduling-1] ERROR o.s.s.s.TaskUtils$LoggingErrorHandler - Unexpected error occurred in scheduled task
java.lang.NullPointerException: Cannot invoke "gov.la.webserver.user.service.UserChangeLogService.clearAllUserLogs()" because "this.userChangeLogService" is null
	at gov.la.webserver.user.scheduler.UserChangeLogScheduler.clearChangeLogs(UserChangeLogScheduler.java:18)
	at jdk.internal.reflect.GeneratedMethodAccessor26.invoke(Unknown Source)
	at java.base/jdk.internal.reflect.DelegatingMethodAccessorImpl.invoke(DelegatingMethodAccessorImpl.java:43)
	at java.base/java.lang.reflect.Method.invoke(Method.java:568)
	at org.springframework.scheduling.support.ScheduledMethodRunnable.runInternal(ScheduledMethodRunnable.java:130)
	at org.springframework.scheduling.support.ScheduledMethodRunnable.lambda$run$2(ScheduledMethodRunnable.java:124)
	at io.micrometer.observation.Observation.observe(Observation.java:499)
	at org.springframework.scheduling.support.ScheduledMethodRunnable.run(ScheduledMethodRunnable.java:124)
	at org.springframework.scheduling.support.DelegatingErrorHandlingRunnable.run(DelegatingErrorHandlingRunnable.java:54)
	at java.base/java.util.concurrent.Executors$RunnableAdapter.call(Executors.java:539)
	at java.base/java.util.concurrent.FutureTask.runAndReset(FutureTask.java:305)
	at java.base/java.util.concurrent.ScheduledThreadPoolExecutor$ScheduledFutureTask.run(ScheduledThreadPoolExecutor.java:305)
	at java.base/java.util.concurrent.ThreadPoolExecutor.runWorker(ThreadPoolExecutor.java:1136)
	at java.base/java.util.concurrent.ThreadPoolExecutor$Worker.run(ThreadPoolExecutor.java:635)
	at java.base/java.lang.Thread.run(Thread.java:833)
2024-10-10 15:51:35 [scheduling-1] INFO  g.l.w.u.s.UserChangeLogScheduler - call clearChangeLog
2024-10-10 15:51:35 [scheduling-1] ERROR o.s.s.s.TaskUtils$LoggingErrorHandler - Unexpected error occurred in scheduled task
java.lang.NullPointerException: Cannot invoke "gov.la.webserver.user.service.UserChangeLogService.clearAllUserLogs()" because "this.userChangeLogService" is null
	at gov.la.webserver.user.scheduler.UserChangeLogScheduler.clearChangeLogs(UserChangeLogScheduler.java:18)
	at jdk.internal.reflect.GeneratedMethodAccessor26.invoke(Unknown Source)
	at java.base/jdk.internal.reflect.DelegatingMethodAccessorImpl.invoke(DelegatingMethodAccessorImpl.java:43)
	at java.base/java.lang.reflect.Method.invoke(Method.java:568)
	at org.springframework.scheduling.support.ScheduledMethodRunnable.runInternal(ScheduledMethodRunnable.java:130)
	at org.springframework.scheduling.support.ScheduledMethodRunnable.lambda$run$2(ScheduledMethodRunnable.java:124)
	at io.micrometer.observation.Observation.observe(Observation.java:499)
	at org.springframework.scheduling.support.ScheduledMethodRunnable.run(ScheduledMethodRunnable.java:124)
	at org.springframework.scheduling.support.DelegatingErrorHandlingRunnable.run(DelegatingErrorHandlingRunnable.java:54)
	at java.base/java.util.concurrent.Executors$RunnableAdapter.call(Executors.java:539)
	at java.base/java.util.concurrent.FutureTask.runAndReset(FutureTask.java:305)
	at java.base/java.util.concurrent.ScheduledThreadPoolExecutor$ScheduledFutureTask.run(ScheduledThreadPoolExecutor.java:305)
	at java.base/java.util.concurrent.ThreadPoolExecutor.runWorker(ThreadPoolExecutor.java:1136)
	at java.base/java.util.concurrent.ThreadPoolExecutor$Worker.run(ThreadPoolExecutor.java:635)
	at java.base/java.lang.Thread.run(Thread.java:833)
2024-10-10 15:51:45 [scheduling-1] INFO  g.l.w.u.s.UserChangeLogScheduler - call clearChangeLog
2024-10-10 15:51:45 [scheduling-1] ERROR o.s.s.s.TaskUtils$LoggingErrorHandler - Unexpected error occurred in scheduled task
java.lang.NullPointerException: Cannot invoke "gov.la.webserver.user.service.UserChangeLogService.clearAllUserLogs()" because "this.userChangeLogService" is null
	at gov.la.webserver.user.scheduler.UserChangeLogScheduler.clearChangeLogs(UserChangeLogScheduler.java:18)
	at jdk.internal.reflect.GeneratedMethodAccessor26.invoke(Unknown Source)
	at java.base/jdk.internal.reflect.DelegatingMethodAccessorImpl.invoke(DelegatingMethodAccessorImpl.java:43)
	at java.base/java.lang.reflect.Method.invoke(Method.java:568)
	at org.springframework.scheduling.support.ScheduledMethodRunnable.runInternal(ScheduledMethodRunnable.java:130)
	at org.springframework.scheduling.support.ScheduledMethodRunnable.lambda$run$2(ScheduledMethodRunnable.java:124)
	at io.micrometer.observation.Observation.observe(Observation.java:499)
	at org.springframework.scheduling.support.ScheduledMethodRunnable.run(ScheduledMethodRunnable.java:124)
	at org.springframework.scheduling.support.DelegatingErrorHandlingRunnable.run(DelegatingErrorHandlingRunnable.java:54)
	at java.base/java.util.concurrent.Executors$RunnableAdapter.call(Executors.java:539)
	at java.base/java.util.concurrent.FutureTask.runAndReset(FutureTask.java:305)
	at java.base/java.util.concurrent.ScheduledThreadPoolExecutor$ScheduledFutureTask.run(ScheduledThreadPoolExecutor.java:305)
	at java.base/java.util.concurrent.ThreadPoolExecutor.runWorker(ThreadPoolExecutor.java:1136)
	at java.base/java.util.concurrent.ThreadPoolExecutor$Worker.run(ThreadPoolExecutor.java:635)
	at java.base/java.lang.Thread.run(Thread.java:833)
2024-10-10 15:51:55 [scheduling-1] INFO  g.l.w.u.s.UserChangeLogScheduler - call clearChangeLog
2024-10-10 15:51:55 [scheduling-1] ERROR o.s.s.s.TaskUtils$LoggingErrorHandler - Unexpected error occurred in scheduled task
java.lang.NullPointerException: Cannot invoke "gov.la.webserver.user.service.UserChangeLogService.clearAllUserLogs()" because "this.userChangeLogService" is null
	at gov.la.webserver.user.scheduler.UserChangeLogScheduler.clearChangeLogs(UserChangeLogScheduler.java:18)
	at jdk.internal.reflect.GeneratedMethodAccessor26.invoke(Unknown Source)
	at java.base/jdk.internal.reflect.DelegatingMethodAccessorImpl.invoke(DelegatingMethodAccessorImpl.java:43)
	at java.base/java.lang.reflect.Method.invoke(Method.java:568)
	at org.springframework.scheduling.support.ScheduledMethodRunnable.runInternal(ScheduledMethodRunnable.java:130)
	at org.springframework.scheduling.support.ScheduledMethodRunnable.lambda$run$2(ScheduledMethodRunnable.java:124)
	at io.micrometer.observation.Observation.observe(Observation.java:499)
	at org.springframework.scheduling.support.ScheduledMethodRunnable.run(ScheduledMethodRunnable.java:124)
	at org.springframework.scheduling.support.DelegatingErrorHandlingRunnable.run(DelegatingErrorHandlingRunnable.java:54)
	at java.base/java.util.concurrent.Executors$RunnableAdapter.call(Executors.java:539)
	at java.base/java.util.concurrent.FutureTask.runAndReset(FutureTask.java:305)
	at java.base/java.util.concurrent.ScheduledThreadPoolExecutor$ScheduledFutureTask.run(ScheduledThreadPoolExecutor.java:305)
	at java.base/java.util.concurrent.ThreadPoolExecutor.runWorker(ThreadPoolExecutor.java:1136)
	at java.base/java.util.concurrent.ThreadPoolExecutor$Worker.run(ThreadPoolExecutor.java:635)
	at java.base/java.lang.Thread.run(Thread.java:833)
2024-10-10 15:52:05 [scheduling-1] INFO  g.l.w.u.s.UserChangeLogScheduler - call clearChangeLog
2024-10-10 15:52:05 [scheduling-1] ERROR o.s.s.s.TaskUtils$LoggingErrorHandler - Unexpected error occurred in scheduled task
java.lang.NullPointerException: Cannot invoke "gov.la.webserver.user.service.UserChangeLogService.clearAllUserLogs()" because "this.userChangeLogService" is null
	at gov.la.webserver.user.scheduler.UserChangeLogScheduler.clearChangeLogs(UserChangeLogScheduler.java:18)
	at jdk.internal.reflect.GeneratedMethodAccessor26.invoke(Unknown Source)
	at java.base/jdk.internal.reflect.DelegatingMethodAccessorImpl.invoke(DelegatingMethodAccessorImpl.java:43)
	at java.base/java.lang.reflect.Method.invoke(Method.java:568)
	at org.springframework.scheduling.support.ScheduledMethodRunnable.runInternal(ScheduledMethodRunnable.java:130)
	at org.springframework.scheduling.support.ScheduledMethodRunnable.lambda$run$2(ScheduledMethodRunnable.java:124)
	at io.micrometer.observation.Observation.observe(Observation.java:499)
	at org.springframework.scheduling.support.ScheduledMethodRunnable.run(ScheduledMethodRunnable.java:124)
	at org.springframework.scheduling.support.DelegatingErrorHandlingRunnable.run(DelegatingErrorHandlingRunnable.java:54)
	at java.base/java.util.concurrent.Executors$RunnableAdapter.call(Executors.java:539)
	at java.base/java.util.concurrent.FutureTask.runAndReset(FutureTask.java:305)
	at java.base/java.util.concurrent.ScheduledThreadPoolExecutor$ScheduledFutureTask.run(ScheduledThreadPoolExecutor.java:305)
	at java.base/java.util.concurrent.ThreadPoolExecutor.runWorker(ThreadPoolExecutor.java:1136)
	at java.base/java.util.concurrent.ThreadPoolExecutor$Worker.run(ThreadPoolExecutor.java:635)
	at java.base/java.lang.Thread.run(Thread.java:833)
2024-10-10 15:52:15 [scheduling-1] INFO  g.l.w.u.s.UserChangeLogScheduler - call clearChangeLog
2024-10-10 15:52:15 [scheduling-1] ERROR o.s.s.s.TaskUtils$LoggingErrorHandler - Unexpected error occurred in scheduled task
java.lang.NullPointerException: Cannot invoke "gov.la.webserver.user.service.UserChangeLogService.clearAllUserLogs()" because "this.userChangeLogService" is null
	at gov.la.webserver.user.scheduler.UserChangeLogScheduler.clearChangeLogs(UserChangeLogScheduler.java:18)
	at jdk.internal.reflect.GeneratedMethodAccessor26.invoke(Unknown Source)
	at java.base/jdk.internal.reflect.DelegatingMethodAccessorImpl.invoke(DelegatingMethodAccessorImpl.java:43)
	at java.base/java.lang.reflect.Method.invoke(Method.java:568)
	at org.springframework.scheduling.support.ScheduledMethodRunnable.runInternal(ScheduledMethodRunnable.java:130)
	at org.springframework.scheduling.support.ScheduledMethodRunnable.lambda$run$2(ScheduledMethodRunnable.java:124)
	at io.micrometer.observation.Observation.observe(Observation.java:499)
	at org.springframework.scheduling.support.ScheduledMethodRunnable.run(ScheduledMethodRunnable.java:124)
	at org.springframework.scheduling.support.DelegatingErrorHandlingRunnable.run(DelegatingErrorHandlingRunnable.java:54)
	at java.base/java.util.concurrent.Executors$RunnableAdapter.call(Executors.java:539)
	at java.base/java.util.concurrent.FutureTask.runAndReset(FutureTask.java:305)
	at java.base/java.util.concurrent.ScheduledThreadPoolExecutor$ScheduledFutureTask.run(ScheduledThreadPoolExecutor.java:305)
	at java.base/java.util.concurrent.ThreadPoolExecutor.runWorker(ThreadPoolExecutor.java:1136)
	at java.base/java.util.concurrent.ThreadPoolExecutor$Worker.run(ThreadPoolExecutor.java:635)
	at java.base/java.lang.Thread.run(Thread.java:833)
2024-10-10 15:52:25 [scheduling-1] INFO  g.l.w.u.s.UserChangeLogScheduler - call clearChangeLog
2024-10-10 15:52:25 [scheduling-1] ERROR o.s.s.s.TaskUtils$LoggingErrorHandler - Unexpected error occurred in scheduled task
java.lang.NullPointerException: Cannot invoke "gov.la.webserver.user.service.UserChangeLogService.clearAllUserLogs()" because "this.userChangeLogService" is null
	at gov.la.webserver.user.scheduler.UserChangeLogScheduler.clearChangeLogs(UserChangeLogScheduler.java:18)
	at jdk.internal.reflect.GeneratedMethodAccessor26.invoke(Unknown Source)
	at java.base/jdk.internal.reflect.DelegatingMethodAccessorImpl.invoke(DelegatingMethodAccessorImpl.java:43)
	at java.base/java.lang.reflect.Method.invoke(Method.java:568)
	at org.springframework.scheduling.support.ScheduledMethodRunnable.runInternal(ScheduledMethodRunnable.java:130)
	at org.springframework.scheduling.support.ScheduledMethodRunnable.lambda$run$2(ScheduledMethodRunnable.java:124)
	at io.micrometer.observation.Observation.observe(Observation.java:499)
	at org.springframework.scheduling.support.ScheduledMethodRunnable.run(ScheduledMethodRunnable.java:124)
	at org.springframework.scheduling.support.DelegatingErrorHandlingRunnable.run(DelegatingErrorHandlingRunnable.java:54)
	at java.base/java.util.concurrent.Executors$RunnableAdapter.call(Executors.java:539)
	at java.base/java.util.concurrent.FutureTask.runAndReset(FutureTask.java:305)
	at java.base/java.util.concurrent.ScheduledThreadPoolExecutor$ScheduledFutureTask.run(ScheduledThreadPoolExecutor.java:305)
	at java.base/java.util.concurrent.ThreadPoolExecutor.runWorker(ThreadPoolExecutor.java:1136)
	at java.base/java.util.concurrent.ThreadPoolExecutor$Worker.run(ThreadPoolExecutor.java:635)
	at java.base/java.lang.Thread.run(Thread.java:833)
2024-10-10 15:52:35 [scheduling-1] INFO  g.l.w.u.s.UserChangeLogScheduler - call clearChangeLog
2024-10-10 15:52:35 [scheduling-1] ERROR o.s.s.s.TaskUtils$LoggingErrorHandler - Unexpected error occurred in scheduled task
java.lang.NullPointerException: Cannot invoke "gov.la.webserver.user.service.UserChangeLogService.clearAllUserLogs()" because "this.userChangeLogService" is null
	at gov.la.webserver.user.scheduler.UserChangeLogScheduler.clearChangeLogs(UserChangeLogScheduler.java:18)
	at jdk.internal.reflect.GeneratedMethodAccessor26.invoke(Unknown Source)
	at java.base/jdk.internal.reflect.DelegatingMethodAccessorImpl.invoke(DelegatingMethodAccessorImpl.java:43)
	at java.base/java.lang.reflect.Method.invoke(Method.java:568)
	at org.springframework.scheduling.support.ScheduledMethodRunnable.runInternal(ScheduledMethodRunnable.java:130)
	at org.springframework.scheduling.support.ScheduledMethodRunnable.lambda$run$2(ScheduledMethodRunnable.java:124)
	at io.micrometer.observation.Observation.observe(Observation.java:499)
	at org.springframework.scheduling.support.ScheduledMethodRunnable.run(ScheduledMethodRunnable.java:124)
	at org.springframework.scheduling.support.DelegatingErrorHandlingRunnable.run(DelegatingErrorHandlingRunnable.java:54)
	at java.base/java.util.concurrent.Executors$RunnableAdapter.call(Executors.java:539)
	at java.base/java.util.concurrent.FutureTask.runAndReset(FutureTask.java:305)
	at java.base/java.util.concurrent.ScheduledThreadPoolExecutor$ScheduledFutureTask.run(ScheduledThreadPoolExecutor.java:305)
	at java.base/java.util.concurrent.ThreadPoolExecutor.runWorker(ThreadPoolExecutor.java:1136)
	at java.base/java.util.concurrent.ThreadPoolExecutor$Worker.run(ThreadPoolExecutor.java:635)
	at java.base/java.lang.Thread.run(Thread.java:833)
2024-10-10 15:52:45 [scheduling-1] INFO  g.l.w.u.s.UserChangeLogScheduler - call clearChangeLog
2024-10-10 15:52:45 [scheduling-1] ERROR o.s.s.s.TaskUtils$LoggingErrorHandler - Unexpected error occurred in scheduled task
java.lang.NullPointerException: Cannot invoke "gov.la.webserver.user.service.UserChangeLogService.clearAllUserLogs()" because "this.userChangeLogService" is null
	at gov.la.webserver.user.scheduler.UserChangeLogScheduler.clearChangeLogs(UserChangeLogScheduler.java:18)
	at jdk.internal.reflect.GeneratedMethodAccessor26.invoke(Unknown Source)
	at java.base/jdk.internal.reflect.DelegatingMethodAccessorImpl.invoke(DelegatingMethodAccessorImpl.java:43)
	at java.base/java.lang.reflect.Method.invoke(Method.java:568)
	at org.springframework.scheduling.support.ScheduledMethodRunnable.runInternal(ScheduledMethodRunnable.java:130)
	at org.springframework.scheduling.support.ScheduledMethodRunnable.lambda$run$2(ScheduledMethodRunnable.java:124)
	at io.micrometer.observation.Observation.observe(Observation.java:499)
	at org.springframework.scheduling.support.ScheduledMethodRunnable.run(ScheduledMethodRunnable.java:124)
	at org.springframework.scheduling.support.DelegatingErrorHandlingRunnable.run(DelegatingErrorHandlingRunnable.java:54)
	at java.base/java.util.concurrent.Executors$RunnableAdapter.call(Executors.java:539)
	at java.base/java.util.concurrent.FutureTask.runAndReset(FutureTask.java:305)
	at java.base/java.util.concurrent.ScheduledThreadPoolExecutor$ScheduledFutureTask.run(ScheduledThreadPoolExecutor.java:305)
	at java.base/java.util.concurrent.ThreadPoolExecutor.runWorker(ThreadPoolExecutor.java:1136)
	at java.base/java.util.concurrent.ThreadPoolExecutor$Worker.run(ThreadPoolExecutor.java:635)
	at java.base/java.lang.Thread.run(Thread.java:833)
2024-10-10 15:52:55 [scheduling-1] INFO  g.l.w.u.s.UserChangeLogScheduler - call clearChangeLog
2024-10-10 15:52:55 [scheduling-1] ERROR o.s.s.s.TaskUtils$LoggingErrorHandler - Unexpected error occurred in scheduled task
java.lang.NullPointerException: Cannot invoke "gov.la.webserver.user.service.UserChangeLogService.clearAllUserLogs()" because "this.userChangeLogService" is null
	at gov.la.webserver.user.scheduler.UserChangeLogScheduler.clearChangeLogs(UserChangeLogScheduler.java:18)
	at jdk.internal.reflect.GeneratedMethodAccessor26.invoke(Unknown Source)
	at java.base/jdk.internal.reflect.DelegatingMethodAccessorImpl.invoke(DelegatingMethodAccessorImpl.java:43)
	at java.base/java.lang.reflect.Method.invoke(Method.java:568)
	at org.springframework.scheduling.support.ScheduledMethodRunnable.runInternal(ScheduledMethodRunnable.java:130)
	at org.springframework.scheduling.support.ScheduledMethodRunnable.lambda$run$2(ScheduledMethodRunnable.java:124)
	at io.micrometer.observation.Observation.observe(Observation.java:499)
	at org.springframework.scheduling.support.ScheduledMethodRunnable.run(ScheduledMethodRunnable.java:124)
	at org.springframework.scheduling.support.DelegatingErrorHandlingRunnable.run(DelegatingErrorHandlingRunnable.java:54)
	at java.base/java.util.concurrent.Executors$RunnableAdapter.call(Executors.java:539)
	at java.base/java.util.concurrent.FutureTask.runAndReset(FutureTask.java:305)
	at java.base/java.util.concurrent.ScheduledThreadPoolExecutor$ScheduledFutureTask.run(ScheduledThreadPoolExecutor.java:305)
	at java.base/java.util.concurrent.ThreadPoolExecutor.runWorker(ThreadPoolExecutor.java:1136)
	at java.base/java.util.concurrent.ThreadPoolExecutor$Worker.run(ThreadPoolExecutor.java:635)
	at java.base/java.lang.Thread.run(Thread.java:833)
2024-10-10 15:53:05 [scheduling-1] INFO  g.l.w.u.s.UserChangeLogScheduler - call clearChangeLog
2024-10-10 15:53:05 [scheduling-1] ERROR o.s.s.s.TaskUtils$LoggingErrorHandler - Unexpected error occurred in scheduled task
java.lang.NullPointerException: Cannot invoke "gov.la.webserver.user.service.UserChangeLogService.clearAllUserLogs()" because "this.userChangeLogService" is null
	at gov.la.webserver.user.scheduler.UserChangeLogScheduler.clearChangeLogs(UserChangeLogScheduler.java:18)
	at jdk.internal.reflect.GeneratedMethodAccessor26.invoke(Unknown Source)
	at java.base/jdk.internal.reflect.DelegatingMethodAccessorImpl.invoke(DelegatingMethodAccessorImpl.java:43)
	at java.base/java.lang.reflect.Method.invoke(Method.java:568)
	at org.springframework.scheduling.support.ScheduledMethodRunnable.runInternal(ScheduledMethodRunnable.java:130)
	at org.springframework.scheduling.support.ScheduledMethodRunnable.lambda$run$2(ScheduledMethodRunnable.java:124)
	at io.micrometer.observation.Observation.observe(Observation.java:499)
	at org.springframework.scheduling.support.ScheduledMethodRunnable.run(ScheduledMethodRunnable.java:124)
	at org.springframework.scheduling.support.DelegatingErrorHandlingRunnable.run(DelegatingErrorHandlingRunnable.java:54)
	at java.base/java.util.concurrent.Executors$RunnableAdapter.call(Executors.java:539)
	at java.base/java.util.concurrent.FutureTask.runAndReset(FutureTask.java:305)
	at java.base/java.util.concurrent.ScheduledThreadPoolExecutor$ScheduledFutureTask.run(ScheduledThreadPoolExecutor.java:305)
	at java.base/java.util.concurrent.ThreadPoolExecutor.runWorker(ThreadPoolExecutor.java:1136)
	at java.base/java.util.concurrent.ThreadPoolExecutor$Worker.run(ThreadPoolExecutor.java:635)
	at java.base/java.lang.Thread.run(Thread.java:833)
2024-10-10 15:53:15 [scheduling-1] INFO  g.l.w.u.s.UserChangeLogScheduler - call clearChangeLog
2024-10-10 15:53:15 [scheduling-1] ERROR o.s.s.s.TaskUtils$LoggingErrorHandler - Unexpected error occurred in scheduled task
java.lang.NullPointerException: Cannot invoke "gov.la.webserver.user.service.UserChangeLogService.clearAllUserLogs()" because "this.userChangeLogService" is null
	at gov.la.webserver.user.scheduler.UserChangeLogScheduler.clearChangeLogs(UserChangeLogScheduler.java:18)
	at jdk.internal.reflect.GeneratedMethodAccessor26.invoke(Unknown Source)
	at java.base/jdk.internal.reflect.DelegatingMethodAccessorImpl.invoke(DelegatingMethodAccessorImpl.java:43)
	at java.base/java.lang.reflect.Method.invoke(Method.java:568)
	at org.springframework.scheduling.support.ScheduledMethodRunnable.runInternal(ScheduledMethodRunnable.java:130)
	at org.springframework.scheduling.support.ScheduledMethodRunnable.lambda$run$2(ScheduledMethodRunnable.java:124)
	at io.micrometer.observation.Observation.observe(Observation.java:499)
	at org.springframework.scheduling.support.ScheduledMethodRunnable.run(ScheduledMethodRunnable.java:124)
	at org.springframework.scheduling.support.DelegatingErrorHandlingRunnable.run(DelegatingErrorHandlingRunnable.java:54)
	at java.base/java.util.concurrent.Executors$RunnableAdapter.call(Executors.java:539)
	at java.base/java.util.concurrent.FutureTask.runAndReset(FutureTask.java:305)
	at java.base/java.util.concurrent.ScheduledThreadPoolExecutor$ScheduledFutureTask.run(ScheduledThreadPoolExecutor.java:305)
	at java.base/java.util.concurrent.ThreadPoolExecutor.runWorker(ThreadPoolExecutor.java:1136)
	at java.base/java.util.concurrent.ThreadPoolExecutor$Worker.run(ThreadPoolExecutor.java:635)
	at java.base/java.lang.Thread.run(Thread.java:833)
2024-10-10 15:53:25 [scheduling-1] INFO  g.l.w.u.s.UserChangeLogScheduler - call clearChangeLog
2024-10-10 15:53:25 [scheduling-1] ERROR o.s.s.s.TaskUtils$LoggingErrorHandler - Unexpected error occurred in scheduled task
java.lang.NullPointerException: Cannot invoke "gov.la.webserver.user.service.UserChangeLogService.clearAllUserLogs()" because "this.userChangeLogService" is null
	at gov.la.webserver.user.scheduler.UserChangeLogScheduler.clearChangeLogs(UserChangeLogScheduler.java:18)
	at jdk.internal.reflect.GeneratedMethodAccessor26.invoke(Unknown Source)
	at java.base/jdk.internal.reflect.DelegatingMethodAccessorImpl.invoke(DelegatingMethodAccessorImpl.java:43)
	at java.base/java.lang.reflect.Method.invoke(Method.java:568)
	at org.springframework.scheduling.support.ScheduledMethodRunnable.runInternal(ScheduledMethodRunnable.java:130)
	at org.springframework.scheduling.support.ScheduledMethodRunnable.lambda$run$2(ScheduledMethodRunnable.java:124)
	at io.micrometer.observation.Observation.observe(Observation.java:499)
	at org.springframework.scheduling.support.ScheduledMethodRunnable.run(ScheduledMethodRunnable.java:124)
	at org.springframework.scheduling.support.DelegatingErrorHandlingRunnable.run(DelegatingErrorHandlingRunnable.java:54)
	at java.base/java.util.concurrent.Executors$RunnableAdapter.call(Executors.java:539)
	at java.base/java.util.concurrent.FutureTask.runAndReset(FutureTask.java:305)
	at java.base/java.util.concurrent.ScheduledThreadPoolExecutor$ScheduledFutureTask.run(ScheduledThreadPoolExecutor.java:305)
	at java.base/java.util.concurrent.ThreadPoolExecutor.runWorker(ThreadPoolExecutor.java:1136)
	at java.base/java.util.concurrent.ThreadPoolExecutor$Worker.run(ThreadPoolExecutor.java:635)
	at java.base/java.lang.Thread.run(Thread.java:833)
2024-10-10 15:53:35 [scheduling-1] INFO  g.l.w.u.s.UserChangeLogScheduler - call clearChangeLog
2024-10-10 15:53:35 [scheduling-1] ERROR o.s.s.s.TaskUtils$LoggingErrorHandler - Unexpected error occurred in scheduled task
java.lang.NullPointerException: Cannot invoke "gov.la.webserver.user.service.UserChangeLogService.clearAllUserLogs()" because "this.userChangeLogService" is null
	at gov.la.webserver.user.scheduler.UserChangeLogScheduler.clearChangeLogs(UserChangeLogScheduler.java:18)
	at jdk.internal.reflect.GeneratedMethodAccessor26.invoke(Unknown Source)
	at java.base/jdk.internal.reflect.DelegatingMethodAccessorImpl.invoke(DelegatingMethodAccessorImpl.java:43)
	at java.base/java.lang.reflect.Method.invoke(Method.java:568)
	at org.springframework.scheduling.support.ScheduledMethodRunnable.runInternal(ScheduledMethodRunnable.java:130)
	at org.springframework.scheduling.support.ScheduledMethodRunnable.lambda$run$2(ScheduledMethodRunnable.java:124)
	at io.micrometer.observation.Observation.observe(Observation.java:499)
	at org.springframework.scheduling.support.ScheduledMethodRunnable.run(ScheduledMethodRunnable.java:124)
	at org.springframework.scheduling.support.DelegatingErrorHandlingRunnable.run(DelegatingErrorHandlingRunnable.java:54)
	at java.base/java.util.concurrent.Executors$RunnableAdapter.call(Executors.java:539)
	at java.base/java.util.concurrent.FutureTask.runAndReset(FutureTask.java:305)
	at java.base/java.util.concurrent.ScheduledThreadPoolExecutor$ScheduledFutureTask.run(ScheduledThreadPoolExecutor.java:305)
	at java.base/java.util.concurrent.ThreadPoolExecutor.runWorker(ThreadPoolExecutor.java:1136)
	at java.base/java.util.concurrent.ThreadPoolExecutor$Worker.run(ThreadPoolExecutor.java:635)
	at java.base/java.lang.Thread.run(Thread.java:833)
2024-10-10 15:54:43 [scheduling-1] INFO  g.l.w.u.s.UserChangeLogScheduler - call clearChangeLog
2024-10-10 15:54:43 [scheduling-1] ERROR o.s.s.s.TaskUtils$LoggingErrorHandler - Unexpected error occurred in scheduled task
java.lang.NullPointerException: Cannot invoke "gov.la.webserver.user.service.UserChangeLogService.clearAllUserLogs()" because "this.userChangeLogService" is null
	at gov.la.webserver.user.scheduler.UserChangeLogScheduler.clearChangeLogs(UserChangeLogScheduler.java:18)
	at jdk.internal.reflect.GeneratedMethodAccessor26.invoke(Unknown Source)
	at java.base/jdk.internal.reflect.DelegatingMethodAccessorImpl.invoke(DelegatingMethodAccessorImpl.java:43)
	at java.base/java.lang.reflect.Method.invoke(Method.java:568)
	at org.springframework.scheduling.support.ScheduledMethodRunnable.runInternal(ScheduledMethodRunnable.java:130)
	at org.springframework.scheduling.support.ScheduledMethodRunnable.lambda$run$2(ScheduledMethodRunnable.java:124)
	at io.micrometer.observation.Observation.observe(Observation.java:499)
	at org.springframework.scheduling.support.ScheduledMethodRunnable.run(ScheduledMethodRunnable.java:124)
	at org.springframework.scheduling.support.DelegatingErrorHandlingRunnable.run(DelegatingErrorHandlingRunnable.java:54)
	at java.base/java.util.concurrent.Executors$RunnableAdapter.call(Executors.java:539)
	at java.base/java.util.concurrent.FutureTask.runAndReset(FutureTask.java:305)
	at java.base/java.util.concurrent.ScheduledThreadPoolExecutor$ScheduledFutureTask.run(ScheduledThreadPoolExecutor.java:305)
	at java.base/java.util.concurrent.ThreadPoolExecutor.runWorker(ThreadPoolExecutor.java:1136)
	at java.base/java.util.concurrent.ThreadPoolExecutor$Worker.run(ThreadPoolExecutor.java:635)
	at java.base/java.lang.Thread.run(Thread.java:833)
2024-10-10 15:54:43 [scheduling-1] INFO  g.l.w.u.s.UserChangeLogScheduler - call clearChangeLog
2024-10-10 15:54:43 [scheduling-1] ERROR o.s.s.s.TaskUtils$LoggingErrorHandler - Unexpected error occurred in scheduled task
java.lang.NullPointerException: Cannot invoke "gov.la.webserver.user.service.UserChangeLogService.clearAllUserLogs()" because "this.userChangeLogService" is null
	at gov.la.webserver.user.scheduler.UserChangeLogScheduler.clearChangeLogs(UserChangeLogScheduler.java:18)
	at jdk.internal.reflect.GeneratedMethodAccessor26.invoke(Unknown Source)
	at java.base/jdk.internal.reflect.DelegatingMethodAccessorImpl.invoke(DelegatingMethodAccessorImpl.java:43)
	at java.base/java.lang.reflect.Method.invoke(Method.java:568)
	at org.springframework.scheduling.support.ScheduledMethodRunnable.runInternal(ScheduledMethodRunnable.java:130)
	at org.springframework.scheduling.support.ScheduledMethodRunnable.lambda$run$2(ScheduledMethodRunnable.java:124)
	at io.micrometer.observation.Observation.observe(Observation.java:499)
	at org.springframework.scheduling.support.ScheduledMethodRunnable.run(ScheduledMethodRunnable.java:124)
	at org.springframework.scheduling.support.DelegatingErrorHandlingRunnable.run(DelegatingErrorHandlingRunnable.java:54)
	at java.base/java.util.concurrent.Executors$RunnableAdapter.call(Executors.java:539)
	at java.base/java.util.concurrent.FutureTask.runAndReset(FutureTask.java:305)
	at java.base/java.util.concurrent.ScheduledThreadPoolExecutor$ScheduledFutureTask.run(ScheduledThreadPoolExecutor.java:305)
	at java.base/java.util.concurrent.ThreadPoolExecutor.runWorker(ThreadPoolExecutor.java:1136)
	at java.base/java.util.concurrent.ThreadPoolExecutor$Worker.run(ThreadPoolExecutor.java:635)
	at java.base/java.lang.Thread.run(Thread.java:833)
2024-10-10 15:54:43 [scheduling-1] INFO  g.l.w.u.s.UserChangeLogScheduler - call clearChangeLog
2024-10-10 15:54:43 [scheduling-1] ERROR o.s.s.s.TaskUtils$LoggingErrorHandler - Unexpected error occurred in scheduled task
java.lang.NullPointerException: Cannot invoke "gov.la.webserver.user.service.UserChangeLogService.clearAllUserLogs()" because "this.userChangeLogService" is null
	at gov.la.webserver.user.scheduler.UserChangeLogScheduler.clearChangeLogs(UserChangeLogScheduler.java:18)
	at jdk.internal.reflect.GeneratedMethodAccessor26.invoke(Unknown Source)
	at java.base/jdk.internal.reflect.DelegatingMethodAccessorImpl.invoke(DelegatingMethodAccessorImpl.java:43)
	at java.base/java.lang.reflect.Method.invoke(Method.java:568)
	at org.springframework.scheduling.support.ScheduledMethodRunnable.runInternal(ScheduledMethodRunnable.java:130)
	at org.springframework.scheduling.support.ScheduledMethodRunnable.lambda$run$2(ScheduledMethodRunnable.java:124)
	at io.micrometer.observation.Observation.observe(Observation.java:499)
	at org.springframework.scheduling.support.ScheduledMethodRunnable.run(ScheduledMethodRunnable.java:124)
	at org.springframework.scheduling.support.DelegatingErrorHandlingRunnable.run(DelegatingErrorHandlingRunnable.java:54)
	at java.base/java.util.concurrent.Executors$RunnableAdapter.call(Executors.java:539)
	at java.base/java.util.concurrent.FutureTask.runAndReset(FutureTask.java:305)
	at java.base/java.util.concurrent.ScheduledThreadPoolExecutor$ScheduledFutureTask.run(ScheduledThreadPoolExecutor.java:305)
	at java.base/java.util.concurrent.ThreadPoolExecutor.runWorker(ThreadPoolExecutor.java:1136)
	at java.base/java.util.concurrent.ThreadPoolExecutor$Worker.run(ThreadPoolExecutor.java:635)
	at java.base/java.lang.Thread.run(Thread.java:833)
2024-10-10 15:54:43 [scheduling-1] INFO  g.l.w.u.s.UserChangeLogScheduler - call clearChangeLog
2024-10-10 15:54:43 [scheduling-1] ERROR o.s.s.s.TaskUtils$LoggingErrorHandler - Unexpected error occurred in scheduled task
java.lang.NullPointerException: Cannot invoke "gov.la.webserver.user.service.UserChangeLogService.clearAllUserLogs()" because "this.userChangeLogService" is null
	at gov.la.webserver.user.scheduler.UserChangeLogScheduler.clearChangeLogs(UserChangeLogScheduler.java:18)
	at jdk.internal.reflect.GeneratedMethodAccessor26.invoke(Unknown Source)
	at java.base/jdk.internal.reflect.DelegatingMethodAccessorImpl.invoke(DelegatingMethodAccessorImpl.java:43)
	at java.base/java.lang.reflect.Method.invoke(Method.java:568)
	at org.springframework.scheduling.support.ScheduledMethodRunnable.runInternal(ScheduledMethodRunnable.java:130)
	at org.springframework.scheduling.support.ScheduledMethodRunnable.lambda$run$2(ScheduledMethodRunnable.java:124)
	at io.micrometer.observation.Observation.observe(Observation.java:499)
	at org.springframework.scheduling.support.ScheduledMethodRunnable.run(ScheduledMethodRunnable.java:124)
	at org.springframework.scheduling.support.DelegatingErrorHandlingRunnable.run(DelegatingErrorHandlingRunnable.java:54)
	at java.base/java.util.concurrent.Executors$RunnableAdapter.call(Executors.java:539)
	at java.base/java.util.concurrent.FutureTask.runAndReset(FutureTask.java:305)
	at java.base/java.util.concurrent.ScheduledThreadPoolExecutor$ScheduledFutureTask.run(ScheduledThreadPoolExecutor.java:305)
	at java.base/java.util.concurrent.ThreadPoolExecutor.runWorker(ThreadPoolExecutor.java:1136)
	at java.base/java.util.concurrent.ThreadPoolExecutor$Worker.run(ThreadPoolExecutor.java:635)
	at java.base/java.lang.Thread.run(Thread.java:833)
2024-10-10 15:54:43 [scheduling-1] INFO  g.l.w.u.s.UserChangeLogScheduler - call clearChangeLog
2024-10-10 15:54:43 [scheduling-1] ERROR o.s.s.s.TaskUtils$LoggingErrorHandler - Unexpected error occurred in scheduled task
java.lang.NullPointerException: Cannot invoke "gov.la.webserver.user.service.UserChangeLogService.clearAllUserLogs()" because "this.userChangeLogService" is null
	at gov.la.webserver.user.scheduler.UserChangeLogScheduler.clearChangeLogs(UserChangeLogScheduler.java:18)
	at jdk.internal.reflect.GeneratedMethodAccessor26.invoke(Unknown Source)
	at java.base/jdk.internal.reflect.DelegatingMethodAccessorImpl.invoke(DelegatingMethodAccessorImpl.java:43)
	at java.base/java.lang.reflect.Method.invoke(Method.java:568)
	at org.springframework.scheduling.support.ScheduledMethodRunnable.runInternal(ScheduledMethodRunnable.java:130)
	at org.springframework.scheduling.support.ScheduledMethodRunnable.lambda$run$2(ScheduledMethodRunnable.java:124)
	at io.micrometer.observation.Observation.observe(Observation.java:499)
	at org.springframework.scheduling.support.ScheduledMethodRunnable.run(ScheduledMethodRunnable.java:124)
	at org.springframework.scheduling.support.DelegatingErrorHandlingRunnable.run(DelegatingErrorHandlingRunnable.java:54)
	at java.base/java.util.concurrent.Executors$RunnableAdapter.call(Executors.java:539)
	at java.base/java.util.concurrent.FutureTask.runAndReset(FutureTask.java:305)
	at java.base/java.util.concurrent.ScheduledThreadPoolExecutor$ScheduledFutureTask.run(ScheduledThreadPoolExecutor.java:305)
	at java.base/java.util.concurrent.ThreadPoolExecutor.runWorker(ThreadPoolExecutor.java:1136)
	at java.base/java.util.concurrent.ThreadPoolExecutor$Worker.run(ThreadPoolExecutor.java:635)
	at java.base/java.lang.Thread.run(Thread.java:833)
2024-10-10 15:54:43 [scheduling-1] INFO  g.l.w.u.s.UserChangeLogScheduler - call clearChangeLog
2024-10-10 15:54:43 [scheduling-1] ERROR o.s.s.s.TaskUtils$LoggingErrorHandler - Unexpected error occurred in scheduled task
java.lang.NullPointerException: Cannot invoke "gov.la.webserver.user.service.UserChangeLogService.clearAllUserLogs()" because "this.userChangeLogService" is null
	at gov.la.webserver.user.scheduler.UserChangeLogScheduler.clearChangeLogs(UserChangeLogScheduler.java:18)
	at jdk.internal.reflect.GeneratedMethodAccessor26.invoke(Unknown Source)
	at java.base/jdk.internal.reflect.DelegatingMethodAccessorImpl.invoke(DelegatingMethodAccessorImpl.java:43)
	at java.base/java.lang.reflect.Method.invoke(Method.java:568)
	at org.springframework.scheduling.support.ScheduledMethodRunnable.runInternal(ScheduledMethodRunnable.java:130)
	at org.springframework.scheduling.support.ScheduledMethodRunnable.lambda$run$2(ScheduledMethodRunnable.java:124)
	at io.micrometer.observation.Observation.observe(Observation.java:499)
	at org.springframework.scheduling.support.ScheduledMethodRunnable.run(ScheduledMethodRunnable.java:124)
	at org.springframework.scheduling.support.DelegatingErrorHandlingRunnable.run(DelegatingErrorHandlingRunnable.java:54)
	at java.base/java.util.concurrent.Executors$RunnableAdapter.call(Executors.java:539)
	at java.base/java.util.concurrent.FutureTask.runAndReset(FutureTask.java:305)
	at java.base/java.util.concurrent.ScheduledThreadPoolExecutor$ScheduledFutureTask.run(ScheduledThreadPoolExecutor.java:305)
	at java.base/java.util.concurrent.ThreadPoolExecutor.runWorker(ThreadPoolExecutor.java:1136)
	at java.base/java.util.concurrent.ThreadPoolExecutor$Worker.run(ThreadPoolExecutor.java:635)
	at java.base/java.lang.Thread.run(Thread.java:833)
2024-10-10 15:54:45 [scheduling-1] INFO  g.l.w.u.s.UserChangeLogScheduler - call clearChangeLog
2024-10-10 15:54:45 [scheduling-1] ERROR o.s.s.s.TaskUtils$LoggingErrorHandler - Unexpected error occurred in scheduled task
java.lang.NullPointerException: Cannot invoke "gov.la.webserver.user.service.UserChangeLogService.clearAllUserLogs()" because "this.userChangeLogService" is null
	at gov.la.webserver.user.scheduler.UserChangeLogScheduler.clearChangeLogs(UserChangeLogScheduler.java:18)
	at jdk.internal.reflect.GeneratedMethodAccessor26.invoke(Unknown Source)
	at java.base/jdk.internal.reflect.DelegatingMethodAccessorImpl.invoke(DelegatingMethodAccessorImpl.java:43)
	at java.base/java.lang.reflect.Method.invoke(Method.java:568)
	at org.springframework.scheduling.support.ScheduledMethodRunnable.runInternal(ScheduledMethodRunnable.java:130)
	at org.springframework.scheduling.support.ScheduledMethodRunnable.lambda$run$2(ScheduledMethodRunnable.java:124)
	at io.micrometer.observation.Observation.observe(Observation.java:499)
	at org.springframework.scheduling.support.ScheduledMethodRunnable.run(ScheduledMethodRunnable.java:124)
	at org.springframework.scheduling.support.DelegatingErrorHandlingRunnable.run(DelegatingErrorHandlingRunnable.java:54)
	at java.base/java.util.concurrent.Executors$RunnableAdapter.call(Executors.java:539)
	at java.base/java.util.concurrent.FutureTask.runAndReset(FutureTask.java:305)
	at java.base/java.util.concurrent.ScheduledThreadPoolExecutor$ScheduledFutureTask.run(ScheduledThreadPoolExecutor.java:305)
	at java.base/java.util.concurrent.ThreadPoolExecutor.runWorker(ThreadPoolExecutor.java:1136)
	at java.base/java.util.concurrent.ThreadPoolExecutor$Worker.run(ThreadPoolExecutor.java:635)
	at java.base/java.lang.Thread.run(Thread.java:833)
2024-10-10 15:54:47 [HikariPool-1 housekeeper] WARN  com.zaxxer.hikari.pool.HikariPool - HikariPool-1 - Thread starvation or clock leap detected (housekeeper delta=1m28s616ms975탎100ns).
2024-10-10 15:54:55 [scheduling-1] INFO  g.l.w.u.s.UserChangeLogScheduler - call clearChangeLog
2024-10-10 15:54:55 [scheduling-1] ERROR o.s.s.s.TaskUtils$LoggingErrorHandler - Unexpected error occurred in scheduled task
java.lang.NullPointerException: Cannot invoke "gov.la.webserver.user.service.UserChangeLogService.clearAllUserLogs()" because "this.userChangeLogService" is null
	at gov.la.webserver.user.scheduler.UserChangeLogScheduler.clearChangeLogs(UserChangeLogScheduler.java:18)
	at jdk.internal.reflect.GeneratedMethodAccessor26.invoke(Unknown Source)
	at java.base/jdk.internal.reflect.DelegatingMethodAccessorImpl.invoke(DelegatingMethodAccessorImpl.java:43)
	at java.base/java.lang.reflect.Method.invoke(Method.java:568)
	at org.springframework.scheduling.support.ScheduledMethodRunnable.runInternal(ScheduledMethodRunnable.java:130)
	at org.springframework.scheduling.support.ScheduledMethodRunnable.lambda$run$2(ScheduledMethodRunnable.java:124)
	at io.micrometer.observation.Observation.observe(Observation.java:499)
	at org.springframework.scheduling.support.ScheduledMethodRunnable.run(ScheduledMethodRunnable.java:124)
	at org.springframework.scheduling.support.DelegatingErrorHandlingRunnable.run(DelegatingErrorHandlingRunnable.java:54)
	at java.base/java.util.concurrent.Executors$RunnableAdapter.call(Executors.java:539)
	at java.base/java.util.concurrent.FutureTask.runAndReset(FutureTask.java:305)
	at java.base/java.util.concurrent.ScheduledThreadPoolExecutor$ScheduledFutureTask.run(ScheduledThreadPoolExecutor.java:305)
	at java.base/java.util.concurrent.ThreadPoolExecutor.runWorker(ThreadPoolExecutor.java:1136)
	at java.base/java.util.concurrent.ThreadPoolExecutor$Worker.run(ThreadPoolExecutor.java:635)
	at java.base/java.lang.Thread.run(Thread.java:833)
2024-10-10 15:55:05 [scheduling-1] INFO  g.l.w.u.s.UserChangeLogScheduler - call clearChangeLog
2024-10-10 15:55:05 [scheduling-1] ERROR o.s.s.s.TaskUtils$LoggingErrorHandler - Unexpected error occurred in scheduled task
java.lang.NullPointerException: Cannot invoke "gov.la.webserver.user.service.UserChangeLogService.clearAllUserLogs()" because "this.userChangeLogService" is null
	at gov.la.webserver.user.scheduler.UserChangeLogScheduler.clearChangeLogs(UserChangeLogScheduler.java:18)
	at jdk.internal.reflect.GeneratedMethodAccessor26.invoke(Unknown Source)
	at java.base/jdk.internal.reflect.DelegatingMethodAccessorImpl.invoke(DelegatingMethodAccessorImpl.java:43)
	at java.base/java.lang.reflect.Method.invoke(Method.java:568)
	at org.springframework.scheduling.support.ScheduledMethodRunnable.runInternal(ScheduledMethodRunnable.java:130)
	at org.springframework.scheduling.support.ScheduledMethodRunnable.lambda$run$2(ScheduledMethodRunnable.java:124)
	at io.micrometer.observation.Observation.observe(Observation.java:499)
	at org.springframework.scheduling.support.ScheduledMethodRunnable.run(ScheduledMethodRunnable.java:124)
	at org.springframework.scheduling.support.DelegatingErrorHandlingRunnable.run(DelegatingErrorHandlingRunnable.java:54)
	at java.base/java.util.concurrent.Executors$RunnableAdapter.call(Executors.java:539)
	at java.base/java.util.concurrent.FutureTask.runAndReset(FutureTask.java:305)
	at java.base/java.util.concurrent.ScheduledThreadPoolExecutor$ScheduledFutureTask.run(ScheduledThreadPoolExecutor.java:305)
	at java.base/java.util.concurrent.ThreadPoolExecutor.runWorker(ThreadPoolExecutor.java:1136)
	at java.base/java.util.concurrent.ThreadPoolExecutor$Worker.run(ThreadPoolExecutor.java:635)
	at java.base/java.lang.Thread.run(Thread.java:833)
2024-10-10 15:55:15 [scheduling-1] INFO  g.l.w.u.s.UserChangeLogScheduler - call clearChangeLog
2024-10-10 15:55:15 [scheduling-1] ERROR o.s.s.s.TaskUtils$LoggingErrorHandler - Unexpected error occurred in scheduled task
java.lang.NullPointerException: Cannot invoke "gov.la.webserver.user.service.UserChangeLogService.clearAllUserLogs()" because "this.userChangeLogService" is null
	at gov.la.webserver.user.scheduler.UserChangeLogScheduler.clearChangeLogs(UserChangeLogScheduler.java:18)
	at jdk.internal.reflect.GeneratedMethodAccessor26.invoke(Unknown Source)
	at java.base/jdk.internal.reflect.DelegatingMethodAccessorImpl.invoke(DelegatingMethodAccessorImpl.java:43)
	at java.base/java.lang.reflect.Method.invoke(Method.java:568)
	at org.springframework.scheduling.support.ScheduledMethodRunnable.runInternal(ScheduledMethodRunnable.java:130)
	at org.springframework.scheduling.support.ScheduledMethodRunnable.lambda$run$2(ScheduledMethodRunnable.java:124)
	at io.micrometer.observation.Observation.observe(Observation.java:499)
	at org.springframework.scheduling.support.ScheduledMethodRunnable.run(ScheduledMethodRunnable.java:124)
	at org.springframework.scheduling.support.DelegatingErrorHandlingRunnable.run(DelegatingErrorHandlingRunnable.java:54)
	at java.base/java.util.concurrent.Executors$RunnableAdapter.call(Executors.java:539)
	at java.base/java.util.concurrent.FutureTask.runAndReset(FutureTask.java:305)
	at java.base/java.util.concurrent.ScheduledThreadPoolExecutor$ScheduledFutureTask.run(ScheduledThreadPoolExecutor.java:305)
	at java.base/java.util.concurrent.ThreadPoolExecutor.runWorker(ThreadPoolExecutor.java:1136)
	at java.base/java.util.concurrent.ThreadPoolExecutor$Worker.run(ThreadPoolExecutor.java:635)
	at java.base/java.lang.Thread.run(Thread.java:833)
2024-10-10 15:55:20 [http-nio-8080-exec-5] INFO  g.l.w.u.c.UserChangeLogController - call getAllUsersChangelog
2024-10-10 15:55:25 [scheduling-1] INFO  g.l.w.u.s.UserChangeLogScheduler - call clearChangeLog
2024-10-10 15:55:25 [scheduling-1] ERROR o.s.s.s.TaskUtils$LoggingErrorHandler - Unexpected error occurred in scheduled task
java.lang.NullPointerException: Cannot invoke "gov.la.webserver.user.service.UserChangeLogService.clearAllUserLogs()" because "this.userChangeLogService" is null
	at gov.la.webserver.user.scheduler.UserChangeLogScheduler.clearChangeLogs(UserChangeLogScheduler.java:18)
	at jdk.internal.reflect.GeneratedMethodAccessor26.invoke(Unknown Source)
	at java.base/jdk.internal.reflect.DelegatingMethodAccessorImpl.invoke(DelegatingMethodAccessorImpl.java:43)
	at java.base/java.lang.reflect.Method.invoke(Method.java:568)
	at org.springframework.scheduling.support.ScheduledMethodRunnable.runInternal(ScheduledMethodRunnable.java:130)
	at org.springframework.scheduling.support.ScheduledMethodRunnable.lambda$run$2(ScheduledMethodRunnable.java:124)
	at io.micrometer.observation.Observation.observe(Observation.java:499)
	at org.springframework.scheduling.support.ScheduledMethodRunnable.run(ScheduledMethodRunnable.java:124)
	at org.springframework.scheduling.support.DelegatingErrorHandlingRunnable.run(DelegatingErrorHandlingRunnable.java:54)
	at java.base/java.util.concurrent.Executors$RunnableAdapter.call(Executors.java:539)
	at java.base/java.util.concurrent.FutureTask.runAndReset(FutureTask.java:305)
	at java.base/java.util.concurrent.ScheduledThreadPoolExecutor$ScheduledFutureTask.run(ScheduledThreadPoolExecutor.java:305)
	at java.base/java.util.concurrent.ThreadPoolExecutor.runWorker(ThreadPoolExecutor.java:1136)
	at java.base/java.util.concurrent.ThreadPoolExecutor$Worker.run(ThreadPoolExecutor.java:635)
	at java.base/java.lang.Thread.run(Thread.java:833)
2024-10-10 15:55:35 [scheduling-1] INFO  g.l.w.u.s.UserChangeLogScheduler - call clearChangeLog
2024-10-10 15:55:35 [scheduling-1] ERROR o.s.s.s.TaskUtils$LoggingErrorHandler - Unexpected error occurred in scheduled task
java.lang.NullPointerException: Cannot invoke "gov.la.webserver.user.service.UserChangeLogService.clearAllUserLogs()" because "this.userChangeLogService" is null
	at gov.la.webserver.user.scheduler.UserChangeLogScheduler.clearChangeLogs(UserChangeLogScheduler.java:18)
	at jdk.internal.reflect.GeneratedMethodAccessor26.invoke(Unknown Source)
	at java.base/jdk.internal.reflect.DelegatingMethodAccessorImpl.invoke(DelegatingMethodAccessorImpl.java:43)
	at java.base/java.lang.reflect.Method.invoke(Method.java:568)
	at org.springframework.scheduling.support.ScheduledMethodRunnable.runInternal(ScheduledMethodRunnable.java:130)
	at org.springframework.scheduling.support.ScheduledMethodRunnable.lambda$run$2(ScheduledMethodRunnable.java:124)
	at io.micrometer.observation.Observation.observe(Observation.java:499)
	at org.springframework.scheduling.support.ScheduledMethodRunnable.run(ScheduledMethodRunnable.java:124)
	at org.springframework.scheduling.support.DelegatingErrorHandlingRunnable.run(DelegatingErrorHandlingRunnable.java:54)
	at java.base/java.util.concurrent.Executors$RunnableAdapter.call(Executors.java:539)
	at java.base/java.util.concurrent.FutureTask.runAndReset(FutureTask.java:305)
	at java.base/java.util.concurrent.ScheduledThreadPoolExecutor$ScheduledFutureTask.run(ScheduledThreadPoolExecutor.java:305)
	at java.base/java.util.concurrent.ThreadPoolExecutor.runWorker(ThreadPoolExecutor.java:1136)
	at java.base/java.util.concurrent.ThreadPoolExecutor$Worker.run(ThreadPoolExecutor.java:635)
	at java.base/java.lang.Thread.run(Thread.java:833)
2024-10-10 15:55:45 [scheduling-1] INFO  g.l.w.u.s.UserChangeLogScheduler - call clearChangeLog
2024-10-10 15:55:45 [scheduling-1] ERROR o.s.s.s.TaskUtils$LoggingErrorHandler - Unexpected error occurred in scheduled task
java.lang.NullPointerException: Cannot invoke "gov.la.webserver.user.service.UserChangeLogService.clearAllUserLogs()" because "this.userChangeLogService" is null
	at gov.la.webserver.user.scheduler.UserChangeLogScheduler.clearChangeLogs(UserChangeLogScheduler.java:18)
	at jdk.internal.reflect.GeneratedMethodAccessor26.invoke(Unknown Source)
	at java.base/jdk.internal.reflect.DelegatingMethodAccessorImpl.invoke(DelegatingMethodAccessorImpl.java:43)
	at java.base/java.lang.reflect.Method.invoke(Method.java:568)
	at org.springframework.scheduling.support.ScheduledMethodRunnable.runInternal(ScheduledMethodRunnable.java:130)
	at org.springframework.scheduling.support.ScheduledMethodRunnable.lambda$run$2(ScheduledMethodRunnable.java:124)
	at io.micrometer.observation.Observation.observe(Observation.java:499)
	at org.springframework.scheduling.support.ScheduledMethodRunnable.run(ScheduledMethodRunnable.java:124)
	at org.springframework.scheduling.support.DelegatingErrorHandlingRunnable.run(DelegatingErrorHandlingRunnable.java:54)
	at java.base/java.util.concurrent.Executors$RunnableAdapter.call(Executors.java:539)
	at java.base/java.util.concurrent.FutureTask.runAndReset(FutureTask.java:305)
	at java.base/java.util.concurrent.ScheduledThreadPoolExecutor$ScheduledFutureTask.run(ScheduledThreadPoolExecutor.java:305)
	at java.base/java.util.concurrent.ThreadPoolExecutor.runWorker(ThreadPoolExecutor.java:1136)
	at java.base/java.util.concurrent.ThreadPoolExecutor$Worker.run(ThreadPoolExecutor.java:635)
	at java.base/java.lang.Thread.run(Thread.java:833)
2024-10-10 15:55:55 [scheduling-1] INFO  g.l.w.u.s.UserChangeLogScheduler - call clearChangeLog
2024-10-10 15:55:55 [scheduling-1] ERROR o.s.s.s.TaskUtils$LoggingErrorHandler - Unexpected error occurred in scheduled task
java.lang.NullPointerException: Cannot invoke "gov.la.webserver.user.service.UserChangeLogService.clearAllUserLogs()" because "this.userChangeLogService" is null
	at gov.la.webserver.user.scheduler.UserChangeLogScheduler.clearChangeLogs(UserChangeLogScheduler.java:18)
	at jdk.internal.reflect.GeneratedMethodAccessor26.invoke(Unknown Source)
	at java.base/jdk.internal.reflect.DelegatingMethodAccessorImpl.invoke(DelegatingMethodAccessorImpl.java:43)
	at java.base/java.lang.reflect.Method.invoke(Method.java:568)
	at org.springframework.scheduling.support.ScheduledMethodRunnable.runInternal(ScheduledMethodRunnable.java:130)
	at org.springframework.scheduling.support.ScheduledMethodRunnable.lambda$run$2(ScheduledMethodRunnable.java:124)
	at io.micrometer.observation.Observation.observe(Observation.java:499)
	at org.springframework.scheduling.support.ScheduledMethodRunnable.run(ScheduledMethodRunnable.java:124)
	at org.springframework.scheduling.support.DelegatingErrorHandlingRunnable.run(DelegatingErrorHandlingRunnable.java:54)
	at java.base/java.util.concurrent.Executors$RunnableAdapter.call(Executors.java:539)
	at java.base/java.util.concurrent.FutureTask.runAndReset(FutureTask.java:305)
	at java.base/java.util.concurrent.ScheduledThreadPoolExecutor$ScheduledFutureTask.run(ScheduledThreadPoolExecutor.java:305)
	at java.base/java.util.concurrent.ThreadPoolExecutor.runWorker(ThreadPoolExecutor.java:1136)
	at java.base/java.util.concurrent.ThreadPoolExecutor$Worker.run(ThreadPoolExecutor.java:635)
	at java.base/java.lang.Thread.run(Thread.java:833)
2024-10-10 15:56:05 [scheduling-1] INFO  g.l.w.u.s.UserChangeLogScheduler - call clearChangeLog
2024-10-10 15:56:05 [scheduling-1] ERROR o.s.s.s.TaskUtils$LoggingErrorHandler - Unexpected error occurred in scheduled task
java.lang.NullPointerException: Cannot invoke "gov.la.webserver.user.service.UserChangeLogService.clearAllUserLogs()" because "this.userChangeLogService" is null
	at gov.la.webserver.user.scheduler.UserChangeLogScheduler.clearChangeLogs(UserChangeLogScheduler.java:18)
	at jdk.internal.reflect.GeneratedMethodAccessor26.invoke(Unknown Source)
	at java.base/jdk.internal.reflect.DelegatingMethodAccessorImpl.invoke(DelegatingMethodAccessorImpl.java:43)
	at java.base/java.lang.reflect.Method.invoke(Method.java:568)
	at org.springframework.scheduling.support.ScheduledMethodRunnable.runInternal(ScheduledMethodRunnable.java:130)
	at org.springframework.scheduling.support.ScheduledMethodRunnable.lambda$run$2(ScheduledMethodRunnable.java:124)
	at io.micrometer.observation.Observation.observe(Observation.java:499)
	at org.springframework.scheduling.support.ScheduledMethodRunnable.run(ScheduledMethodRunnable.java:124)
	at org.springframework.scheduling.support.DelegatingErrorHandlingRunnable.run(DelegatingErrorHandlingRunnable.java:54)
	at java.base/java.util.concurrent.Executors$RunnableAdapter.call(Executors.java:539)
	at java.base/java.util.concurrent.FutureTask.runAndReset(FutureTask.java:305)
	at java.base/java.util.concurrent.ScheduledThreadPoolExecutor$ScheduledFutureTask.run(ScheduledThreadPoolExecutor.java:305)
	at java.base/java.util.concurrent.ThreadPoolExecutor.runWorker(ThreadPoolExecutor.java:1136)
	at java.base/java.util.concurrent.ThreadPoolExecutor$Worker.run(ThreadPoolExecutor.java:635)
	at java.base/java.lang.Thread.run(Thread.java:833)
2024-10-10 15:56:15 [scheduling-1] INFO  g.l.w.u.s.UserChangeLogScheduler - call clearChangeLog
2024-10-10 15:56:15 [scheduling-1] ERROR o.s.s.s.TaskUtils$LoggingErrorHandler - Unexpected error occurred in scheduled task
java.lang.NullPointerException: Cannot invoke "gov.la.webserver.user.service.UserChangeLogService.clearAllUserLogs()" because "this.userChangeLogService" is null
	at gov.la.webserver.user.scheduler.UserChangeLogScheduler.clearChangeLogs(UserChangeLogScheduler.java:18)
	at jdk.internal.reflect.GeneratedMethodAccessor26.invoke(Unknown Source)
	at java.base/jdk.internal.reflect.DelegatingMethodAccessorImpl.invoke(DelegatingMethodAccessorImpl.java:43)
	at java.base/java.lang.reflect.Method.invoke(Method.java:568)
	at org.springframework.scheduling.support.ScheduledMethodRunnable.runInternal(ScheduledMethodRunnable.java:130)
	at org.springframework.scheduling.support.ScheduledMethodRunnable.lambda$run$2(ScheduledMethodRunnable.java:124)
	at io.micrometer.observation.Observation.observe(Observation.java:499)
	at org.springframework.scheduling.support.ScheduledMethodRunnable.run(ScheduledMethodRunnable.java:124)
	at org.springframework.scheduling.support.DelegatingErrorHandlingRunnable.run(DelegatingErrorHandlingRunnable.java:54)
	at java.base/java.util.concurrent.Executors$RunnableAdapter.call(Executors.java:539)
	at java.base/java.util.concurrent.FutureTask.runAndReset(FutureTask.java:305)
	at java.base/java.util.concurrent.ScheduledThreadPoolExecutor$ScheduledFutureTask.run(ScheduledThreadPoolExecutor.java:305)
	at java.base/java.util.concurrent.ThreadPoolExecutor.runWorker(ThreadPoolExecutor.java:1136)
	at java.base/java.util.concurrent.ThreadPoolExecutor$Worker.run(ThreadPoolExecutor.java:635)
	at java.base/java.lang.Thread.run(Thread.java:833)
2024-10-10 15:56:25 [scheduling-1] INFO  g.l.w.u.s.UserChangeLogScheduler - call clearChangeLog
2024-10-10 15:56:25 [scheduling-1] ERROR o.s.s.s.TaskUtils$LoggingErrorHandler - Unexpected error occurred in scheduled task
java.lang.NullPointerException: Cannot invoke "gov.la.webserver.user.service.UserChangeLogService.clearAllUserLogs()" because "this.userChangeLogService" is null
	at gov.la.webserver.user.scheduler.UserChangeLogScheduler.clearChangeLogs(UserChangeLogScheduler.java:18)
	at jdk.internal.reflect.GeneratedMethodAccessor26.invoke(Unknown Source)
	at java.base/jdk.internal.reflect.DelegatingMethodAccessorImpl.invoke(DelegatingMethodAccessorImpl.java:43)
	at java.base/java.lang.reflect.Method.invoke(Method.java:568)
	at org.springframework.scheduling.support.ScheduledMethodRunnable.runInternal(ScheduledMethodRunnable.java:130)
	at org.springframework.scheduling.support.ScheduledMethodRunnable.lambda$run$2(ScheduledMethodRunnable.java:124)
	at io.micrometer.observation.Observation.observe(Observation.java:499)
	at org.springframework.scheduling.support.ScheduledMethodRunnable.run(ScheduledMethodRunnable.java:124)
	at org.springframework.scheduling.support.DelegatingErrorHandlingRunnable.run(DelegatingErrorHandlingRunnable.java:54)
	at java.base/java.util.concurrent.Executors$RunnableAdapter.call(Executors.java:539)
	at java.base/java.util.concurrent.FutureTask.runAndReset(FutureTask.java:305)
	at java.base/java.util.concurrent.ScheduledThreadPoolExecutor$ScheduledFutureTask.run(ScheduledThreadPoolExecutor.java:305)
	at java.base/java.util.concurrent.ThreadPoolExecutor.runWorker(ThreadPoolExecutor.java:1136)
	at java.base/java.util.concurrent.ThreadPoolExecutor$Worker.run(ThreadPoolExecutor.java:635)
	at java.base/java.lang.Thread.run(Thread.java:833)
2024-10-10 15:56:35 [scheduling-1] INFO  g.l.w.u.s.UserChangeLogScheduler - call clearChangeLog
2024-10-10 15:56:35 [scheduling-1] ERROR o.s.s.s.TaskUtils$LoggingErrorHandler - Unexpected error occurred in scheduled task
java.lang.NullPointerException: Cannot invoke "gov.la.webserver.user.service.UserChangeLogService.clearAllUserLogs()" because "this.userChangeLogService" is null
	at gov.la.webserver.user.scheduler.UserChangeLogScheduler.clearChangeLogs(UserChangeLogScheduler.java:18)
	at jdk.internal.reflect.GeneratedMethodAccessor26.invoke(Unknown Source)
	at java.base/jdk.internal.reflect.DelegatingMethodAccessorImpl.invoke(DelegatingMethodAccessorImpl.java:43)
	at java.base/java.lang.reflect.Method.invoke(Method.java:568)
	at org.springframework.scheduling.support.ScheduledMethodRunnable.runInternal(ScheduledMethodRunnable.java:130)
	at org.springframework.scheduling.support.ScheduledMethodRunnable.lambda$run$2(ScheduledMethodRunnable.java:124)
	at io.micrometer.observation.Observation.observe(Observation.java:499)
	at org.springframework.scheduling.support.ScheduledMethodRunnable.run(ScheduledMethodRunnable.java:124)
	at org.springframework.scheduling.support.DelegatingErrorHandlingRunnable.run(DelegatingErrorHandlingRunnable.java:54)
	at java.base/java.util.concurrent.Executors$RunnableAdapter.call(Executors.java:539)
	at java.base/java.util.concurrent.FutureTask.runAndReset(FutureTask.java:305)
	at java.base/java.util.concurrent.ScheduledThreadPoolExecutor$ScheduledFutureTask.run(ScheduledThreadPoolExecutor.java:305)
	at java.base/java.util.concurrent.ThreadPoolExecutor.runWorker(ThreadPoolExecutor.java:1136)
	at java.base/java.util.concurrent.ThreadPoolExecutor$Worker.run(ThreadPoolExecutor.java:635)
	at java.base/java.lang.Thread.run(Thread.java:833)
2024-10-10 15:56:45 [scheduling-1] INFO  g.l.w.u.s.UserChangeLogScheduler - call clearChangeLog
2024-10-10 15:56:45 [scheduling-1] ERROR o.s.s.s.TaskUtils$LoggingErrorHandler - Unexpected error occurred in scheduled task
java.lang.NullPointerException: Cannot invoke "gov.la.webserver.user.service.UserChangeLogService.clearAllUserLogs()" because "this.userChangeLogService" is null
	at gov.la.webserver.user.scheduler.UserChangeLogScheduler.clearChangeLogs(UserChangeLogScheduler.java:18)
	at jdk.internal.reflect.GeneratedMethodAccessor26.invoke(Unknown Source)
	at java.base/jdk.internal.reflect.DelegatingMethodAccessorImpl.invoke(DelegatingMethodAccessorImpl.java:43)
	at java.base/java.lang.reflect.Method.invoke(Method.java:568)
	at org.springframework.scheduling.support.ScheduledMethodRunnable.runInternal(ScheduledMethodRunnable.java:130)
	at org.springframework.scheduling.support.ScheduledMethodRunnable.lambda$run$2(ScheduledMethodRunnable.java:124)
	at io.micrometer.observation.Observation.observe(Observation.java:499)
	at org.springframework.scheduling.support.ScheduledMethodRunnable.run(ScheduledMethodRunnable.java:124)
	at org.springframework.scheduling.support.DelegatingErrorHandlingRunnable.run(DelegatingErrorHandlingRunnable.java:54)
	at java.base/java.util.concurrent.Executors$RunnableAdapter.call(Executors.java:539)
	at java.base/java.util.concurrent.FutureTask.runAndReset(FutureTask.java:305)
	at java.base/java.util.concurrent.ScheduledThreadPoolExecutor$ScheduledFutureTask.run(ScheduledThreadPoolExecutor.java:305)
	at java.base/java.util.concurrent.ThreadPoolExecutor.runWorker(ThreadPoolExecutor.java:1136)
	at java.base/java.util.concurrent.ThreadPoolExecutor$Worker.run(ThreadPoolExecutor.java:635)
	at java.base/java.lang.Thread.run(Thread.java:833)
2024-10-10 15:56:49 [http-nio-8080-exec-8] INFO  g.l.w.u.c.UserChangeLogController - call getAllUsersChangelog
2024-10-10 15:56:55 [scheduling-1] INFO  g.l.w.u.s.UserChangeLogScheduler - call clearChangeLog
2024-10-10 15:56:55 [scheduling-1] ERROR o.s.s.s.TaskUtils$LoggingErrorHandler - Unexpected error occurred in scheduled task
java.lang.NullPointerException: Cannot invoke "gov.la.webserver.user.service.UserChangeLogService.clearAllUserLogs()" because "this.userChangeLogService" is null
	at gov.la.webserver.user.scheduler.UserChangeLogScheduler.clearChangeLogs(UserChangeLogScheduler.java:18)
	at jdk.internal.reflect.GeneratedMethodAccessor26.invoke(Unknown Source)
	at java.base/jdk.internal.reflect.DelegatingMethodAccessorImpl.invoke(DelegatingMethodAccessorImpl.java:43)
	at java.base/java.lang.reflect.Method.invoke(Method.java:568)
	at org.springframework.scheduling.support.ScheduledMethodRunnable.runInternal(ScheduledMethodRunnable.java:130)
	at org.springframework.scheduling.support.ScheduledMethodRunnable.lambda$run$2(ScheduledMethodRunnable.java:124)
	at io.micrometer.observation.Observation.observe(Observation.java:499)
	at org.springframework.scheduling.support.ScheduledMethodRunnable.run(ScheduledMethodRunnable.java:124)
	at org.springframework.scheduling.support.DelegatingErrorHandlingRunnable.run(DelegatingErrorHandlingRunnable.java:54)
	at java.base/java.util.concurrent.Executors$RunnableAdapter.call(Executors.java:539)
	at java.base/java.util.concurrent.FutureTask.runAndReset(FutureTask.java:305)
	at java.base/java.util.concurrent.ScheduledThreadPoolExecutor$ScheduledFutureTask.run(ScheduledThreadPoolExecutor.java:305)
	at java.base/java.util.concurrent.ThreadPoolExecutor.runWorker(ThreadPoolExecutor.java:1136)
	at java.base/java.util.concurrent.ThreadPoolExecutor$Worker.run(ThreadPoolExecutor.java:635)
	at java.base/java.lang.Thread.run(Thread.java:833)
2024-10-10 15:57:05 [scheduling-1] INFO  g.l.w.u.s.UserChangeLogScheduler - call clearChangeLog
2024-10-10 15:57:05 [scheduling-1] ERROR o.s.s.s.TaskUtils$LoggingErrorHandler - Unexpected error occurred in scheduled task
java.lang.NullPointerException: Cannot invoke "gov.la.webserver.user.service.UserChangeLogService.clearAllUserLogs()" because "this.userChangeLogService" is null
	at gov.la.webserver.user.scheduler.UserChangeLogScheduler.clearChangeLogs(UserChangeLogScheduler.java:18)
	at jdk.internal.reflect.GeneratedMethodAccessor26.invoke(Unknown Source)
	at java.base/jdk.internal.reflect.DelegatingMethodAccessorImpl.invoke(DelegatingMethodAccessorImpl.java:43)
	at java.base/java.lang.reflect.Method.invoke(Method.java:568)
	at org.springframework.scheduling.support.ScheduledMethodRunnable.runInternal(ScheduledMethodRunnable.java:130)
	at org.springframework.scheduling.support.ScheduledMethodRunnable.lambda$run$2(ScheduledMethodRunnable.java:124)
	at io.micrometer.observation.Observation.observe(Observation.java:499)
	at org.springframework.scheduling.support.ScheduledMethodRunnable.run(ScheduledMethodRunnable.java:124)
	at org.springframework.scheduling.support.DelegatingErrorHandlingRunnable.run(DelegatingErrorHandlingRunnable.java:54)
	at java.base/java.util.concurrent.Executors$RunnableAdapter.call(Executors.java:539)
	at java.base/java.util.concurrent.FutureTask.runAndReset(FutureTask.java:305)
	at java.base/java.util.concurrent.ScheduledThreadPoolExecutor$ScheduledFutureTask.run(ScheduledThreadPoolExecutor.java:305)
	at java.base/java.util.concurrent.ThreadPoolExecutor.runWorker(ThreadPoolExecutor.java:1136)
	at java.base/java.util.concurrent.ThreadPoolExecutor$Worker.run(ThreadPoolExecutor.java:635)
	at java.base/java.lang.Thread.run(Thread.java:833)
2024-10-10 15:57:15 [scheduling-1] INFO  g.l.w.u.s.UserChangeLogScheduler - call clearChangeLog
2024-10-10 15:57:15 [scheduling-1] ERROR o.s.s.s.TaskUtils$LoggingErrorHandler - Unexpected error occurred in scheduled task
java.lang.NullPointerException: Cannot invoke "gov.la.webserver.user.service.UserChangeLogService.clearAllUserLogs()" because "this.userChangeLogService" is null
	at gov.la.webserver.user.scheduler.UserChangeLogScheduler.clearChangeLogs(UserChangeLogScheduler.java:18)
	at jdk.internal.reflect.GeneratedMethodAccessor26.invoke(Unknown Source)
	at java.base/jdk.internal.reflect.DelegatingMethodAccessorImpl.invoke(DelegatingMethodAccessorImpl.java:43)
	at java.base/java.lang.reflect.Method.invoke(Method.java:568)
	at org.springframework.scheduling.support.ScheduledMethodRunnable.runInternal(ScheduledMethodRunnable.java:130)
	at org.springframework.scheduling.support.ScheduledMethodRunnable.lambda$run$2(ScheduledMethodRunnable.java:124)
	at io.micrometer.observation.Observation.observe(Observation.java:499)
	at org.springframework.scheduling.support.ScheduledMethodRunnable.run(ScheduledMethodRunnable.java:124)
	at org.springframework.scheduling.support.DelegatingErrorHandlingRunnable.run(DelegatingErrorHandlingRunnable.java:54)
	at java.base/java.util.concurrent.Executors$RunnableAdapter.call(Executors.java:539)
	at java.base/java.util.concurrent.FutureTask.runAndReset(FutureTask.java:305)
	at java.base/java.util.concurrent.ScheduledThreadPoolExecutor$ScheduledFutureTask.run(ScheduledThreadPoolExecutor.java:305)
	at java.base/java.util.concurrent.ThreadPoolExecutor.runWorker(ThreadPoolExecutor.java:1136)
	at java.base/java.util.concurrent.ThreadPoolExecutor$Worker.run(ThreadPoolExecutor.java:635)
	at java.base/java.lang.Thread.run(Thread.java:833)
2024-10-10 15:57:25 [scheduling-1] INFO  g.l.w.u.s.UserChangeLogScheduler - call clearChangeLog
2024-10-10 15:57:25 [scheduling-1] ERROR o.s.s.s.TaskUtils$LoggingErrorHandler - Unexpected error occurred in scheduled task
java.lang.NullPointerException: Cannot invoke "gov.la.webserver.user.service.UserChangeLogService.clearAllUserLogs()" because "this.userChangeLogService" is null
	at gov.la.webserver.user.scheduler.UserChangeLogScheduler.clearChangeLogs(UserChangeLogScheduler.java:18)
	at jdk.internal.reflect.GeneratedMethodAccessor26.invoke(Unknown Source)
	at java.base/jdk.internal.reflect.DelegatingMethodAccessorImpl.invoke(DelegatingMethodAccessorImpl.java:43)
	at java.base/java.lang.reflect.Method.invoke(Method.java:568)
	at org.springframework.scheduling.support.ScheduledMethodRunnable.runInternal(ScheduledMethodRunnable.java:130)
	at org.springframework.scheduling.support.ScheduledMethodRunnable.lambda$run$2(ScheduledMethodRunnable.java:124)
	at io.micrometer.observation.Observation.observe(Observation.java:499)
	at org.springframework.scheduling.support.ScheduledMethodRunnable.run(ScheduledMethodRunnable.java:124)
	at org.springframework.scheduling.support.DelegatingErrorHandlingRunnable.run(DelegatingErrorHandlingRunnable.java:54)
	at java.base/java.util.concurrent.Executors$RunnableAdapter.call(Executors.java:539)
	at java.base/java.util.concurrent.FutureTask.runAndReset(FutureTask.java:305)
	at java.base/java.util.concurrent.ScheduledThreadPoolExecutor$ScheduledFutureTask.run(ScheduledThreadPoolExecutor.java:305)
	at java.base/java.util.concurrent.ThreadPoolExecutor.runWorker(ThreadPoolExecutor.java:1136)
	at java.base/java.util.concurrent.ThreadPoolExecutor$Worker.run(ThreadPoolExecutor.java:635)
	at java.base/java.lang.Thread.run(Thread.java:833)
2024-10-10 15:57:35 [scheduling-1] INFO  g.l.w.u.s.UserChangeLogScheduler - call clearChangeLog
2024-10-10 15:57:35 [scheduling-1] ERROR o.s.s.s.TaskUtils$LoggingErrorHandler - Unexpected error occurred in scheduled task
java.lang.NullPointerException: Cannot invoke "gov.la.webserver.user.service.UserChangeLogService.clearAllUserLogs()" because "this.userChangeLogService" is null
	at gov.la.webserver.user.scheduler.UserChangeLogScheduler.clearChangeLogs(UserChangeLogScheduler.java:18)
	at jdk.internal.reflect.GeneratedMethodAccessor26.invoke(Unknown Source)
	at java.base/jdk.internal.reflect.DelegatingMethodAccessorImpl.invoke(DelegatingMethodAccessorImpl.java:43)
	at java.base/java.lang.reflect.Method.invoke(Method.java:568)
	at org.springframework.scheduling.support.ScheduledMethodRunnable.runInternal(ScheduledMethodRunnable.java:130)
	at org.springframework.scheduling.support.ScheduledMethodRunnable.lambda$run$2(ScheduledMethodRunnable.java:124)
	at io.micrometer.observation.Observation.observe(Observation.java:499)
	at org.springframework.scheduling.support.ScheduledMethodRunnable.run(ScheduledMethodRunnable.java:124)
	at org.springframework.scheduling.support.DelegatingErrorHandlingRunnable.run(DelegatingErrorHandlingRunnable.java:54)
	at java.base/java.util.concurrent.Executors$RunnableAdapter.call(Executors.java:539)
	at java.base/java.util.concurrent.FutureTask.runAndReset(FutureTask.java:305)
	at java.base/java.util.concurrent.ScheduledThreadPoolExecutor$ScheduledFutureTask.run(ScheduledThreadPoolExecutor.java:305)
	at java.base/java.util.concurrent.ThreadPoolExecutor.runWorker(ThreadPoolExecutor.java:1136)
	at java.base/java.util.concurrent.ThreadPoolExecutor$Worker.run(ThreadPoolExecutor.java:635)
	at java.base/java.lang.Thread.run(Thread.java:833)
2024-10-10 15:57:46 [main] INFO  g.la.webserver.WebserverApplication - Starting WebserverApplication using Java 17.0.0.1 with PID 25824 (C:\nust\webserver\build\classes\java\main started by DDTSW Center in C:\nust\webserver)
2024-10-10 15:57:46 [main] DEBUG g.la.webserver.WebserverApplication - Running with Spring Boot v3.3.4, Spring v6.1.13
2024-10-10 15:57:46 [main] INFO  g.la.webserver.WebserverApplication - No active profile set, falling back to 1 default profile: "default"
2024-10-10 15:57:47 [main] INFO  o.s.d.r.c.RepositoryConfigurationDelegate - Bootstrapping Spring Data JPA repositories in DEFAULT mode.
2024-10-10 15:57:48 [main] INFO  o.s.d.r.c.RepositoryConfigurationDelegate - Finished Spring Data repository scanning in 239 ms. Found 2 JPA repository interfaces.
2024-10-10 15:57:49 [main] INFO  o.s.b.w.e.tomcat.TomcatWebServer - Tomcat initialized with port 8080 (http)
2024-10-10 15:57:49 [main] INFO  o.a.coyote.http11.Http11NioProtocol - Initializing ProtocolHandler ["http-nio-8080"]
2024-10-10 15:57:49 [main] INFO  o.a.catalina.core.StandardService - Starting service [Tomcat]
2024-10-10 15:57:49 [main] INFO  o.a.catalina.core.StandardEngine - Starting Servlet engine: [Apache Tomcat/10.1.30]
2024-10-10 15:57:49 [main] INFO  o.a.c.c.C.[Tomcat].[localhost].[/] - Initializing Spring embedded WebApplicationContext
2024-10-10 15:57:49 [main] INFO  o.s.b.w.s.c.ServletWebServerApplicationContext - Root WebApplicationContext: initialization completed in 2969 ms
2024-10-10 15:57:49 [main] INFO  com.zaxxer.hikari.HikariDataSource - HikariPool-1 - Starting...
2024-10-10 15:57:49 [main] INFO  com.zaxxer.hikari.pool.HikariPool - HikariPool-1 - Added connection conn0: url=jdbc:h2:mem:test user=SA
2024-10-10 15:57:49 [main] INFO  com.zaxxer.hikari.HikariDataSource - HikariPool-1 - Start completed.
2024-10-10 15:57:49 [main] INFO  o.s.b.a.h.H2ConsoleAutoConfiguration - H2 console available at '/h2-console'. Database available at 'jdbc:h2:mem:test'
2024-10-10 15:57:49 [main] INFO  o.h.jpa.internal.util.LogHelper - HHH000204: Processing PersistenceUnitInfo [name: default]
2024-10-10 15:57:50 [main] INFO  org.hibernate.Version - HHH000412: Hibernate ORM core version 6.5.3.Final
2024-10-10 15:57:50 [main] INFO  o.h.c.i.RegionFactoryInitiator - HHH000026: Second-level cache disabled
2024-10-10 15:57:50 [main] INFO  o.s.o.j.p.SpringPersistenceUnitInfo - No LoadTimeWeaver setup: ignoring JPA class transformer
2024-10-10 15:57:50 [main] WARN  org.hibernate.orm.deprecation - HHH90000025: H2Dialect does not need to be specified explicitly using 'hibernate.dialect' (remove the property setting and it will be selected by default)
2024-10-10 15:57:51 [main] INFO  o.h.e.t.j.p.i.JtaPlatformInitiator - HHH000489: No JTA platform available (set 'hibernate.transaction.jta.platform' to enable JTA platform integration)
2024-10-10 15:57:51 [main] INFO  o.s.o.j.LocalContainerEntityManagerFactoryBean - Initialized JPA EntityManagerFactory for persistence unit 'default'
2024-10-10 15:57:52 [main] INFO  o.s.s.c.a.a.c.InitializeUserDetailsBeanManagerConfigurer$InitializeUserDetailsManagerConfigurer - Global AuthenticationManager configured with UserDetailsService bean with name userLoginService
2024-10-10 15:57:52 [main] INFO  o.s.b.a.w.s.WelcomePageHandlerMapping - Adding welcome page template: index
2024-10-10 15:57:53 [main] INFO  o.s.b.a.e.web.EndpointLinksResolver - Exposing 15 endpoints beneath base path '/actuator'
2024-10-10 15:57:54 [main] INFO  o.a.coyote.http11.Http11NioProtocol - Starting ProtocolHandler ["http-nio-8080"]
2024-10-10 15:57:54 [main] INFO  o.s.b.w.e.tomcat.TomcatWebServer - Tomcat started on port 8080 (http) with context path '/'
2024-10-10 15:57:54 [main] INFO  g.la.webserver.WebserverApplication - Started WebserverApplication in 8.981 seconds (process running for 9.557)
2024-10-10 15:57:54 [scheduling-1] INFO  g.l.w.u.s.UserChangeLogScheduler - call clearChangeLog
2024-10-10 15:57:54 [registrationTask1] WARN  d.c.b.a.c.r.ApplicationRegistrator - Failed to register application as Application(name=spring-boot-application, managementUrl=http://host.docker.internal:8080/actuator, healthUrl=http://host.docker.internal:8080/actuator/health, serviceUrl=http://host.docker.internal:8080/) at spring-boot-admin ([http://localhost:8000/instances]): I/O error on POST request for "http://localhost:8000/instances": Connection refused: no further information. Further attempts are logged on DEBUG level
2024-10-10 15:57:54 [scheduling-1] INFO  g.l.w.u.s.UserChangeLogScheduler - clear Logs completed!! true
2024-10-10 15:58:04 [scheduling-1] INFO  g.l.w.u.s.UserChangeLogScheduler - call clearChangeLog
2024-10-10 15:58:04 [scheduling-1] INFO  g.l.w.u.s.UserChangeLogScheduler - clear Logs completed!! true
2024-10-10 15:58:14 [scheduling-1] INFO  g.l.w.u.s.UserChangeLogScheduler - call clearChangeLog
2024-10-10 15:58:14 [scheduling-1] INFO  g.l.w.u.s.UserChangeLogScheduler - clear Logs completed!! true
2024-10-10 15:58:24 [scheduling-1] INFO  g.l.w.u.s.UserChangeLogScheduler - call clearChangeLog
2024-10-10 15:58:24 [scheduling-1] INFO  g.l.w.u.s.UserChangeLogScheduler - clear Logs completed!! true
2024-10-10 15:58:34 [scheduling-1] INFO  g.l.w.u.s.UserChangeLogScheduler - call clearChangeLog
2024-10-10 15:58:34 [scheduling-1] INFO  g.l.w.u.s.UserChangeLogScheduler - clear Logs completed!! true
2024-10-10 15:58:44 [scheduling-1] INFO  g.l.w.u.s.UserChangeLogScheduler - call clearChangeLog
2024-10-10 15:58:44 [scheduling-1] INFO  g.l.w.u.s.UserChangeLogScheduler - clear Logs completed!! true
2024-10-10 15:58:49 [http-nio-8080-exec-9] INFO  o.a.c.c.C.[Tomcat].[localhost].[/] - Initializing Spring DispatcherServlet 'dispatcherServlet'
2024-10-10 15:58:49 [http-nio-8080-exec-9] INFO  o.s.web.servlet.DispatcherServlet - Initializing Servlet 'dispatcherServlet'
2024-10-10 15:58:49 [http-nio-8080-exec-9] INFO  o.s.web.servlet.DispatcherServlet - Completed initialization in 4 ms
2024-10-10 15:58:49 [http-nio-8080-exec-9] INFO  g.l.w.u.controllers.UserController - call UpdatedUsers >>>id >>> 1/ name >> 999ezon / age >> 29 /nickname >>NewMember
2024-10-10 15:58:54 [scheduling-1] INFO  g.l.w.u.s.UserChangeLogScheduler - call clearChangeLog
2024-10-10 15:58:54 [scheduling-1] INFO  g.l.w.u.s.UserChangeLogScheduler - clear Logs completed!! true
2024-10-10 15:59:00 [http-nio-8080-exec-4] INFO  g.l.w.u.controllers.UserController - call UpdatedUsers >>>id >>> 1/ name >> qqqqqqqqq / age >> 29 /nickname >>NewMember
2024-10-10 15:59:04 [scheduling-1] INFO  g.l.w.u.s.UserChangeLogScheduler - call clearChangeLog
2024-10-10 15:59:04 [scheduling-1] INFO  g.l.w.u.s.UserChangeLogScheduler - clear Logs completed!! true
2024-10-10 15:59:14 [scheduling-1] INFO  g.l.w.u.s.UserChangeLogScheduler - call clearChangeLog
2024-10-10 15:59:14 [scheduling-1] INFO  g.l.w.u.s.UserChangeLogScheduler - clear Logs completed!! true
2024-10-10 15:59:19 [http-nio-8080-exec-7] INFO  g.l.w.u.c.UserChangeLogController - call getAllUsersChangelog
2024-10-10 15:59:24 [scheduling-1] INFO  g.l.w.u.s.UserChangeLogScheduler - call clearChangeLog
2024-10-10 15:59:24 [scheduling-1] INFO  g.l.w.u.s.UserChangeLogScheduler - clear Logs completed!! true
2024-10-10 15:59:34 [scheduling-1] INFO  g.l.w.u.s.UserChangeLogScheduler - call clearChangeLog
2024-10-10 15:59:34 [scheduling-1] INFO  g.l.w.u.s.UserChangeLogScheduler - clear Logs completed!! true
2024-10-10 15:59:37 [http-nio-8080-exec-4] INFO  g.l.w.u.controllers.UserController - call UpdatedUsers >>>id >>> 1/ name >> e77fewiu / age >> 29 /nickname >>NjfeiwjfewMember
2024-10-10 15:59:44 [scheduling-1] INFO  g.l.w.u.s.UserChangeLogScheduler - call clearChangeLog
2024-10-10 15:59:44 [scheduling-1] INFO  g.l.w.u.s.UserChangeLogScheduler - clear Logs completed!! true
2024-10-10 15:59:54 [scheduling-1] INFO  g.l.w.u.s.UserChangeLogScheduler - call clearChangeLog
2024-10-10 15:59:54 [scheduling-1] INFO  g.l.w.u.s.UserChangeLogScheduler - clear Logs completed!! true
2024-10-10 15:59:59 [http-nio-8080-exec-9] INFO  g.l.w.u.controllers.UserController - call UpdatedUsers >>>id >>> 1/ name >> e77fewerfeerfyw4ir7yiu / age >> 29 /nickname >>NjfeiwjfewMember
2024-10-10 16:00:04 [scheduling-1] INFO  g.l.w.u.s.UserChangeLogScheduler - call clearChangeLog
2024-10-10 16:00:04 [scheduling-1] INFO  g.l.w.u.s.UserChangeLogScheduler - clear Logs completed!! true
2024-10-10 16:00:14 [scheduling-1] INFO  g.l.w.u.s.UserChangeLogScheduler - call clearChangeLog
2024-10-10 16:00:14 [scheduling-1] INFO  g.l.w.u.s.UserChangeLogScheduler - clear Logs completed!! true
2024-10-10 16:00:24 [scheduling-1] INFO  g.l.w.u.s.UserChangeLogScheduler - call clearChangeLog
2024-10-10 16:00:24 [scheduling-1] INFO  g.l.w.u.s.UserChangeLogScheduler - clear Logs completed!! true
2024-10-10 16:00:34 [scheduling-1] INFO  g.l.w.u.s.UserChangeLogScheduler - call clearChangeLog
2024-10-10 16:00:34 [scheduling-1] INFO  g.l.w.u.s.UserChangeLogScheduler - clear Logs completed!! true
2024-10-10 16:00:44 [scheduling-1] INFO  g.l.w.u.s.UserChangeLogScheduler - call clearChangeLog
2024-10-10 16:00:44 [scheduling-1] INFO  g.l.w.u.s.UserChangeLogScheduler - clear Logs completed!! true
2024-10-10 16:00:54 [scheduling-1] INFO  g.l.w.u.s.UserChangeLogScheduler - call clearChangeLog
2024-10-10 16:00:54 [scheduling-1] INFO  g.l.w.u.s.UserChangeLogScheduler - clear Logs completed!! true
2024-10-10 16:01:04 [scheduling-1] INFO  g.l.w.u.s.UserChangeLogScheduler - call clearChangeLog
2024-10-10 16:01:04 [scheduling-1] INFO  g.l.w.u.s.UserChangeLogScheduler - clear Logs completed!! true
2024-10-10 16:01:14 [scheduling-1] INFO  g.l.w.u.s.UserChangeLogScheduler - call clearChangeLog
2024-10-10 16:01:14 [scheduling-1] INFO  g.l.w.u.s.UserChangeLogScheduler - clear Logs completed!! true
2024-10-10 16:01:24 [scheduling-1] INFO  g.l.w.u.s.UserChangeLogScheduler - call clearChangeLog
2024-10-10 16:01:24 [scheduling-1] INFO  g.l.w.u.s.UserChangeLogScheduler - clear Logs completed!! true
2024-10-10 16:01:34 [scheduling-1] INFO  g.l.w.u.s.UserChangeLogScheduler - call clearChangeLog
2024-10-10 16:01:34 [scheduling-1] INFO  g.l.w.u.s.UserChangeLogScheduler - clear Logs completed!! true
2024-10-10 16:01:44 [scheduling-1] INFO  g.l.w.u.s.UserChangeLogScheduler - call clearChangeLog
2024-10-10 16:01:44 [scheduling-1] INFO  g.l.w.u.s.UserChangeLogScheduler - clear Logs completed!! true
2024-10-10 16:01:54 [scheduling-1] INFO  g.l.w.u.s.UserChangeLogScheduler - call clearChangeLog
2024-10-10 16:01:54 [scheduling-1] INFO  g.l.w.u.s.UserChangeLogScheduler - clear Logs completed!! true
2024-10-10 16:02:04 [scheduling-1] INFO  g.l.w.u.s.UserChangeLogScheduler - call clearChangeLog
2024-10-10 16:02:04 [scheduling-1] INFO  g.l.w.u.s.UserChangeLogScheduler - clear Logs completed!! true
2024-10-10 16:02:14 [scheduling-1] INFO  g.l.w.u.s.UserChangeLogScheduler - call clearChangeLog
2024-10-10 16:02:14 [scheduling-1] INFO  g.l.w.u.s.UserChangeLogScheduler - clear Logs completed!! true
2024-10-10 16:02:24 [scheduling-1] INFO  g.l.w.u.s.UserChangeLogScheduler - call clearChangeLog
2024-10-10 16:02:24 [scheduling-1] INFO  g.l.w.u.s.UserChangeLogScheduler - clear Logs completed!! true
2024-10-10 16:02:34 [scheduling-1] INFO  g.l.w.u.s.UserChangeLogScheduler - call clearChangeLog
2024-10-10 16:02:34 [scheduling-1] INFO  g.l.w.u.s.UserChangeLogScheduler - clear Logs completed!! true
2024-10-10 16:02:44 [scheduling-1] INFO  g.l.w.u.s.UserChangeLogScheduler - call clearChangeLog
2024-10-10 16:02:44 [scheduling-1] INFO  g.l.w.u.s.UserChangeLogScheduler - clear Logs completed!! true
2024-10-10 16:02:54 [scheduling-1] INFO  g.l.w.u.s.UserChangeLogScheduler - call clearChangeLog
2024-10-10 16:02:54 [scheduling-1] INFO  g.l.w.u.s.UserChangeLogScheduler - clear Logs completed!! true
2024-10-10 16:03:04 [scheduling-1] INFO  g.l.w.u.s.UserChangeLogScheduler - call clearChangeLog
2024-10-10 16:03:04 [scheduling-1] INFO  g.l.w.u.s.UserChangeLogScheduler - clear Logs completed!! true
2024-10-10 16:03:14 [scheduling-1] INFO  g.l.w.u.s.UserChangeLogScheduler - call clearChangeLog
2024-10-10 16:03:14 [scheduling-1] INFO  g.l.w.u.s.UserChangeLogScheduler - clear Logs completed!! true
2024-10-10 16:03:24 [scheduling-1] INFO  g.l.w.u.s.UserChangeLogScheduler - call clearChangeLog
2024-10-10 16:03:24 [scheduling-1] INFO  g.l.w.u.s.UserChangeLogScheduler - clear Logs completed!! true
2024-10-10 16:03:34 [scheduling-1] INFO  g.l.w.u.s.UserChangeLogScheduler - call clearChangeLog
2024-10-10 16:03:34 [scheduling-1] INFO  g.l.w.u.s.UserChangeLogScheduler - clear Logs completed!! true
2024-10-10 16:03:44 [scheduling-1] INFO  g.l.w.u.s.UserChangeLogScheduler - call clearChangeLog
2024-10-10 16:03:44 [scheduling-1] INFO  g.l.w.u.s.UserChangeLogScheduler - clear Logs completed!! true
2024-10-10 16:03:54 [scheduling-1] INFO  g.l.w.u.s.UserChangeLogScheduler - call clearChangeLog
2024-10-10 16:03:54 [scheduling-1] INFO  g.l.w.u.s.UserChangeLogScheduler - clear Logs completed!! true
2024-10-10 16:04:04 [scheduling-1] INFO  g.l.w.u.s.UserChangeLogScheduler - call clearChangeLog
2024-10-10 16:04:04 [scheduling-1] INFO  g.l.w.u.s.UserChangeLogScheduler - clear Logs completed!! true
2024-10-10 16:04:14 [scheduling-1] INFO  g.l.w.u.s.UserChangeLogScheduler - call clearChangeLog
2024-10-10 16:04:14 [scheduling-1] INFO  g.l.w.u.s.UserChangeLogScheduler - clear Logs completed!! true
2024-10-10 16:04:24 [scheduling-1] INFO  g.l.w.u.s.UserChangeLogScheduler - call clearChangeLog
2024-10-10 16:04:24 [scheduling-1] INFO  g.l.w.u.s.UserChangeLogScheduler - clear Logs completed!! true
2024-10-10 16:04:34 [scheduling-1] INFO  g.l.w.u.s.UserChangeLogScheduler - call clearChangeLog
2024-10-10 16:04:34 [scheduling-1] INFO  g.l.w.u.s.UserChangeLogScheduler - clear Logs completed!! true
2024-10-10 16:04:44 [scheduling-1] INFO  g.l.w.u.s.UserChangeLogScheduler - call clearChangeLog
2024-10-10 16:04:44 [scheduling-1] INFO  g.l.w.u.s.UserChangeLogScheduler - clear Logs completed!! true
2024-10-10 16:04:54 [scheduling-1] INFO  g.l.w.u.s.UserChangeLogScheduler - call clearChangeLog
2024-10-10 16:04:54 [scheduling-1] INFO  g.l.w.u.s.UserChangeLogScheduler - clear Logs completed!! true
2024-10-10 16:05:04 [scheduling-1] INFO  g.l.w.u.s.UserChangeLogScheduler - call clearChangeLog
2024-10-10 16:05:04 [scheduling-1] INFO  g.l.w.u.s.UserChangeLogScheduler - clear Logs completed!! true
2024-10-10 16:05:14 [scheduling-1] INFO  g.l.w.u.s.UserChangeLogScheduler - call clearChangeLog
2024-10-10 16:05:14 [scheduling-1] INFO  g.l.w.u.s.UserChangeLogScheduler - clear Logs completed!! true
2024-10-10 16:05:24 [scheduling-1] INFO  g.l.w.u.s.UserChangeLogScheduler - call clearChangeLog
2024-10-10 16:05:24 [scheduling-1] INFO  g.l.w.u.s.UserChangeLogScheduler - clear Logs completed!! true
2024-10-10 16:05:34 [scheduling-1] INFO  g.l.w.u.s.UserChangeLogScheduler - call clearChangeLog
2024-10-10 16:05:34 [scheduling-1] INFO  g.l.w.u.s.UserChangeLogScheduler - clear Logs completed!! true
2024-10-10 16:05:44 [scheduling-1] INFO  g.l.w.u.s.UserChangeLogScheduler - call clearChangeLog
2024-10-10 16:05:44 [scheduling-1] INFO  g.l.w.u.s.UserChangeLogScheduler - clear Logs completed!! true
2024-10-10 16:05:54 [scheduling-1] INFO  g.l.w.u.s.UserChangeLogScheduler - call clearChangeLog
2024-10-10 16:05:54 [scheduling-1] INFO  g.l.w.u.s.UserChangeLogScheduler - clear Logs completed!! true
2024-10-10 16:06:04 [scheduling-1] INFO  g.l.w.u.s.UserChangeLogScheduler - call clearChangeLog
2024-10-10 16:06:04 [scheduling-1] INFO  g.l.w.u.s.UserChangeLogScheduler - clear Logs completed!! true
2024-10-10 16:06:14 [scheduling-1] INFO  g.l.w.u.s.UserChangeLogScheduler - call clearChangeLog
2024-10-10 16:06:14 [scheduling-1] INFO  g.l.w.u.s.UserChangeLogScheduler - clear Logs completed!! true
2024-10-10 16:06:24 [scheduling-1] INFO  g.l.w.u.s.UserChangeLogScheduler - call clearChangeLog
2024-10-10 16:06:24 [scheduling-1] INFO  g.l.w.u.s.UserChangeLogScheduler - clear Logs completed!! true
2024-10-10 16:06:34 [scheduling-1] INFO  g.l.w.u.s.UserChangeLogScheduler - call clearChangeLog
2024-10-10 16:06:34 [scheduling-1] INFO  g.l.w.u.s.UserChangeLogScheduler - clear Logs completed!! true
2024-10-10 16:06:44 [scheduling-1] INFO  g.l.w.u.s.UserChangeLogScheduler - call clearChangeLog
2024-10-10 16:06:44 [scheduling-1] INFO  g.l.w.u.s.UserChangeLogScheduler - clear Logs completed!! true
2024-10-10 16:06:54 [scheduling-1] INFO  g.l.w.u.s.UserChangeLogScheduler - call clearChangeLog
2024-10-10 16:06:54 [scheduling-1] INFO  g.l.w.u.s.UserChangeLogScheduler - clear Logs completed!! true
2024-10-10 16:07:04 [scheduling-1] INFO  g.l.w.u.s.UserChangeLogScheduler - call clearChangeLog
2024-10-10 16:07:04 [scheduling-1] INFO  g.l.w.u.s.UserChangeLogScheduler - clear Logs completed!! true
2024-10-10 16:07:14 [scheduling-1] INFO  g.l.w.u.s.UserChangeLogScheduler - call clearChangeLog
2024-10-10 16:07:14 [scheduling-1] INFO  g.l.w.u.s.UserChangeLogScheduler - clear Logs completed!! true
2024-10-10 16:07:24 [scheduling-1] INFO  g.l.w.u.s.UserChangeLogScheduler - call clearChangeLog
2024-10-10 16:07:24 [scheduling-1] INFO  g.l.w.u.s.UserChangeLogScheduler - clear Logs completed!! true
2024-10-10 16:07:34 [scheduling-1] INFO  g.l.w.u.s.UserChangeLogScheduler - call clearChangeLog
2024-10-10 16:07:34 [scheduling-1] INFO  g.l.w.u.s.UserChangeLogScheduler - clear Logs completed!! true
2024-10-10 16:07:44 [scheduling-1] INFO  g.l.w.u.s.UserChangeLogScheduler - call clearChangeLog
2024-10-10 16:07:44 [scheduling-1] INFO  g.l.w.u.s.UserChangeLogScheduler - clear Logs completed!! true
2024-10-10 16:07:54 [scheduling-1] INFO  g.l.w.u.s.UserChangeLogScheduler - call clearChangeLog
2024-10-10 16:07:54 [scheduling-1] INFO  g.l.w.u.s.UserChangeLogScheduler - clear Logs completed!! true
2024-10-10 16:08:04 [scheduling-1] INFO  g.l.w.u.s.UserChangeLogScheduler - call clearChangeLog
2024-10-10 16:08:04 [scheduling-1] INFO  g.l.w.u.s.UserChangeLogScheduler - clear Logs completed!! true
2024-10-10 16:08:14 [scheduling-1] INFO  g.l.w.u.s.UserChangeLogScheduler - call clearChangeLog
2024-10-10 16:08:14 [scheduling-1] INFO  g.l.w.u.s.UserChangeLogScheduler - clear Logs completed!! true
2024-10-10 16:08:24 [scheduling-1] INFO  g.l.w.u.s.UserChangeLogScheduler - call clearChangeLog
2024-10-10 16:08:24 [scheduling-1] INFO  g.l.w.u.s.UserChangeLogScheduler - clear Logs completed!! true
2024-10-10 16:08:34 [scheduling-1] INFO  g.l.w.u.s.UserChangeLogScheduler - call clearChangeLog
2024-10-10 16:08:34 [scheduling-1] INFO  g.l.w.u.s.UserChangeLogScheduler - clear Logs completed!! true
2024-10-10 16:08:44 [scheduling-1] INFO  g.l.w.u.s.UserChangeLogScheduler - call clearChangeLog
2024-10-10 16:08:44 [scheduling-1] INFO  g.l.w.u.s.UserChangeLogScheduler - clear Logs completed!! true
2024-10-10 16:08:54 [scheduling-1] INFO  g.l.w.u.s.UserChangeLogScheduler - call clearChangeLog
2024-10-10 16:08:54 [scheduling-1] INFO  g.l.w.u.s.UserChangeLogScheduler - clear Logs completed!! true
2024-10-10 16:09:04 [scheduling-1] INFO  g.l.w.u.s.UserChangeLogScheduler - call clearChangeLog
2024-10-10 16:09:04 [scheduling-1] INFO  g.l.w.u.s.UserChangeLogScheduler - clear Logs completed!! true
2024-10-10 16:09:14 [scheduling-1] INFO  g.l.w.u.s.UserChangeLogScheduler - call clearChangeLog
2024-10-10 16:09:14 [scheduling-1] INFO  g.l.w.u.s.UserChangeLogScheduler - clear Logs completed!! true
2024-10-10 16:09:24 [scheduling-1] INFO  g.l.w.u.s.UserChangeLogScheduler - call clearChangeLog
2024-10-10 16:09:24 [scheduling-1] INFO  g.l.w.u.s.UserChangeLogScheduler - clear Logs completed!! true
2024-10-10 16:09:34 [scheduling-1] INFO  g.l.w.u.s.UserChangeLogScheduler - call clearChangeLog
2024-10-10 16:09:34 [scheduling-1] INFO  g.l.w.u.s.UserChangeLogScheduler - clear Logs completed!! true
2024-10-10 16:09:44 [scheduling-1] INFO  g.l.w.u.s.UserChangeLogScheduler - call clearChangeLog
2024-10-10 16:09:44 [scheduling-1] INFO  g.l.w.u.s.UserChangeLogScheduler - clear Logs completed!! true
2024-10-10 16:09:51 [main] INFO  g.la.webserver.WebserverApplication - Starting WebserverApplication using Java 17.0.0.1 with PID 8912 (C:\nust\webserver\build\classes\java\main started by DDTSW Center in C:\nust\webserver)
2024-10-10 16:09:51 [main] DEBUG g.la.webserver.WebserverApplication - Running with Spring Boot v3.3.4, Spring v6.1.13
2024-10-10 16:09:51 [main] INFO  g.la.webserver.WebserverApplication - No active profile set, falling back to 1 default profile: "default"
2024-10-10 16:09:53 [main] INFO  o.s.d.r.c.RepositoryConfigurationDelegate - Bootstrapping Spring Data JPA repositories in DEFAULT mode.
2024-10-10 16:09:53 [main] INFO  o.s.d.r.c.RepositoryConfigurationDelegate - Finished Spring Data repository scanning in 267 ms. Found 2 JPA repository interfaces.
2024-10-10 16:09:55 [main] INFO  o.s.b.w.e.tomcat.TomcatWebServer - Tomcat initialized with port 8080 (http)
2024-10-10 16:09:55 [main] INFO  o.a.coyote.http11.Http11NioProtocol - Initializing ProtocolHandler ["http-nio-8080"]
2024-10-10 16:09:55 [main] INFO  o.a.catalina.core.StandardService - Starting service [Tomcat]
2024-10-10 16:09:55 [main] INFO  o.a.catalina.core.StandardEngine - Starting Servlet engine: [Apache Tomcat/10.1.30]
2024-10-10 16:09:55 [main] INFO  o.a.c.c.C.[Tomcat].[localhost].[/] - Initializing Spring embedded WebApplicationContext
2024-10-10 16:09:55 [main] INFO  o.s.b.w.s.c.ServletWebServerApplicationContext - Root WebApplicationContext: initialization completed in 3190 ms
2024-10-10 16:09:55 [main] INFO  com.zaxxer.hikari.HikariDataSource - HikariPool-1 - Starting...
2024-10-10 16:09:55 [main] INFO  com.zaxxer.hikari.pool.HikariPool - HikariPool-1 - Added connection conn0: url=jdbc:h2:mem:test user=SA
2024-10-10 16:09:55 [main] INFO  com.zaxxer.hikari.HikariDataSource - HikariPool-1 - Start completed.
2024-10-10 16:09:55 [main] INFO  o.s.b.a.h.H2ConsoleAutoConfiguration - H2 console available at '/h2-console'. Database available at 'jdbc:h2:mem:test'
2024-10-10 16:09:55 [main] INFO  o.h.jpa.internal.util.LogHelper - HHH000204: Processing PersistenceUnitInfo [name: default]
2024-10-10 16:09:55 [main] INFO  org.hibernate.Version - HHH000412: Hibernate ORM core version 6.5.3.Final
2024-10-10 16:09:55 [main] INFO  o.h.c.i.RegionFactoryInitiator - HHH000026: Second-level cache disabled
2024-10-10 16:09:56 [main] INFO  o.s.o.j.p.SpringPersistenceUnitInfo - No LoadTimeWeaver setup: ignoring JPA class transformer
2024-10-10 16:09:56 [main] WARN  org.hibernate.orm.deprecation - HHH90000025: H2Dialect does not need to be specified explicitly using 'hibernate.dialect' (remove the property setting and it will be selected by default)
2024-10-10 16:09:57 [main] INFO  o.h.e.t.j.p.i.JtaPlatformInitiator - HHH000489: No JTA platform available (set 'hibernate.transaction.jta.platform' to enable JTA platform integration)
2024-10-10 16:09:57 [main] INFO  o.s.o.j.LocalContainerEntityManagerFactoryBean - Initialized JPA EntityManagerFactory for persistence unit 'default'
2024-10-10 16:09:58 [main] WARN  o.s.b.w.s.c.AnnotationConfigServletWebServerApplicationContext - Exception encountered during context initialization - cancelling refresh attempt: org.springframework.beans.factory.BeanCreationException: Error creating bean with name 'userChangeLogScheduler' defined in file [C:\nust\webserver\build\classes\java\main\gov\la\webserver\user\scheduler\UserChangeLogScheduler.class]: Encountered invalid @Scheduled method 'checkChangeLogs': Cron expression must consist of 6 fields (found 5 in "0 * * * *")
2024-10-10 16:09:58 [main] INFO  o.s.o.j.LocalContainerEntityManagerFactoryBean - Closing JPA EntityManagerFactory for persistence unit 'default'
2024-10-10 16:09:58 [main] INFO  com.zaxxer.hikari.HikariDataSource - HikariPool-1 - Shutdown initiated...
2024-10-10 16:09:58 [main] INFO  com.zaxxer.hikari.HikariDataSource - HikariPool-1 - Shutdown completed.
2024-10-10 16:09:58 [main] INFO  o.a.catalina.core.StandardService - Stopping service [Tomcat]
2024-10-10 16:09:58 [main] INFO  o.s.b.a.l.ConditionEvaluationReportLogger - 

Error starting ApplicationContext. To display the condition evaluation report re-run your application with 'debug' enabled.
2024-10-10 16:09:58 [main] ERROR o.s.boot.SpringApplication - Application run failed
org.springframework.beans.factory.BeanCreationException: Error creating bean with name 'userChangeLogScheduler' defined in file [C:\nust\webserver\build\classes\java\main\gov\la\webserver\user\scheduler\UserChangeLogScheduler.class]: Encountered invalid @Scheduled method 'checkChangeLogs': Cron expression must consist of 6 fields (found 5 in "0 * * * *")
	at org.springframework.beans.factory.support.AbstractAutowireCapableBeanFactory.doCreateBean(AbstractAutowireCapableBeanFactory.java:607)
	at org.springframework.beans.factory.support.AbstractAutowireCapableBeanFactory.createBean(AbstractAutowireCapableBeanFactory.java:522)
	at org.springframework.beans.factory.support.AbstractBeanFactory.lambda$doGetBean$0(AbstractBeanFactory.java:337)
	at org.springframework.beans.factory.support.DefaultSingletonBeanRegistry.getSingleton(DefaultSingletonBeanRegistry.java:234)
	at org.springframework.beans.factory.support.AbstractBeanFactory.doGetBean(AbstractBeanFactory.java:335)
	at org.springframework.beans.factory.support.AbstractBeanFactory.getBean(AbstractBeanFactory.java:200)
	at org.springframework.beans.factory.support.DefaultListableBeanFactory.preInstantiateSingletons(DefaultListableBeanFactory.java:975)
	at org.springframework.context.support.AbstractApplicationContext.finishBeanFactoryInitialization(AbstractApplicationContext.java:971)
	at org.springframework.context.support.AbstractApplicationContext.refresh(AbstractApplicationContext.java:625)
	at org.springframework.boot.web.servlet.context.ServletWebServerApplicationContext.refresh(ServletWebServerApplicationContext.java:146)
	at org.springframework.boot.SpringApplication.refresh(SpringApplication.java:754)
	at org.springframework.boot.SpringApplication.refreshContext(SpringApplication.java:456)
	at org.springframework.boot.SpringApplication.run(SpringApplication.java:335)
	at org.springframework.boot.SpringApplication.run(SpringApplication.java:1363)
	at org.springframework.boot.SpringApplication.run(SpringApplication.java:1352)
	at gov.la.webserver.WebserverApplication.main(WebserverApplication.java:11)
Caused by: java.lang.IllegalStateException: Encountered invalid @Scheduled method 'checkChangeLogs': Cron expression must consist of 6 fields (found 5 in "0 * * * *")
	at org.springframework.scheduling.annotation.ScheduledAnnotationBeanPostProcessor.processScheduledTask(ScheduledAnnotationBeanPostProcessor.java:523)
	at org.springframework.scheduling.annotation.ScheduledAnnotationBeanPostProcessor.processScheduledSync(ScheduledAnnotationBeanPostProcessor.java:362)
	at org.springframework.scheduling.annotation.ScheduledAnnotationBeanPostProcessor.processScheduled(ScheduledAnnotationBeanPostProcessor.java:341)
	at org.springframework.scheduling.annotation.ScheduledAnnotationBeanPostProcessor.lambda$postProcessAfterInitialization$1(ScheduledAnnotationBeanPostProcessor.java:306)
	at java.base/java.lang.Iterable.forEach(Iterable.java:75)
	at org.springframework.scheduling.annotation.ScheduledAnnotationBeanPostProcessor.lambda$postProcessAfterInitialization$2(ScheduledAnnotationBeanPostProcessor.java:306)
	at java.base/java.util.LinkedHashMap.forEach(LinkedHashMap.java:721)
	at org.springframework.scheduling.annotation.ScheduledAnnotationBeanPostProcessor.postProcessAfterInitialization(ScheduledAnnotationBeanPostProcessor.java:305)
	at org.springframework.beans.factory.support.AbstractAutowireCapableBeanFactory.applyBeanPostProcessorsAfterInitialization(AbstractAutowireCapableBeanFactory.java:438)
	at org.springframework.beans.factory.support.AbstractAutowireCapableBeanFactory.initializeBean(AbstractAutowireCapableBeanFactory.java:1809)
	at org.springframework.beans.factory.support.AbstractAutowireCapableBeanFactory.doCreateBean(AbstractAutowireCapableBeanFactory.java:600)
	... 15 common frames omitted
2024-10-10 16:11:00 [main] INFO  g.la.webserver.WebserverApplication - Starting WebserverApplication using Java 17.0.0.1 with PID 24032 (C:\nust\webserver\build\classes\java\main started by DDTSW Center in C:\nust\webserver)
2024-10-10 16:11:00 [main] DEBUG g.la.webserver.WebserverApplication - Running with Spring Boot v3.3.4, Spring v6.1.13
2024-10-10 16:11:00 [main] INFO  g.la.webserver.WebserverApplication - No active profile set, falling back to 1 default profile: "default"
2024-10-10 16:11:02 [main] INFO  o.s.d.r.c.RepositoryConfigurationDelegate - Bootstrapping Spring Data JPA repositories in DEFAULT mode.
2024-10-10 16:11:02 [main] INFO  o.s.d.r.c.RepositoryConfigurationDelegate - Finished Spring Data repository scanning in 225 ms. Found 2 JPA repository interfaces.
2024-10-10 16:11:03 [main] INFO  o.s.b.w.e.tomcat.TomcatWebServer - Tomcat initialized with port 8080 (http)
2024-10-10 16:11:03 [main] INFO  o.a.coyote.http11.Http11NioProtocol - Initializing ProtocolHandler ["http-nio-8080"]
2024-10-10 16:11:03 [main] INFO  o.a.catalina.core.StandardService - Starting service [Tomcat]
2024-10-10 16:11:03 [main] INFO  o.a.catalina.core.StandardEngine - Starting Servlet engine: [Apache Tomcat/10.1.30]
2024-10-10 16:11:03 [main] INFO  o.a.c.c.C.[Tomcat].[localhost].[/] - Initializing Spring embedded WebApplicationContext
2024-10-10 16:11:03 [main] INFO  o.s.b.w.s.c.ServletWebServerApplicationContext - Root WebApplicationContext: initialization completed in 3217 ms
2024-10-10 16:11:03 [main] INFO  com.zaxxer.hikari.HikariDataSource - HikariPool-1 - Starting...
2024-10-10 16:11:04 [main] INFO  com.zaxxer.hikari.pool.HikariPool - HikariPool-1 - Added connection conn0: url=jdbc:h2:mem:test user=SA
2024-10-10 16:11:04 [main] INFO  com.zaxxer.hikari.HikariDataSource - HikariPool-1 - Start completed.
2024-10-10 16:11:04 [main] INFO  o.s.b.a.h.H2ConsoleAutoConfiguration - H2 console available at '/h2-console'. Database available at 'jdbc:h2:mem:test'
2024-10-10 16:11:04 [main] INFO  o.h.jpa.internal.util.LogHelper - HHH000204: Processing PersistenceUnitInfo [name: default]
2024-10-10 16:11:04 [main] INFO  org.hibernate.Version - HHH000412: Hibernate ORM core version 6.5.3.Final
2024-10-10 16:11:04 [main] INFO  o.h.c.i.RegionFactoryInitiator - HHH000026: Second-level cache disabled
2024-10-10 16:11:04 [main] INFO  o.s.o.j.p.SpringPersistenceUnitInfo - No LoadTimeWeaver setup: ignoring JPA class transformer
2024-10-10 16:11:05 [main] WARN  org.hibernate.orm.deprecation - HHH90000025: H2Dialect does not need to be specified explicitly using 'hibernate.dialect' (remove the property setting and it will be selected by default)
2024-10-10 16:11:06 [main] INFO  o.h.e.t.j.p.i.JtaPlatformInitiator - HHH000489: No JTA platform available (set 'hibernate.transaction.jta.platform' to enable JTA platform integration)
2024-10-10 16:11:06 [main] INFO  o.s.o.j.LocalContainerEntityManagerFactoryBean - Initialized JPA EntityManagerFactory for persistence unit 'default'
2024-10-10 16:11:07 [main] INFO  o.s.s.c.a.a.c.InitializeUserDetailsBeanManagerConfigurer$InitializeUserDetailsManagerConfigurer - Global AuthenticationManager configured with UserDetailsService bean with name userLoginService
2024-10-10 16:11:07 [main] INFO  o.s.b.a.w.s.WelcomePageHandlerMapping - Adding welcome page template: index
2024-10-10 16:11:07 [main] INFO  o.s.b.a.e.web.EndpointLinksResolver - Exposing 15 endpoints beneath base path '/actuator'
2024-10-10 16:11:08 [main] INFO  o.a.coyote.http11.Http11NioProtocol - Starting ProtocolHandler ["http-nio-8080"]
2024-10-10 16:11:08 [main] INFO  o.s.b.w.e.tomcat.TomcatWebServer - Tomcat started on port 8080 (http) with context path '/'
2024-10-10 16:11:08 [main] INFO  g.la.webserver.WebserverApplication - Started WebserverApplication in 9.332 seconds (process running for 9.881)
2024-10-10 16:11:08 [scheduling-1] INFO  g.l.w.u.s.UserChangeLogScheduler - call clearChangeLog
2024-10-10 16:11:09 [registrationTask1] WARN  d.c.b.a.c.r.ApplicationRegistrator - Failed to register application as Application(name=spring-boot-application, managementUrl=http://host.docker.internal:8080/actuator, healthUrl=http://host.docker.internal:8080/actuator/health, serviceUrl=http://host.docker.internal:8080/) at spring-boot-admin ([http://localhost:8000/instances]): I/O error on POST request for "http://localhost:8000/instances": Connection refused: no further information. Further attempts are logged on DEBUG level
2024-10-10 16:11:09 [scheduling-1] INFO  g.l.w.u.s.UserChangeLogScheduler - clear Logs completed!! true
2024-10-10 16:12:00 [scheduling-1] INFO  g.l.w.u.s.UserChangeLogScheduler - call checkChangeLog
2024-10-10 16:12:00 [scheduling-1] INFO  g.l.w.u.s.UserChangeLogScheduler - check log completed!!
2024-10-10 16:12:08 [scheduling-1] INFO  g.l.w.u.s.UserChangeLogScheduler - call clearChangeLog
2024-10-10 16:12:08 [scheduling-1] INFO  g.l.w.u.s.UserChangeLogScheduler - clear Logs completed!! true
2024-10-10 16:12:59 [http-nio-8080-exec-1] INFO  o.a.c.c.C.[Tomcat].[localhost].[/] - Initializing Spring DispatcherServlet 'dispatcherServlet'
2024-10-10 16:12:59 [http-nio-8080-exec-1] INFO  o.s.web.servlet.DispatcherServlet - Initializing Servlet 'dispatcherServlet'
2024-10-10 16:12:59 [http-nio-8080-exec-1] INFO  o.s.web.servlet.DispatcherServlet - Completed initialization in 0 ms
2024-10-10 16:13:00 [scheduling-1] INFO  g.l.w.u.s.UserChangeLogScheduler - call checkChangeLog
2024-10-10 16:13:00 [scheduling-1] INFO  g.l.w.u.s.UserChangeLogScheduler - check log completed!!
2024-10-10 16:13:06 [http-nio-8080-exec-9] INFO  g.l.w.u.controllers.UserController - call getAllUsers
2024-10-10 16:13:06 [http-nio-8080-exec-10] INFO  g.l.w.u.c.UserChangeLogController - call getAllUsersChangelog
2024-10-10 16:13:08 [scheduling-1] INFO  g.l.w.u.s.UserChangeLogScheduler - call clearChangeLog
2024-10-10 16:13:08 [scheduling-1] INFO  g.l.w.u.s.UserChangeLogScheduler - clear Logs completed!! true
2024-10-10 16:13:19 [http-nio-8080-exec-7] INFO  g.l.w.u.controllers.UserController - call getAllUsers
2024-10-10 16:13:19 [http-nio-8080-exec-8] INFO  g.l.w.u.c.UserChangeLogController - call getAllUsersChangelog
2024-10-10 16:13:26 [http-nio-8080-exec-5] INFO  g.l.w.u.c.UserChangeLogController - call getAllUsersChangelog
2024-10-10 16:13:26 [http-nio-8080-exec-6] INFO  g.l.w.u.controllers.UserController - call getAllUsers
2024-10-10 16:13:38 [http-nio-8080-exec-8] INFO  g.l.w.u.controllers.UserController - call UpdatedUsers >>>id >>> 1/ name >> e77fewerfeerfyw4ir7yiu / age >> 29 /nickname >>NjfeiwjfewMember
2024-10-10 16:13:46 [http-nio-8080-exec-1] INFO  g.l.w.u.controllers.UserController - call getAllUsers
2024-10-10 16:13:46 [http-nio-8080-exec-2] INFO  g.l.w.u.c.UserChangeLogController - call getAllUsersChangelog
2024-10-10 16:13:50 [http-nio-8080-exec-6] INFO  g.l.w.u.c.UserChangeLogController - call getAllUsersChangelog
2024-10-10 16:13:50 [http-nio-8080-exec-5] INFO  g.l.w.u.controllers.UserController - call getAllUsers
2024-10-10 16:13:54 [http-nio-8080-exec-3] INFO  g.l.w.u.controllers.UserController - call getAllUsers
2024-10-10 16:13:54 [http-nio-8080-exec-4] INFO  g.l.w.u.c.UserChangeLogController - call getAllUsersChangelog
2024-10-10 16:14:00 [scheduling-1] INFO  g.l.w.u.s.UserChangeLogScheduler - call checkChangeLog
2024-10-10 16:14:00 [scheduling-1] INFO  g.l.w.u.s.UserChangeLogScheduler - change Log >> UserChangeLogDTO(id=1, beforeField=nickName, beforeValue=Iron Man, afterField=nickName, afterValue=NjfeiwjfewMember, createTime=2024-10-10T16:13:38.890032)
2024-10-10 16:14:00 [scheduling-1] INFO  g.l.w.u.s.UserChangeLogScheduler - change Log >> UserChangeLogDTO(id=2, beforeField=name, beforeValue=Tony Stark, afterField=name, afterValue=e77fewerfeerfyw4ir7yiu, createTime=2024-10-10T16:13:39.000457)
2024-10-10 16:14:00 [scheduling-1] INFO  g.l.w.u.s.UserChangeLogScheduler - change Log >> UserChangeLogDTO(id=3, beforeField=age, beforeValue=20, afterField=age, afterValue=29, createTime=2024-10-10T16:13:39.032183)
2024-10-10 16:14:00 [scheduling-1] INFO  g.l.w.u.s.UserChangeLogScheduler - check log completed!!
2024-10-10 16:14:08 [scheduling-1] INFO  g.l.w.u.s.UserChangeLogScheduler - call clearChangeLog
2024-10-10 16:14:08 [scheduling-1] INFO  g.l.w.u.s.UserChangeLogScheduler - clear Logs completed!! true
2024-10-10 16:14:34 [http-nio-8080-exec-10] INFO  g.l.w.u.controllers.UserController - call UpdatedUsers >>>id >>> 1/ name >> loger / age >> 29 /nickname >>baiydee
2024-10-10 16:14:40 [http-nio-8080-exec-2] INFO  g.l.w.u.controllers.UserController - call getAllUsers
2024-10-10 16:14:40 [http-nio-8080-exec-3] INFO  g.l.w.u.c.UserChangeLogController - call getAllUsersChangelog
2024-10-10 16:14:52 [http-nio-8080-exec-4] INFO  g.l.w.u.c.UserChangeLogController - call getAllUsersChangelog
2024-10-10 16:15:00 [scheduling-1] INFO  g.l.w.u.s.UserChangeLogScheduler - call checkChangeLog
2024-10-10 16:15:00 [scheduling-1] INFO  g.l.w.u.s.UserChangeLogScheduler - change Log >> UserChangeLogDTO(id=4, beforeField=nickName, beforeValue=NjfeiwjfewMember, afterField=nickName, afterValue=baiydee, createTime=2024-10-10T16:14:34.409302)
2024-10-10 16:15:00 [scheduling-1] INFO  g.l.w.u.s.UserChangeLogScheduler - change Log >> UserChangeLogDTO(id=5, beforeField=name, beforeValue=e77fewerfeerfyw4ir7yiu, afterField=name, afterValue=loger, createTime=2024-10-10T16:14:34.409302)
2024-10-10 16:15:00 [scheduling-1] INFO  g.l.w.u.s.UserChangeLogScheduler - check log completed!!
2024-10-10 16:15:08 [scheduling-1] INFO  g.l.w.u.s.UserChangeLogScheduler - call clearChangeLog
2024-10-10 16:15:08 [scheduling-1] INFO  g.l.w.u.s.UserChangeLogScheduler - clear Logs completed!! true
2024-10-10 16:16:00 [scheduling-1] INFO  g.l.w.u.s.UserChangeLogScheduler - call checkChangeLog
2024-10-10 16:16:00 [scheduling-1] INFO  g.l.w.u.s.UserChangeLogScheduler - check log completed!!
2024-10-10 16:16:08 [scheduling-1] INFO  g.l.w.u.s.UserChangeLogScheduler - call clearChangeLog
2024-10-10 16:16:08 [scheduling-1] INFO  g.l.w.u.s.UserChangeLogScheduler - clear Logs completed!! true
2024-10-10 16:17:00 [scheduling-1] INFO  g.l.w.u.s.UserChangeLogScheduler - call checkChangeLog
2024-10-10 16:17:00 [scheduling-1] INFO  g.l.w.u.s.UserChangeLogScheduler - check log completed!!
2024-10-10 16:17:08 [scheduling-1] INFO  g.l.w.u.s.UserChangeLogScheduler - call clearChangeLog
2024-10-10 16:17:08 [scheduling-1] INFO  g.l.w.u.s.UserChangeLogScheduler - clear Logs completed!! true
2024-10-10 16:18:00 [scheduling-1] INFO  g.l.w.u.s.UserChangeLogScheduler - call checkChangeLog
2024-10-10 16:18:00 [scheduling-1] INFO  g.l.w.u.s.UserChangeLogScheduler - check log completed!!
2024-10-10 16:18:08 [scheduling-1] INFO  g.l.w.u.s.UserChangeLogScheduler - call clearChangeLog
2024-10-10 16:18:08 [scheduling-1] INFO  g.l.w.u.s.UserChangeLogScheduler - clear Logs completed!! true
2024-10-10 16:19:00 [scheduling-1] INFO  g.l.w.u.s.UserChangeLogScheduler - call checkChangeLog
2024-10-10 16:19:00 [scheduling-1] INFO  g.l.w.u.s.UserChangeLogScheduler - check log completed!!
2024-10-10 16:19:08 [scheduling-1] INFO  g.l.w.u.s.UserChangeLogScheduler - call clearChangeLog
2024-10-10 16:19:08 [scheduling-1] INFO  g.l.w.u.s.UserChangeLogScheduler - clear Logs completed!! true
2024-10-10 16:20:00 [scheduling-1] INFO  g.l.w.u.s.UserChangeLogScheduler - call checkChangeLog
2024-10-10 16:20:00 [scheduling-1] INFO  g.l.w.u.s.UserChangeLogScheduler - check log completed!!
2024-10-10 16:20:08 [scheduling-1] INFO  g.l.w.u.s.UserChangeLogScheduler - call clearChangeLog
2024-10-10 16:20:08 [scheduling-1] INFO  g.l.w.u.s.UserChangeLogScheduler - clear Logs completed!! true
2024-10-10 16:21:00 [scheduling-1] INFO  g.l.w.u.s.UserChangeLogScheduler - call checkChangeLog
2024-10-10 16:21:00 [scheduling-1] INFO  g.l.w.u.s.UserChangeLogScheduler - check log completed!!
2024-10-10 16:21:08 [scheduling-1] INFO  g.l.w.u.s.UserChangeLogScheduler - call clearChangeLog
2024-10-10 16:21:08 [scheduling-1] INFO  g.l.w.u.s.UserChangeLogScheduler - clear Logs completed!! true
2024-10-10 16:22:00 [scheduling-1] INFO  g.l.w.u.s.UserChangeLogScheduler - call checkChangeLog
2024-10-10 16:22:00 [scheduling-1] INFO  g.l.w.u.s.UserChangeLogScheduler - check log completed!!
2024-10-10 16:22:08 [scheduling-1] INFO  g.l.w.u.s.UserChangeLogScheduler - call clearChangeLog
2024-10-10 16:22:08 [scheduling-1] INFO  g.l.w.u.s.UserChangeLogScheduler - clear Logs completed!! true
2024-10-10 16:23:00 [scheduling-1] INFO  g.l.w.u.s.UserChangeLogScheduler - call checkChangeLog
2024-10-10 16:23:00 [scheduling-1] INFO  g.l.w.u.s.UserChangeLogScheduler - check log completed!!
2024-10-10 16:23:08 [scheduling-1] INFO  g.l.w.u.s.UserChangeLogScheduler - call clearChangeLog
2024-10-10 16:23:08 [scheduling-1] INFO  g.l.w.u.s.UserChangeLogScheduler - clear Logs completed!! true
2024-10-10 16:24:00 [scheduling-1] INFO  g.l.w.u.s.UserChangeLogScheduler - call checkChangeLog
2024-10-10 16:24:00 [scheduling-1] INFO  g.l.w.u.s.UserChangeLogScheduler - check log completed!!
2024-10-10 16:24:08 [scheduling-1] INFO  g.l.w.u.s.UserChangeLogScheduler - call clearChangeLog
2024-10-10 16:24:08 [scheduling-1] INFO  g.l.w.u.s.UserChangeLogScheduler - clear Logs completed!! true
2024-10-10 16:25:00 [scheduling-1] INFO  g.l.w.u.s.UserChangeLogScheduler - call checkChangeLog
2024-10-10 16:25:00 [scheduling-1] INFO  g.l.w.u.s.UserChangeLogScheduler - check log completed!!
2024-10-10 16:25:08 [scheduling-1] INFO  g.l.w.u.s.UserChangeLogScheduler - call clearChangeLog
2024-10-10 16:25:08 [scheduling-1] INFO  g.l.w.u.s.UserChangeLogScheduler - clear Logs completed!! true
2024-10-10 16:26:00 [scheduling-1] INFO  g.l.w.u.s.UserChangeLogScheduler - call checkChangeLog
2024-10-10 16:26:00 [scheduling-1] INFO  g.l.w.u.s.UserChangeLogScheduler - check log completed!!
2024-10-10 16:26:08 [scheduling-1] INFO  g.l.w.u.s.UserChangeLogScheduler - call clearChangeLog
2024-10-10 16:26:08 [scheduling-1] INFO  g.l.w.u.s.UserChangeLogScheduler - clear Logs completed!! true
2024-10-10 16:27:00 [scheduling-1] INFO  g.l.w.u.s.UserChangeLogScheduler - call checkChangeLog
2024-10-10 16:27:00 [scheduling-1] INFO  g.l.w.u.s.UserChangeLogScheduler - check log completed!!
2024-10-10 16:27:08 [scheduling-1] INFO  g.l.w.u.s.UserChangeLogScheduler - call clearChangeLog
2024-10-10 16:27:08 [scheduling-1] INFO  g.l.w.u.s.UserChangeLogScheduler - clear Logs completed!! true
2024-10-10 16:28:00 [scheduling-1] INFO  g.l.w.u.s.UserChangeLogScheduler - call checkChangeLog
2024-10-10 16:28:00 [scheduling-1] INFO  g.l.w.u.s.UserChangeLogScheduler - check log completed!!
2024-10-10 16:28:08 [scheduling-1] INFO  g.l.w.u.s.UserChangeLogScheduler - call clearChangeLog
2024-10-10 16:28:09 [scheduling-1] INFO  g.l.w.u.s.UserChangeLogScheduler - clear Logs completed!! true
2024-10-10 16:29:00 [scheduling-1] INFO  g.l.w.u.s.UserChangeLogScheduler - call checkChangeLog
2024-10-10 16:29:00 [scheduling-1] INFO  g.l.w.u.s.UserChangeLogScheduler - check log completed!!
2024-10-10 16:29:08 [scheduling-1] INFO  g.l.w.u.s.UserChangeLogScheduler - call clearChangeLog
2024-10-10 16:29:08 [scheduling-1] INFO  g.l.w.u.s.UserChangeLogScheduler - clear Logs completed!! true
2024-10-10 16:30:00 [scheduling-1] INFO  g.l.w.u.s.UserChangeLogScheduler - call checkChangeLog
2024-10-10 16:30:00 [scheduling-1] INFO  g.l.w.u.s.UserChangeLogScheduler - check log completed!!
2024-10-10 16:30:08 [scheduling-1] INFO  g.l.w.u.s.UserChangeLogScheduler - call clearChangeLog
2024-10-10 16:30:08 [scheduling-1] INFO  g.l.w.u.s.UserChangeLogScheduler - clear Logs completed!! true
2024-10-10 16:31:00 [scheduling-1] INFO  g.l.w.u.s.UserChangeLogScheduler - call checkChangeLog
2024-10-10 16:31:00 [scheduling-1] INFO  g.l.w.u.s.UserChangeLogScheduler - check log completed!!
2024-10-10 16:31:08 [scheduling-1] INFO  g.l.w.u.s.UserChangeLogScheduler - call clearChangeLog
2024-10-10 16:31:08 [scheduling-1] INFO  g.l.w.u.s.UserChangeLogScheduler - clear Logs completed!! true
2024-10-10 16:32:00 [scheduling-1] INFO  g.l.w.u.s.UserChangeLogScheduler - call checkChangeLog
2024-10-10 16:32:00 [scheduling-1] INFO  g.l.w.u.s.UserChangeLogScheduler - check log completed!!
2024-10-10 16:32:08 [scheduling-1] INFO  g.l.w.u.s.UserChangeLogScheduler - call clearChangeLog
2024-10-10 16:32:08 [scheduling-1] INFO  g.l.w.u.s.UserChangeLogScheduler - clear Logs completed!! true
2024-10-10 16:33:00 [scheduling-1] INFO  g.l.w.u.s.UserChangeLogScheduler - call checkChangeLog
2024-10-10 16:33:00 [scheduling-1] INFO  g.l.w.u.s.UserChangeLogScheduler - check log completed!!
2024-10-10 16:33:08 [scheduling-1] INFO  g.l.w.u.s.UserChangeLogScheduler - call clearChangeLog
2024-10-10 16:33:08 [scheduling-1] INFO  g.l.w.u.s.UserChangeLogScheduler - clear Logs completed!! true
2024-10-10 16:34:00 [scheduling-1] INFO  g.l.w.u.s.UserChangeLogScheduler - call checkChangeLog
2024-10-10 16:34:00 [scheduling-1] INFO  g.l.w.u.s.UserChangeLogScheduler - check log completed!!
2024-10-10 16:34:08 [scheduling-1] INFO  g.l.w.u.s.UserChangeLogScheduler - call clearChangeLog
2024-10-10 16:34:08 [scheduling-1] INFO  g.l.w.u.s.UserChangeLogScheduler - clear Logs completed!! true
2024-10-10 16:35:00 [scheduling-1] INFO  g.l.w.u.s.UserChangeLogScheduler - call checkChangeLog
2024-10-10 16:35:00 [scheduling-1] INFO  g.l.w.u.s.UserChangeLogScheduler - check log completed!!
2024-10-10 16:35:08 [scheduling-1] INFO  g.l.w.u.s.UserChangeLogScheduler - call clearChangeLog
2024-10-10 16:35:08 [scheduling-1] INFO  g.l.w.u.s.UserChangeLogScheduler - clear Logs completed!! true
2024-10-10 16:36:00 [scheduling-1] INFO  g.l.w.u.s.UserChangeLogScheduler - call checkChangeLog
2024-10-10 16:36:00 [scheduling-1] INFO  g.l.w.u.s.UserChangeLogScheduler - check log completed!!
2024-10-10 16:36:08 [scheduling-1] INFO  g.l.w.u.s.UserChangeLogScheduler - call clearChangeLog
2024-10-10 16:36:08 [scheduling-1] INFO  g.l.w.u.s.UserChangeLogScheduler - clear Logs completed!! true
2024-10-10 16:37:00 [scheduling-1] INFO  g.l.w.u.s.UserChangeLogScheduler - call checkChangeLog
2024-10-10 16:37:00 [scheduling-1] INFO  g.l.w.u.s.UserChangeLogScheduler - check log completed!!
2024-10-10 16:37:08 [scheduling-1] INFO  g.l.w.u.s.UserChangeLogScheduler - call clearChangeLog
2024-10-10 16:37:08 [scheduling-1] INFO  g.l.w.u.s.UserChangeLogScheduler - clear Logs completed!! true
2024-10-10 16:38:00 [scheduling-1] INFO  g.l.w.u.s.UserChangeLogScheduler - call checkChangeLog
2024-10-10 16:38:00 [scheduling-1] INFO  g.l.w.u.s.UserChangeLogScheduler - check log completed!!
2024-10-10 16:38:08 [scheduling-1] INFO  g.l.w.u.s.UserChangeLogScheduler - call clearChangeLog
2024-10-10 16:38:08 [scheduling-1] INFO  g.l.w.u.s.UserChangeLogScheduler - clear Logs completed!! true
2024-10-10 16:39:00 [scheduling-1] INFO  g.l.w.u.s.UserChangeLogScheduler - call checkChangeLog
2024-10-10 16:39:00 [scheduling-1] INFO  g.l.w.u.s.UserChangeLogScheduler - check log completed!!
2024-10-10 16:39:08 [scheduling-1] INFO  g.l.w.u.s.UserChangeLogScheduler - call clearChangeLog
2024-10-10 16:39:08 [scheduling-1] INFO  g.l.w.u.s.UserChangeLogScheduler - clear Logs completed!! true
2024-10-10 16:40:00 [scheduling-1] INFO  g.l.w.u.s.UserChangeLogScheduler - call checkChangeLog
2024-10-10 16:40:00 [scheduling-1] INFO  g.l.w.u.s.UserChangeLogScheduler - check log completed!!
2024-10-10 16:40:08 [scheduling-1] INFO  g.l.w.u.s.UserChangeLogScheduler - call clearChangeLog
2024-10-10 16:40:08 [scheduling-1] INFO  g.l.w.u.s.UserChangeLogScheduler - clear Logs completed!! true
2024-10-10 16:41:00 [scheduling-1] INFO  g.l.w.u.s.UserChangeLogScheduler - call checkChangeLog
2024-10-10 16:41:00 [scheduling-1] INFO  g.l.w.u.s.UserChangeLogScheduler - check log completed!!
2024-10-10 16:41:08 [scheduling-1] INFO  g.l.w.u.s.UserChangeLogScheduler - call clearChangeLog
2024-10-10 16:41:08 [scheduling-1] INFO  g.l.w.u.s.UserChangeLogScheduler - clear Logs completed!! true
2024-10-10 16:42:00 [scheduling-1] INFO  g.l.w.u.s.UserChangeLogScheduler - call checkChangeLog
2024-10-10 16:42:00 [scheduling-1] INFO  g.l.w.u.s.UserChangeLogScheduler - check log completed!!
2024-10-10 16:42:08 [scheduling-1] INFO  g.l.w.u.s.UserChangeLogScheduler - call clearChangeLog
2024-10-10 16:42:08 [scheduling-1] INFO  g.l.w.u.s.UserChangeLogScheduler - clear Logs completed!! true
2024-10-10 16:43:00 [scheduling-1] INFO  g.l.w.u.s.UserChangeLogScheduler - call checkChangeLog
2024-10-10 16:43:00 [scheduling-1] INFO  g.l.w.u.s.UserChangeLogScheduler - check log completed!!
2024-10-10 16:43:08 [scheduling-1] INFO  g.l.w.u.s.UserChangeLogScheduler - call clearChangeLog
2024-10-10 16:43:08 [scheduling-1] INFO  g.l.w.u.s.UserChangeLogScheduler - clear Logs completed!! true
2024-10-10 16:44:00 [scheduling-1] INFO  g.l.w.u.s.UserChangeLogScheduler - call checkChangeLog
2024-10-10 16:44:00 [scheduling-1] INFO  g.l.w.u.s.UserChangeLogScheduler - check log completed!!
2024-10-10 16:44:08 [scheduling-1] INFO  g.l.w.u.s.UserChangeLogScheduler - call clearChangeLog
2024-10-10 16:44:08 [scheduling-1] INFO  g.l.w.u.s.UserChangeLogScheduler - clear Logs completed!! true
2024-10-10 16:45:00 [scheduling-1] INFO  g.l.w.u.s.UserChangeLogScheduler - call checkChangeLog
2024-10-10 16:45:00 [scheduling-1] INFO  g.l.w.u.s.UserChangeLogScheduler - check log completed!!
2024-10-10 16:45:08 [scheduling-1] INFO  g.l.w.u.s.UserChangeLogScheduler - call clearChangeLog
2024-10-10 16:45:08 [scheduling-1] INFO  g.l.w.u.s.UserChangeLogScheduler - clear Logs completed!! true
2024-10-10 16:46:00 [scheduling-1] INFO  g.l.w.u.s.UserChangeLogScheduler - call checkChangeLog
2024-10-10 16:46:00 [scheduling-1] INFO  g.l.w.u.s.UserChangeLogScheduler - check log completed!!
2024-10-10 16:46:08 [scheduling-1] INFO  g.l.w.u.s.UserChangeLogScheduler - call clearChangeLog
2024-10-10 16:46:08 [scheduling-1] INFO  g.l.w.u.s.UserChangeLogScheduler - clear Logs completed!! true
2024-10-10 16:46:17 [main] INFO  g.la.webserver.WebserverApplication - Starting WebserverApplication using Java 17.0.0.1 with PID 24556 (C:\nust\webserver\build\classes\java\main started by DDTSW Center in C:\nust\webserver)
2024-10-10 16:46:17 [main] DEBUG g.la.webserver.WebserverApplication - Running with Spring Boot v3.3.4, Spring v6.1.13
2024-10-10 16:46:17 [main] INFO  g.la.webserver.WebserverApplication - No active profile set, falling back to 1 default profile: "default"
2024-10-10 16:46:18 [main] INFO  o.s.d.r.c.RepositoryConfigurationDelegate - Bootstrapping Spring Data JPA repositories in DEFAULT mode.
2024-10-10 16:46:18 [main] INFO  o.s.d.r.c.RepositoryConfigurationDelegate - Finished Spring Data repository scanning in 199 ms. Found 2 JPA repository interfaces.
2024-10-10 16:46:20 [main] INFO  o.s.b.w.e.tomcat.TomcatWebServer - Tomcat initialized with port 8080 (http)
2024-10-10 16:46:20 [main] INFO  o.a.coyote.http11.Http11NioProtocol - Initializing ProtocolHandler ["http-nio-8080"]
2024-10-10 16:46:20 [main] INFO  o.a.catalina.core.StandardService - Starting service [Tomcat]
2024-10-10 16:46:20 [main] INFO  o.a.catalina.core.StandardEngine - Starting Servlet engine: [Apache Tomcat/10.1.30]
2024-10-10 16:46:20 [main] INFO  o.a.c.c.C.[Tomcat].[localhost].[/] - Initializing Spring embedded WebApplicationContext
2024-10-10 16:46:20 [main] INFO  o.s.b.w.s.c.ServletWebServerApplicationContext - Root WebApplicationContext: initialization completed in 3060 ms
2024-10-10 16:46:20 [main] INFO  com.zaxxer.hikari.HikariDataSource - HikariPool-1 - Starting...
2024-10-10 16:46:20 [main] INFO  com.zaxxer.hikari.pool.HikariPool - HikariPool-1 - Added connection conn0: url=jdbc:h2:mem:test user=SA
2024-10-10 16:46:20 [main] INFO  com.zaxxer.hikari.HikariDataSource - HikariPool-1 - Start completed.
2024-10-10 16:46:20 [main] INFO  o.s.b.a.h.H2ConsoleAutoConfiguration - H2 console available at '/h2-console'. Database available at 'jdbc:h2:mem:test'
2024-10-10 16:46:20 [main] INFO  o.h.jpa.internal.util.LogHelper - HHH000204: Processing PersistenceUnitInfo [name: default]
2024-10-10 16:46:20 [main] INFO  org.hibernate.Version - HHH000412: Hibernate ORM core version 6.5.3.Final
2024-10-10 16:46:20 [main] INFO  o.h.c.i.RegionFactoryInitiator - HHH000026: Second-level cache disabled
2024-10-10 16:46:21 [main] INFO  o.s.o.j.p.SpringPersistenceUnitInfo - No LoadTimeWeaver setup: ignoring JPA class transformer
2024-10-10 16:46:21 [main] WARN  org.hibernate.orm.deprecation - HHH90000025: H2Dialect does not need to be specified explicitly using 'hibernate.dialect' (remove the property setting and it will be selected by default)
2024-10-10 16:46:22 [main] INFO  o.h.e.t.j.p.i.JtaPlatformInitiator - HHH000489: No JTA platform available (set 'hibernate.transaction.jta.platform' to enable JTA platform integration)
2024-10-10 16:46:22 [main] INFO  o.s.o.j.LocalContainerEntityManagerFactoryBean - Initialized JPA EntityManagerFactory for persistence unit 'default'
2024-10-10 16:46:23 [main] INFO  o.s.s.c.a.a.c.InitializeUserDetailsBeanManagerConfigurer$InitializeUserDetailsManagerConfigurer - Global AuthenticationManager configured with UserDetailsService bean with name userLoginService
2024-10-10 16:46:23 [main] INFO  o.s.b.a.w.s.WelcomePageHandlerMapping - Adding welcome page template: index
2024-10-10 16:46:24 [main] INFO  o.s.b.a.e.web.EndpointLinksResolver - Exposing 15 endpoints beneath base path '/actuator'
2024-10-10 16:46:25 [main] INFO  o.a.coyote.http11.Http11NioProtocol - Starting ProtocolHandler ["http-nio-8080"]
2024-10-10 16:46:25 [main] INFO  o.s.b.w.e.tomcat.TomcatWebServer - Tomcat started on port 8080 (http) with context path '/'
2024-10-10 16:46:25 [main] INFO  g.la.webserver.WebserverApplication - Started WebserverApplication in 9.129 seconds (process running for 9.642)
2024-10-10 16:46:25 [scheduling-1] INFO  g.l.w.u.s.UserChangeLogScheduler - call clearChangeLog
2024-10-10 16:46:25 [registrationTask1] WARN  d.c.b.a.c.r.ApplicationRegistrator - Failed to register application as Application(name=spring-boot-application, managementUrl=http://host.docker.internal:8080/actuator, healthUrl=http://host.docker.internal:8080/actuator/health, serviceUrl=http://host.docker.internal:8080/) at spring-boot-admin ([http://localhost:8000/instances]): I/O error on POST request for "http://localhost:8000/instances": Connection refused: no further information. Further attempts are logged on DEBUG level
2024-10-10 16:46:25 [scheduling-1] INFO  g.l.w.u.s.UserChangeLogScheduler - clear Logs completed!! true
2024-10-10 16:46:59 [main] INFO  g.la.webserver.WebserverApplication - Starting WebserverApplication using Java 17.0.0.1 with PID 18244 (C:\nust\webserver\build\classes\java\main started by DDTSW Center in C:\nust\webserver)
2024-10-10 16:46:59 [main] DEBUG g.la.webserver.WebserverApplication - Running with Spring Boot v3.3.4, Spring v6.1.13
2024-10-10 16:46:59 [main] INFO  g.la.webserver.WebserverApplication - No active profile set, falling back to 1 default profile: "default"
2024-10-10 16:47:00 [main] INFO  o.s.d.r.c.RepositoryConfigurationDelegate - Bootstrapping Spring Data JPA repositories in DEFAULT mode.
2024-10-10 16:47:01 [main] INFO  o.s.d.r.c.RepositoryConfigurationDelegate - Finished Spring Data repository scanning in 226 ms. Found 2 JPA repository interfaces.
2024-10-10 16:47:02 [main] INFO  o.s.b.w.e.tomcat.TomcatWebServer - Tomcat initialized with port 8080 (http)
2024-10-10 16:47:02 [main] INFO  o.a.coyote.http11.Http11NioProtocol - Initializing ProtocolHandler ["http-nio-8080"]
2024-10-10 16:47:02 [main] INFO  o.a.catalina.core.StandardService - Starting service [Tomcat]
2024-10-10 16:47:02 [main] INFO  o.a.catalina.core.StandardEngine - Starting Servlet engine: [Apache Tomcat/10.1.30]
2024-10-10 16:47:02 [main] INFO  o.a.c.c.C.[Tomcat].[localhost].[/] - Initializing Spring embedded WebApplicationContext
2024-10-10 16:47:02 [main] INFO  o.s.b.w.s.c.ServletWebServerApplicationContext - Root WebApplicationContext: initialization completed in 2967 ms
2024-10-10 16:47:02 [main] INFO  com.zaxxer.hikari.HikariDataSource - HikariPool-1 - Starting...
2024-10-10 16:47:02 [main] INFO  com.zaxxer.hikari.pool.HikariPool - HikariPool-1 - Added connection conn0: url=jdbc:h2:mem:test user=SA
2024-10-10 16:47:02 [main] INFO  com.zaxxer.hikari.HikariDataSource - HikariPool-1 - Start completed.
2024-10-10 16:47:02 [main] INFO  o.s.b.a.h.H2ConsoleAutoConfiguration - H2 console available at '/h2-console'. Database available at 'jdbc:h2:mem:test'
2024-10-10 16:47:02 [main] INFO  o.h.jpa.internal.util.LogHelper - HHH000204: Processing PersistenceUnitInfo [name: default]
2024-10-10 16:47:03 [main] INFO  org.hibernate.Version - HHH000412: Hibernate ORM core version 6.5.3.Final
2024-10-10 16:47:03 [main] INFO  o.h.c.i.RegionFactoryInitiator - HHH000026: Second-level cache disabled
2024-10-10 16:47:03 [main] INFO  o.s.o.j.p.SpringPersistenceUnitInfo - No LoadTimeWeaver setup: ignoring JPA class transformer
2024-10-10 16:47:03 [main] WARN  org.hibernate.orm.deprecation - HHH90000025: H2Dialect does not need to be specified explicitly using 'hibernate.dialect' (remove the property setting and it will be selected by default)
2024-10-10 16:47:04 [main] INFO  o.h.e.t.j.p.i.JtaPlatformInitiator - HHH000489: No JTA platform available (set 'hibernate.transaction.jta.platform' to enable JTA platform integration)
2024-10-10 16:47:04 [main] INFO  o.s.o.j.LocalContainerEntityManagerFactoryBean - Initialized JPA EntityManagerFactory for persistence unit 'default'
2024-10-10 16:47:05 [main] INFO  o.s.s.c.a.a.c.InitializeUserDetailsBeanManagerConfigurer$InitializeUserDetailsManagerConfigurer - Global AuthenticationManager configured with UserDetailsService bean with name userLoginService
2024-10-10 16:47:05 [main] INFO  o.s.b.a.w.s.WelcomePageHandlerMapping - Adding welcome page template: index
2024-10-10 16:47:06 [main] INFO  o.s.b.a.e.web.EndpointLinksResolver - Exposing 15 endpoints beneath base path '/actuator'
2024-10-10 16:47:07 [main] INFO  o.a.coyote.http11.Http11NioProtocol - Starting ProtocolHandler ["http-nio-8080"]
2024-10-10 16:47:07 [main] INFO  o.s.b.w.e.tomcat.TomcatWebServer - Tomcat started on port 8080 (http) with context path '/'
2024-10-10 16:47:07 [main] INFO  g.la.webserver.WebserverApplication - Started WebserverApplication in 9.087 seconds (process running for 9.736)
2024-10-10 16:47:07 [scheduling-1] INFO  g.l.w.u.s.UserChangeLogScheduler - call clearChangeLog
2024-10-10 16:47:07 [registrationTask1] WARN  d.c.b.a.c.r.ApplicationRegistrator - Failed to register application as Application(name=spring-boot-application, managementUrl=http://host.docker.internal:8080/actuator, healthUrl=http://host.docker.internal:8080/actuator/health, serviceUrl=http://host.docker.internal:8080/) at spring-boot-admin ([http://localhost:8000/instances]): I/O error on POST request for "http://localhost:8000/instances": Connection refused: no further information. Further attempts are logged on DEBUG level
2024-10-10 16:47:07 [scheduling-1] INFO  g.l.w.u.s.UserChangeLogScheduler - clear Logs completed!! true
2024-10-10 16:48:00 [scheduling-1] INFO  g.l.w.u.s.UserChangeLogScheduler - call checkChangeLog
2024-10-10 16:48:00 [scheduling-1] INFO  g.l.w.u.s.UserChangeLogScheduler - check log completed!!
2024-10-10 16:48:07 [scheduling-1] INFO  g.l.w.u.s.UserChangeLogScheduler - call clearChangeLog
2024-10-10 16:48:07 [scheduling-1] INFO  g.l.w.u.s.UserChangeLogScheduler - clear Logs completed!! true
2024-10-10 16:48:54 [http-nio-8080-exec-2] INFO  o.a.c.c.C.[Tomcat].[localhost].[/] - Initializing Spring DispatcherServlet 'dispatcherServlet'
2024-10-10 16:48:54 [http-nio-8080-exec-2] INFO  o.s.web.servlet.DispatcherServlet - Initializing Servlet 'dispatcherServlet'
2024-10-10 16:48:54 [http-nio-8080-exec-2] INFO  o.s.web.servlet.DispatcherServlet - Completed initialization in 0 ms
2024-10-10 16:48:55 [http-nio-8080-exec-2] INFO  g.l.w.u.controllers.UserController - call UpdatedUsers >>>id >>> 1/ name >> loger / age >> 29 /nickname >>baiydee
2024-10-10 16:48:55 [http-nio-8080-exec-2] INFO  g.l.w.u.e.l.UserChangeLogEventListener - call handleUserChangeLogEvent >>>gov.la.webserver.user.event.UserChangeLogEvent[source=gov.la.webserver.user.dto.UserDTO@7a640ccc]
2024-10-10 16:48:55 [http-nio-8080-exec-2] INFO  g.l.w.u.e.l.UserChangeLogEventListener - completed handleUserChangeLogEvent!!!
2024-10-10 16:49:00 [scheduling-1] INFO  g.l.w.u.s.UserChangeLogScheduler - call checkChangeLog
2024-10-10 16:49:00 [scheduling-1] INFO  g.l.w.u.s.UserChangeLogScheduler - change Log >> UserChangeLogDTO(id=1, beforeField=nickName, beforeValue=Iron Man, afterField=nickName, afterValue=baiydee, createTime=2024-10-10T16:48:55.119255)
2024-10-10 16:49:00 [scheduling-1] INFO  g.l.w.u.s.UserChangeLogScheduler - change Log >> UserChangeLogDTO(id=2, beforeField=name, beforeValue=Tony Stark, afterField=name, afterValue=loger, createTime=2024-10-10T16:48:55.191803)
2024-10-10 16:49:00 [scheduling-1] INFO  g.l.w.u.s.UserChangeLogScheduler - change Log >> UserChangeLogDTO(id=3, beforeField=age, beforeValue=20, afterField=age, afterValue=29, createTime=2024-10-10T16:48:55.191803)
2024-10-10 16:49:00 [scheduling-1] INFO  g.l.w.u.s.UserChangeLogScheduler - check log completed!!
2024-10-10 16:49:07 [scheduling-1] INFO  g.l.w.u.s.UserChangeLogScheduler - call clearChangeLog
2024-10-10 16:49:07 [scheduling-1] INFO  g.l.w.u.s.UserChangeLogScheduler - clear Logs completed!! true
2024-10-10 16:49:22 [http-nio-8080-exec-3] INFO  g.l.w.u.controllers.UserController - call UpdatedUsers >>>id >>> 1/ name >> parkson / age >> 29 /nickname >>world
2024-10-10 16:49:22 [http-nio-8080-exec-3] INFO  g.l.w.u.e.l.UserChangeLogEventListener - call handleUserChangeLogEvent >>>gov.la.webserver.user.event.UserChangeLogEvent[source=gov.la.webserver.user.dto.UserDTO@33a235e3]
2024-10-10 16:49:22 [http-nio-8080-exec-3] INFO  g.l.w.u.e.l.UserChangeLogEventListener - completed handleUserChangeLogEvent!!!
2024-10-10 16:49:51 [http-nio-8080-exec-4] INFO  g.l.w.u.c.UserChangeLogController - call getAllUsersChangelog
2024-10-10 16:50:00 [scheduling-1] INFO  g.l.w.u.s.UserChangeLogScheduler - call checkChangeLog
2024-10-10 16:50:00 [scheduling-1] INFO  g.l.w.u.s.UserChangeLogScheduler - change Log >> UserChangeLogDTO(id=4, beforeField=nickName, beforeValue=baiydee, afterField=nickName, afterValue=world, createTime=2024-10-10T16:49:22.793594)
2024-10-10 16:50:00 [scheduling-1] INFO  g.l.w.u.s.UserChangeLogScheduler - change Log >> UserChangeLogDTO(id=5, beforeField=name, beforeValue=loger, afterField=name, afterValue=parkson, createTime=2024-10-10T16:49:22.793594)
2024-10-10 16:50:00 [scheduling-1] INFO  g.l.w.u.s.UserChangeLogScheduler - check log completed!!
2024-10-10 16:50:07 [scheduling-1] INFO  g.l.w.u.s.UserChangeLogScheduler - call clearChangeLog
2024-10-10 16:50:07 [scheduling-1] INFO  g.l.w.u.s.UserChangeLogScheduler - clear Logs completed!! true
2024-10-10 16:51:00 [scheduling-1] INFO  g.l.w.u.s.UserChangeLogScheduler - call checkChangeLog
2024-10-10 16:51:00 [scheduling-1] INFO  g.l.w.u.s.UserChangeLogScheduler - check log completed!!
2024-10-10 16:51:07 [scheduling-1] INFO  g.l.w.u.s.UserChangeLogScheduler - call clearChangeLog
2024-10-10 16:51:07 [scheduling-1] INFO  g.l.w.u.s.UserChangeLogScheduler - clear Logs completed!! true
2024-10-10 16:52:00 [scheduling-1] INFO  g.l.w.u.s.UserChangeLogScheduler - call checkChangeLog
2024-10-10 16:52:00 [scheduling-1] INFO  g.l.w.u.s.UserChangeLogScheduler - check log completed!!
2024-10-10 16:52:07 [scheduling-1] INFO  g.l.w.u.s.UserChangeLogScheduler - call clearChangeLog
2024-10-10 16:52:07 [scheduling-1] INFO  g.l.w.u.s.UserChangeLogScheduler - clear Logs completed!! true
2024-10-10 16:53:00 [scheduling-1] INFO  g.l.w.u.s.UserChangeLogScheduler - call checkChangeLog
2024-10-10 16:53:00 [scheduling-1] INFO  g.l.w.u.s.UserChangeLogScheduler - check log completed!!
2024-10-10 16:53:07 [scheduling-1] INFO  g.l.w.u.s.UserChangeLogScheduler - call clearChangeLog
2024-10-10 16:53:07 [scheduling-1] INFO  g.l.w.u.s.UserChangeLogScheduler - clear Logs completed!! true
