2024-10-14 00:00:00 [scheduling-1] INFO  g.l.w.u.s.UserChangeLogScheduler - call checkChangeLog
2024-10-14 00:00:00 [scheduling-1] INFO  g.l.w.u.s.UserChangeLogScheduler - check log completed!!
2024-10-14 00:00:51 [SpringApplicationShutdownHook] INFO  o.s.o.j.LocalContainerEntityManagerFactoryBean - Closing JPA EntityManagerFactory for persistence unit 'default'
2024-10-14 00:00:51 [SpringApplicationShutdownHook] INFO  com.zaxxer.hikari.HikariDataSource - HikariPool-1 - Shutdown initiated...
2024-10-14 00:00:51 [SpringApplicationShutdownHook] INFO  com.zaxxer.hikari.HikariDataSource - HikariPool-1 - Shutdown completed.
2024-10-14 00:00:57 [main] INFO  g.la.webserver.WebserverApplication - Starting WebserverApplication using Java 17.0.12 with PID 3225 (/Users/kmpc/webserver/build/classes/java/main started by kmpc in /Users/kmpc/webserver)
2024-10-14 00:00:57 [main] DEBUG g.la.webserver.WebserverApplication - Running with Spring Boot v3.3.4, Spring v6.1.13
2024-10-14 00:00:57 [main] INFO  g.la.webserver.WebserverApplication - No active profile set, falling back to 1 default profile: "default"
2024-10-14 00:00:59 [main] INFO  o.s.d.r.c.RepositoryConfigurationDelegate - Bootstrapping Spring Data JPA repositories in DEFAULT mode.
2024-10-14 00:00:59 [main] INFO  o.s.d.r.c.RepositoryConfigurationDelegate - Finished Spring Data repository scanning in 287 ms. Found 4 JPA repository interfaces.
2024-10-14 00:01:00 [main] INFO  o.s.b.w.e.tomcat.TomcatWebServer - Tomcat initialized with port 5000 (http)
2024-10-14 00:01:00 [main] INFO  o.a.coyote.http11.Http11NioProtocol - Initializing ProtocolHandler ["http-nio-5000"]
2024-10-14 00:01:00 [main] INFO  o.a.catalina.core.StandardService - Starting service [Tomcat]
2024-10-14 00:01:00 [main] INFO  o.a.catalina.core.StandardEngine - Starting Servlet engine: [Apache Tomcat/10.1.30]
2024-10-14 00:01:00 [main] INFO  o.a.c.c.C.[Tomcat].[localhost].[/] - Initializing Spring embedded WebApplicationContext
2024-10-14 00:01:00 [main] INFO  o.s.b.w.s.c.ServletWebServerApplicationContext - Root WebApplicationContext: initialization completed in 3574 ms
2024-10-14 00:01:01 [main] INFO  com.zaxxer.hikari.HikariDataSource - HikariPool-1 - Starting...
2024-10-14 00:01:01 [main] INFO  com.zaxxer.hikari.pool.HikariPool - HikariPool-1 - Added connection conn0: url=jdbc:h2:mem:test user=SA
2024-10-14 00:01:01 [main] INFO  com.zaxxer.hikari.HikariDataSource - HikariPool-1 - Start completed.
2024-10-14 00:01:01 [main] INFO  o.s.b.a.h.H2ConsoleAutoConfiguration - H2 console available at '/h2-console'. Database available at 'jdbc:h2:mem:test'
2024-10-14 00:01:01 [main] INFO  o.h.jpa.internal.util.LogHelper - HHH000204: Processing PersistenceUnitInfo [name: default]
2024-10-14 00:01:02 [main] INFO  org.hibernate.Version - HHH000412: Hibernate ORM core version 6.5.3.Final
2024-10-14 00:01:02 [main] INFO  o.h.c.i.RegionFactoryInitiator - HHH000026: Second-level cache disabled
2024-10-14 00:01:02 [main] INFO  o.s.o.j.p.SpringPersistenceUnitInfo - No LoadTimeWeaver setup: ignoring JPA class transformer
2024-10-14 00:01:02 [main] WARN  org.hibernate.orm.deprecation - HHH90000025: H2Dialect does not need to be specified explicitly using 'hibernate.dialect' (remove the property setting and it will be selected by default)
2024-10-14 00:01:04 [main] INFO  o.h.e.t.j.p.i.JtaPlatformInitiator - HHH000489: No JTA platform available (set 'hibernate.transaction.jta.platform' to enable JTA platform integration)
2024-10-14 00:01:04 [main] INFO  o.s.o.j.LocalContainerEntityManagerFactoryBean - Initialized JPA EntityManagerFactory for persistence unit 'default'
2024-10-14 00:01:05 [main] INFO  o.s.s.c.a.a.c.InitializeUserDetailsBeanManagerConfigurer$InitializeUserDetailsManagerConfigurer - Global AuthenticationManager configured with UserDetailsService bean with name userLoginService
2024-10-14 00:01:05 [main] INFO  o.s.b.a.w.s.WelcomePageHandlerMapping - Adding welcome page template: index
2024-10-14 00:01:06 [main] INFO  o.s.b.a.e.web.EndpointLinksResolver - Exposing 15 endpoints beneath base path '/actuator'
2024-10-14 00:01:07 [main] INFO  o.a.coyote.http11.Http11NioProtocol - Starting ProtocolHandler ["http-nio-5000"]
2024-10-14 00:01:07 [main] INFO  o.s.b.w.e.tomcat.TomcatWebServer - Tomcat started on port 5000 (http) with context path '/'
2024-10-14 00:01:07 [main] INFO  g.la.webserver.WebserverApplication - Started WebserverApplication in 11.441 seconds (process running for 12.233)
2024-10-14 00:01:07 [scheduling-1] INFO  g.l.w.u.s.UserChangeLogScheduler - call clearChangeLog
2024-10-14 00:01:07 [scheduling-1] INFO  g.l.w.u.s.UserChangeLogScheduler - clear Logs completed!! true
2024-10-14 00:01:12 [registrationTask1] WARN  d.c.b.a.c.r.ApplicationRegistrator - Failed to register application as Application(name=spring-boot-application, managementUrl=http://172.20.10.7:5000/actuator, healthUrl=http://172.20.10.7:5000/actuator/health, serviceUrl=http://172.20.10.7:5000/) at spring-boot-admin ([http://localhost:8000/instances]): I/O error on POST request for "http://localhost:8000/instances": Connection refused. Further attempts are logged on DEBUG level
2024-10-14 00:01:26 [http-nio-5000-exec-1] INFO  o.a.c.c.C.[Tomcat].[localhost].[/] - Initializing Spring DispatcherServlet 'dispatcherServlet'
2024-10-14 00:01:26 [http-nio-5000-exec-1] INFO  o.s.web.servlet.DispatcherServlet - Initializing Servlet 'dispatcherServlet'
2024-10-14 00:01:26 [http-nio-5000-exec-1] INFO  o.s.web.servlet.DispatcherServlet - Completed initialization in 4 ms
2024-10-14 00:01:27 [http-nio-5000-exec-3] INFO  g.l.w.u.controllers.UserController - call getAllUsers
2024-10-14 00:01:27 [http-nio-5000-exec-4] INFO  g.l.w.u.c.UserChangeLogController - call getAllUsersChangelog
2024-10-14 00:02:00 [scheduling-1] INFO  g.l.w.u.s.UserChangeLogScheduler - call checkChangeLog
2024-10-14 00:02:00 [scheduling-1] INFO  g.l.w.u.s.UserChangeLogScheduler - check log completed!!
2024-10-14 00:02:07 [scheduling-1] INFO  g.l.w.u.s.UserChangeLogScheduler - call clearChangeLog
2024-10-14 00:02:07 [scheduling-1] INFO  g.l.w.u.s.UserChangeLogScheduler - clear Logs completed!! true
2024-10-14 00:02:49 [SpringApplicationShutdownHook] INFO  o.s.o.j.LocalContainerEntityManagerFactoryBean - Closing JPA EntityManagerFactory for persistence unit 'default'
2024-10-14 00:02:49 [SpringApplicationShutdownHook] INFO  com.zaxxer.hikari.HikariDataSource - HikariPool-1 - Shutdown initiated...
2024-10-14 00:02:49 [SpringApplicationShutdownHook] INFO  com.zaxxer.hikari.HikariDataSource - HikariPool-1 - Shutdown completed.
2024-10-14 00:02:54 [main] INFO  g.la.webserver.WebserverApplication - Starting WebserverApplication using Java 17.0.12 with PID 3247 (/Users/kmpc/webserver/build/classes/java/main started by kmpc in /Users/kmpc/webserver)
2024-10-14 00:02:54 [main] DEBUG g.la.webserver.WebserverApplication - Running with Spring Boot v3.3.4, Spring v6.1.13
2024-10-14 00:02:54 [main] INFO  g.la.webserver.WebserverApplication - No active profile set, falling back to 1 default profile: "default"
2024-10-14 00:02:56 [main] INFO  o.s.d.r.c.RepositoryConfigurationDelegate - Bootstrapping Spring Data JPA repositories in DEFAULT mode.
2024-10-14 00:02:56 [main] INFO  o.s.d.r.c.RepositoryConfigurationDelegate - Finished Spring Data repository scanning in 315 ms. Found 4 JPA repository interfaces.
2024-10-14 00:02:57 [main] INFO  o.s.b.w.e.tomcat.TomcatWebServer - Tomcat initialized with port 5000 (http)
2024-10-14 00:02:57 [main] INFO  o.a.coyote.http11.Http11NioProtocol - Initializing ProtocolHandler ["http-nio-5000"]
2024-10-14 00:02:57 [main] INFO  o.a.catalina.core.StandardService - Starting service [Tomcat]
2024-10-14 00:02:57 [main] INFO  o.a.catalina.core.StandardEngine - Starting Servlet engine: [Apache Tomcat/10.1.30]
2024-10-14 00:02:57 [main] INFO  o.a.c.c.C.[Tomcat].[localhost].[/] - Initializing Spring embedded WebApplicationContext
2024-10-14 00:02:57 [main] INFO  o.s.b.w.s.c.ServletWebServerApplicationContext - Root WebApplicationContext: initialization completed in 3528 ms
2024-10-14 00:02:58 [main] INFO  com.zaxxer.hikari.HikariDataSource - HikariPool-1 - Starting...
2024-10-14 00:02:58 [main] INFO  com.zaxxer.hikari.pool.HikariPool - HikariPool-1 - Added connection conn0: url=jdbc:h2:mem:test user=SA
2024-10-14 00:02:58 [main] INFO  com.zaxxer.hikari.HikariDataSource - HikariPool-1 - Start completed.
2024-10-14 00:02:58 [main] INFO  o.s.b.a.h.H2ConsoleAutoConfiguration - H2 console available at '/h2-console'. Database available at 'jdbc:h2:mem:test'
2024-10-14 00:02:58 [main] INFO  o.h.jpa.internal.util.LogHelper - HHH000204: Processing PersistenceUnitInfo [name: default]
2024-10-14 00:02:58 [main] INFO  org.hibernate.Version - HHH000412: Hibernate ORM core version 6.5.3.Final
2024-10-14 00:02:58 [main] INFO  o.h.c.i.RegionFactoryInitiator - HHH000026: Second-level cache disabled
2024-10-14 00:02:59 [main] INFO  o.s.o.j.p.SpringPersistenceUnitInfo - No LoadTimeWeaver setup: ignoring JPA class transformer
2024-10-14 00:02:59 [main] WARN  org.hibernate.orm.deprecation - HHH90000025: H2Dialect does not need to be specified explicitly using 'hibernate.dialect' (remove the property setting and it will be selected by default)
2024-10-14 00:03:00 [main] INFO  o.h.e.t.j.p.i.JtaPlatformInitiator - HHH000489: No JTA platform available (set 'hibernate.transaction.jta.platform' to enable JTA platform integration)
2024-10-14 00:03:01 [main] INFO  o.s.o.j.LocalContainerEntityManagerFactoryBean - Initialized JPA EntityManagerFactory for persistence unit 'default'
2024-10-14 00:03:02 [main] INFO  o.s.s.c.a.a.c.InitializeUserDetailsBeanManagerConfigurer$InitializeUserDetailsManagerConfigurer - Global AuthenticationManager configured with UserDetailsService bean with name userLoginService
2024-10-14 00:03:02 [main] INFO  o.s.b.a.w.s.WelcomePageHandlerMapping - Adding welcome page template: index
2024-10-14 00:03:03 [main] INFO  o.s.b.a.e.web.EndpointLinksResolver - Exposing 15 endpoints beneath base path '/actuator'
2024-10-14 00:03:04 [main] INFO  o.a.coyote.http11.Http11NioProtocol - Starting ProtocolHandler ["http-nio-5000"]
2024-10-14 00:03:04 [main] INFO  o.s.b.w.e.tomcat.TomcatWebServer - Tomcat started on port 5000 (http) with context path '/'
2024-10-14 00:03:04 [main] INFO  g.la.webserver.WebserverApplication - Started WebserverApplication in 11.588 seconds (process running for 12.295)
2024-10-14 00:03:04 [scheduling-1] INFO  g.l.w.u.s.UserChangeLogScheduler - call clearChangeLog
2024-10-14 00:03:04 [scheduling-1] INFO  g.l.w.u.s.UserChangeLogScheduler - clear Logs completed!! true
2024-10-14 00:03:09 [registrationTask1] WARN  d.c.b.a.c.r.ApplicationRegistrator - Failed to register application as Application(name=spring-boot-application, managementUrl=http://172.20.10.7:5000/actuator, healthUrl=http://172.20.10.7:5000/actuator/health, serviceUrl=http://172.20.10.7:5000/) at spring-boot-admin ([http://localhost:8000/instances]): I/O error on POST request for "http://localhost:8000/instances": Connection refused. Further attempts are logged on DEBUG level
2024-10-14 00:03:13 [http-nio-5000-exec-1] INFO  o.a.c.c.C.[Tomcat].[localhost].[/] - Initializing Spring DispatcherServlet 'dispatcherServlet'
2024-10-14 00:03:13 [http-nio-5000-exec-1] INFO  o.s.web.servlet.DispatcherServlet - Initializing Servlet 'dispatcherServlet'
2024-10-14 00:03:13 [http-nio-5000-exec-1] INFO  o.s.web.servlet.DispatcherServlet - Completed initialization in 1 ms
2024-10-14 00:03:14 [http-nio-5000-exec-3] INFO  g.l.w.u.controllers.UserController - call getAllUsers
2024-10-14 00:03:14 [http-nio-5000-exec-4] INFO  g.l.w.u.c.UserChangeLogController - call getAllUsersChangelog
2024-10-14 00:04:00 [scheduling-1] INFO  g.l.w.u.s.UserChangeLogScheduler - call checkChangeLog
2024-10-14 00:04:00 [scheduling-1] INFO  g.l.w.u.s.UserChangeLogScheduler - check log completed!!
2024-10-14 00:04:04 [scheduling-1] INFO  g.l.w.u.s.UserChangeLogScheduler - call clearChangeLog
2024-10-14 00:04:04 [scheduling-1] INFO  g.l.w.u.s.UserChangeLogScheduler - clear Logs completed!! true
2024-10-14 00:05:00 [scheduling-1] INFO  g.l.w.u.s.UserChangeLogScheduler - call checkChangeLog
2024-10-14 00:05:00 [scheduling-1] INFO  g.l.w.u.s.UserChangeLogScheduler - check log completed!!
2024-10-14 00:05:04 [scheduling-1] INFO  g.l.w.u.s.UserChangeLogScheduler - call clearChangeLog
2024-10-14 00:05:04 [scheduling-1] INFO  g.l.w.u.s.UserChangeLogScheduler - clear Logs completed!! true
2024-10-14 00:06:00 [scheduling-1] INFO  g.l.w.u.s.UserChangeLogScheduler - call checkChangeLog
2024-10-14 00:06:00 [scheduling-1] INFO  g.l.w.u.s.UserChangeLogScheduler - check log completed!!
2024-10-14 00:06:04 [scheduling-1] INFO  g.l.w.u.s.UserChangeLogScheduler - call clearChangeLog
2024-10-14 00:06:04 [scheduling-1] INFO  g.l.w.u.s.UserChangeLogScheduler - clear Logs completed!! true
2024-10-14 00:07:00 [scheduling-1] INFO  g.l.w.u.s.UserChangeLogScheduler - call checkChangeLog
2024-10-14 00:07:00 [scheduling-1] INFO  g.l.w.u.s.UserChangeLogScheduler - check log completed!!
2024-10-14 00:07:04 [scheduling-1] INFO  g.l.w.u.s.UserChangeLogScheduler - call clearChangeLog
2024-10-14 00:07:04 [scheduling-1] INFO  g.l.w.u.s.UserChangeLogScheduler - clear Logs completed!! true
2024-10-14 00:07:18 [SpringApplicationShutdownHook] INFO  o.s.o.j.LocalContainerEntityManagerFactoryBean - Closing JPA EntityManagerFactory for persistence unit 'default'
2024-10-14 00:07:18 [SpringApplicationShutdownHook] INFO  com.zaxxer.hikari.HikariDataSource - HikariPool-1 - Shutdown initiated...
2024-10-14 00:07:18 [SpringApplicationShutdownHook] INFO  com.zaxxer.hikari.HikariDataSource - HikariPool-1 - Shutdown completed.
2024-10-14 00:07:23 [main] INFO  g.la.webserver.WebserverApplication - Starting WebserverApplication using Java 17.0.12 with PID 3264 (/Users/kmpc/webserver/build/classes/java/main started by kmpc in /Users/kmpc/webserver)
2024-10-14 00:07:23 [main] DEBUG g.la.webserver.WebserverApplication - Running with Spring Boot v3.3.4, Spring v6.1.13
2024-10-14 00:07:23 [main] INFO  g.la.webserver.WebserverApplication - No active profile set, falling back to 1 default profile: "default"
2024-10-14 00:07:25 [main] INFO  o.s.d.r.c.RepositoryConfigurationDelegate - Bootstrapping Spring Data JPA repositories in DEFAULT mode.
2024-10-14 00:07:25 [main] INFO  o.s.d.r.c.RepositoryConfigurationDelegate - Finished Spring Data repository scanning in 367 ms. Found 4 JPA repository interfaces.
2024-10-14 00:07:27 [main] INFO  o.s.b.w.e.tomcat.TomcatWebServer - Tomcat initialized with port 5000 (http)
2024-10-14 00:07:27 [main] INFO  o.a.coyote.http11.Http11NioProtocol - Initializing ProtocolHandler ["http-nio-5000"]
2024-10-14 00:07:27 [main] INFO  o.a.catalina.core.StandardService - Starting service [Tomcat]
2024-10-14 00:07:27 [main] INFO  o.a.catalina.core.StandardEngine - Starting Servlet engine: [Apache Tomcat/10.1.30]
2024-10-14 00:07:27 [main] INFO  o.a.c.c.C.[Tomcat].[localhost].[/] - Initializing Spring embedded WebApplicationContext
2024-10-14 00:07:27 [main] INFO  o.s.b.w.s.c.ServletWebServerApplicationContext - Root WebApplicationContext: initialization completed in 4145 ms
2024-10-14 00:07:27 [main] INFO  com.zaxxer.hikari.HikariDataSource - HikariPool-1 - Starting...
2024-10-14 00:07:28 [main] INFO  com.zaxxer.hikari.pool.HikariPool - HikariPool-1 - Added connection conn0: url=jdbc:h2:mem:test user=SA
2024-10-14 00:07:28 [main] INFO  com.zaxxer.hikari.HikariDataSource - HikariPool-1 - Start completed.
2024-10-14 00:07:28 [main] INFO  o.s.b.a.h.H2ConsoleAutoConfiguration - H2 console available at '/h2-console'. Database available at 'jdbc:h2:mem:test'
2024-10-14 00:07:28 [main] INFO  o.h.jpa.internal.util.LogHelper - HHH000204: Processing PersistenceUnitInfo [name: default]
2024-10-14 00:07:28 [main] INFO  org.hibernate.Version - HHH000412: Hibernate ORM core version 6.5.3.Final
2024-10-14 00:07:28 [main] INFO  o.h.c.i.RegionFactoryInitiator - HHH000026: Second-level cache disabled
2024-10-14 00:07:29 [main] INFO  o.s.o.j.p.SpringPersistenceUnitInfo - No LoadTimeWeaver setup: ignoring JPA class transformer
2024-10-14 00:07:29 [main] WARN  org.hibernate.orm.deprecation - HHH90000025: H2Dialect does not need to be specified explicitly using 'hibernate.dialect' (remove the property setting and it will be selected by default)
2024-10-14 00:07:31 [main] INFO  o.h.e.t.j.p.i.JtaPlatformInitiator - HHH000489: No JTA platform available (set 'hibernate.transaction.jta.platform' to enable JTA platform integration)
2024-10-14 00:07:31 [main] INFO  o.s.o.j.LocalContainerEntityManagerFactoryBean - Initialized JPA EntityManagerFactory for persistence unit 'default'
2024-10-14 00:07:32 [main] INFO  o.s.s.c.a.a.c.InitializeUserDetailsBeanManagerConfigurer$InitializeUserDetailsManagerConfigurer - Global AuthenticationManager configured with UserDetailsService bean with name userLoginService
2024-10-14 00:07:32 [main] INFO  o.s.b.a.w.s.WelcomePageHandlerMapping - Adding welcome page template: index
2024-10-14 00:07:33 [main] INFO  o.s.b.a.e.web.EndpointLinksResolver - Exposing 15 endpoints beneath base path '/actuator'
2024-10-14 00:07:34 [main] INFO  o.a.coyote.http11.Http11NioProtocol - Starting ProtocolHandler ["http-nio-5000"]
2024-10-14 00:07:34 [main] INFO  o.s.b.w.e.tomcat.TomcatWebServer - Tomcat started on port 5000 (http) with context path '/'
2024-10-14 00:07:34 [main] INFO  g.la.webserver.WebserverApplication - Started WebserverApplication in 12.782 seconds (process running for 13.42)
2024-10-14 00:07:34 [scheduling-1] INFO  g.l.w.u.s.UserChangeLogScheduler - call clearChangeLog
2024-10-14 00:07:35 [scheduling-1] INFO  g.l.w.u.s.UserChangeLogScheduler - clear Logs completed!! true
2024-10-14 00:07:40 [http-nio-5000-exec-1] INFO  o.a.c.c.C.[Tomcat].[localhost].[/] - Initializing Spring DispatcherServlet 'dispatcherServlet'
2024-10-14 00:07:40 [http-nio-5000-exec-1] INFO  o.s.web.servlet.DispatcherServlet - Initializing Servlet 'dispatcherServlet'
2024-10-14 00:07:40 [http-nio-5000-exec-1] INFO  o.s.web.servlet.DispatcherServlet - Completed initialization in 4 ms
2024-10-14 00:07:40 [registrationTask1] WARN  d.c.b.a.c.r.ApplicationRegistrator - Failed to register application as Application(name=spring-boot-application, managementUrl=http://172.20.10.7:5000/actuator, healthUrl=http://172.20.10.7:5000/actuator/health, serviceUrl=http://172.20.10.7:5000/) at spring-boot-admin ([http://localhost:8000/instances]): I/O error on POST request for "http://localhost:8000/instances": Connection refused. Further attempts are logged on DEBUG level
2024-10-14 00:07:41 [http-nio-5000-exec-5] INFO  g.l.w.u.c.UserChangeLogController - call getAllUsersChangelog
2024-10-14 00:07:41 [http-nio-5000-exec-3] INFO  g.l.w.u.controllers.UserController - call getAllUsers
2024-10-14 00:08:00 [scheduling-1] INFO  g.l.w.u.s.UserChangeLogScheduler - call checkChangeLog
2024-10-14 00:08:00 [scheduling-1] INFO  g.l.w.u.s.UserChangeLogScheduler - check log completed!!
2024-10-14 00:08:34 [scheduling-1] INFO  g.l.w.u.s.UserChangeLogScheduler - call clearChangeLog
2024-10-14 00:08:34 [scheduling-1] INFO  g.l.w.u.s.UserChangeLogScheduler - clear Logs completed!! true
2024-10-14 00:09:00 [scheduling-1] INFO  g.l.w.u.s.UserChangeLogScheduler - call checkChangeLog
2024-10-14 00:09:00 [scheduling-1] INFO  g.l.w.u.s.UserChangeLogScheduler - check log completed!!
2024-10-14 00:09:34 [scheduling-1] INFO  g.l.w.u.s.UserChangeLogScheduler - call clearChangeLog
2024-10-14 00:09:34 [scheduling-1] INFO  g.l.w.u.s.UserChangeLogScheduler - clear Logs completed!! true
2024-10-14 00:10:00 [scheduling-1] INFO  g.l.w.u.s.UserChangeLogScheduler - call checkChangeLog
2024-10-14 00:10:00 [scheduling-1] INFO  g.l.w.u.s.UserChangeLogScheduler - check log completed!!
2024-10-14 00:10:34 [scheduling-1] INFO  g.l.w.u.s.UserChangeLogScheduler - call clearChangeLog
2024-10-14 00:10:34 [scheduling-1] INFO  g.l.w.u.s.UserChangeLogScheduler - clear Logs completed!! true
2024-10-14 00:10:57 [SpringApplicationShutdownHook] INFO  o.s.o.j.LocalContainerEntityManagerFactoryBean - Closing JPA EntityManagerFactory for persistence unit 'default'
2024-10-14 00:10:57 [SpringApplicationShutdownHook] INFO  com.zaxxer.hikari.HikariDataSource - HikariPool-1 - Shutdown initiated...
2024-10-14 00:10:57 [SpringApplicationShutdownHook] INFO  com.zaxxer.hikari.HikariDataSource - HikariPool-1 - Shutdown completed.
2024-10-14 00:11:02 [main] INFO  g.la.webserver.WebserverApplication - Starting WebserverApplication using Java 17.0.12 with PID 3286 (/Users/kmpc/webserver/build/classes/java/main started by kmpc in /Users/kmpc/webserver)
2024-10-14 00:11:02 [main] DEBUG g.la.webserver.WebserverApplication - Running with Spring Boot v3.3.4, Spring v6.1.13
2024-10-14 00:11:02 [main] INFO  g.la.webserver.WebserverApplication - No active profile set, falling back to 1 default profile: "default"
2024-10-14 00:11:04 [main] INFO  o.s.d.r.c.RepositoryConfigurationDelegate - Bootstrapping Spring Data JPA repositories in DEFAULT mode.
2024-10-14 00:11:04 [main] INFO  o.s.d.r.c.RepositoryConfigurationDelegate - Finished Spring Data repository scanning in 339 ms. Found 4 JPA repository interfaces.
2024-10-14 00:11:05 [main] INFO  o.s.b.w.e.tomcat.TomcatWebServer - Tomcat initialized with port 5000 (http)
2024-10-14 00:11:06 [main] INFO  o.a.coyote.http11.Http11NioProtocol - Initializing ProtocolHandler ["http-nio-5000"]
2024-10-14 00:11:06 [main] INFO  o.a.catalina.core.StandardService - Starting service [Tomcat]
2024-10-14 00:11:06 [main] INFO  o.a.catalina.core.StandardEngine - Starting Servlet engine: [Apache Tomcat/10.1.30]
2024-10-14 00:11:06 [main] INFO  o.a.c.c.C.[Tomcat].[localhost].[/] - Initializing Spring embedded WebApplicationContext
2024-10-14 00:11:06 [main] INFO  o.s.b.w.s.c.ServletWebServerApplicationContext - Root WebApplicationContext: initialization completed in 3415 ms
2024-10-14 00:11:06 [main] INFO  com.zaxxer.hikari.HikariDataSource - HikariPool-1 - Starting...
2024-10-14 00:11:06 [main] INFO  com.zaxxer.hikari.pool.HikariPool - HikariPool-1 - Added connection conn0: url=jdbc:h2:mem:test user=SA
2024-10-14 00:11:06 [main] INFO  com.zaxxer.hikari.HikariDataSource - HikariPool-1 - Start completed.
2024-10-14 00:11:06 [main] INFO  o.s.b.a.h.H2ConsoleAutoConfiguration - H2 console available at '/h2-console'. Database available at 'jdbc:h2:mem:test'
2024-10-14 00:11:07 [main] INFO  o.h.jpa.internal.util.LogHelper - HHH000204: Processing PersistenceUnitInfo [name: default]
2024-10-14 00:11:07 [main] INFO  org.hibernate.Version - HHH000412: Hibernate ORM core version 6.5.3.Final
2024-10-14 00:11:07 [main] INFO  o.h.c.i.RegionFactoryInitiator - HHH000026: Second-level cache disabled
2024-10-14 00:11:07 [main] INFO  o.s.o.j.p.SpringPersistenceUnitInfo - No LoadTimeWeaver setup: ignoring JPA class transformer
2024-10-14 00:11:07 [main] WARN  org.hibernate.orm.deprecation - HHH90000025: H2Dialect does not need to be specified explicitly using 'hibernate.dialect' (remove the property setting and it will be selected by default)
2024-10-14 00:11:09 [main] INFO  o.h.e.t.j.p.i.JtaPlatformInitiator - HHH000489: No JTA platform available (set 'hibernate.transaction.jta.platform' to enable JTA platform integration)
2024-10-14 00:11:09 [main] INFO  o.s.o.j.LocalContainerEntityManagerFactoryBean - Initialized JPA EntityManagerFactory for persistence unit 'default'
2024-10-14 00:11:10 [main] INFO  o.s.s.c.a.a.c.InitializeUserDetailsBeanManagerConfigurer$InitializeUserDetailsManagerConfigurer - Global AuthenticationManager configured with UserDetailsService bean with name userLoginService
2024-10-14 00:11:10 [main] INFO  o.s.b.a.w.s.WelcomePageHandlerMapping - Adding welcome page template: index
2024-10-14 00:11:11 [main] INFO  o.s.b.a.e.web.EndpointLinksResolver - Exposing 15 endpoints beneath base path '/actuator'
2024-10-14 00:11:12 [main] INFO  o.a.coyote.http11.Http11NioProtocol - Starting ProtocolHandler ["http-nio-5000"]
2024-10-14 00:11:12 [main] INFO  o.s.b.w.e.tomcat.TomcatWebServer - Tomcat started on port 5000 (http) with context path '/'
2024-10-14 00:11:12 [main] INFO  g.la.webserver.WebserverApplication - Started WebserverApplication in 11.41 seconds (process running for 12.023)
2024-10-14 00:11:13 [scheduling-1] INFO  g.l.w.u.s.UserChangeLogScheduler - call clearChangeLog
2024-10-14 00:11:13 [scheduling-1] INFO  g.l.w.u.s.UserChangeLogScheduler - clear Logs completed!! true
2024-10-14 00:11:18 [registrationTask1] WARN  d.c.b.a.c.r.ApplicationRegistrator - Failed to register application as Application(name=spring-boot-application, managementUrl=http://172.20.10.7:5000/actuator, healthUrl=http://172.20.10.7:5000/actuator/health, serviceUrl=http://172.20.10.7:5000/) at spring-boot-admin ([http://localhost:8000/instances]): I/O error on POST request for "http://localhost:8000/instances": Connection refused. Further attempts are logged on DEBUG level
2024-10-14 00:11:37 [http-nio-5000-exec-1] INFO  o.a.c.c.C.[Tomcat].[localhost].[/] - Initializing Spring DispatcherServlet 'dispatcherServlet'
2024-10-14 00:11:37 [http-nio-5000-exec-1] INFO  o.s.web.servlet.DispatcherServlet - Initializing Servlet 'dispatcherServlet'
2024-10-14 00:11:37 [http-nio-5000-exec-1] INFO  o.s.web.servlet.DispatcherServlet - Completed initialization in 3 ms
2024-10-14 00:11:38 [http-nio-5000-exec-3] INFO  g.l.w.u.controllers.UserController - call getAllUsers
2024-10-14 00:11:38 [http-nio-5000-exec-4] INFO  g.l.w.u.c.UserChangeLogController - call getAllUsersChangelog
2024-10-14 00:12:00 [scheduling-1] INFO  g.l.w.u.s.UserChangeLogScheduler - call checkChangeLog
2024-10-14 00:12:00 [scheduling-1] INFO  g.l.w.u.s.UserChangeLogScheduler - check log completed!!
2024-10-14 00:12:12 [scheduling-1] INFO  g.l.w.u.s.UserChangeLogScheduler - call clearChangeLog
2024-10-14 00:12:13 [scheduling-1] INFO  g.l.w.u.s.UserChangeLogScheduler - clear Logs completed!! true
2024-10-14 00:13:00 [scheduling-1] INFO  g.l.w.u.s.UserChangeLogScheduler - call checkChangeLog
2024-10-14 00:13:00 [scheduling-1] INFO  g.l.w.u.s.UserChangeLogScheduler - check log completed!!
2024-10-14 00:13:12 [scheduling-1] INFO  g.l.w.u.s.UserChangeLogScheduler - call clearChangeLog
2024-10-14 00:13:13 [scheduling-1] INFO  g.l.w.u.s.UserChangeLogScheduler - clear Logs completed!! true
2024-10-14 00:14:00 [scheduling-1] INFO  g.l.w.u.s.UserChangeLogScheduler - call checkChangeLog
2024-10-14 00:14:00 [scheduling-1] INFO  g.l.w.u.s.UserChangeLogScheduler - check log completed!!
2024-10-14 00:14:12 [scheduling-1] INFO  g.l.w.u.s.UserChangeLogScheduler - call clearChangeLog
2024-10-14 00:14:13 [scheduling-1] INFO  g.l.w.u.s.UserChangeLogScheduler - clear Logs completed!! true
2024-10-14 00:14:29 [SpringApplicationShutdownHook] INFO  o.s.o.j.LocalContainerEntityManagerFactoryBean - Closing JPA EntityManagerFactory for persistence unit 'default'
2024-10-14 00:14:29 [SpringApplicationShutdownHook] INFO  com.zaxxer.hikari.HikariDataSource - HikariPool-1 - Shutdown initiated...
2024-10-14 00:14:29 [SpringApplicationShutdownHook] INFO  com.zaxxer.hikari.HikariDataSource - HikariPool-1 - Shutdown completed.
2024-10-14 00:14:34 [main] INFO  g.la.webserver.WebserverApplication - Starting WebserverApplication using Java 17.0.12 with PID 3319 (/Users/kmpc/webserver/build/classes/java/main started by kmpc in /Users/kmpc/webserver)
2024-10-14 00:14:34 [main] DEBUG g.la.webserver.WebserverApplication - Running with Spring Boot v3.3.4, Spring v6.1.13
2024-10-14 00:14:34 [main] INFO  g.la.webserver.WebserverApplication - No active profile set, falling back to 1 default profile: "default"
2024-10-14 00:14:36 [main] INFO  o.s.d.r.c.RepositoryConfigurationDelegate - Bootstrapping Spring Data JPA repositories in DEFAULT mode.
2024-10-14 00:14:37 [main] INFO  o.s.d.r.c.RepositoryConfigurationDelegate - Finished Spring Data repository scanning in 322 ms. Found 4 JPA repository interfaces.
2024-10-14 00:14:38 [main] INFO  o.s.b.w.e.tomcat.TomcatWebServer - Tomcat initialized with port 5000 (http)
2024-10-14 00:14:38 [main] INFO  o.a.coyote.http11.Http11NioProtocol - Initializing ProtocolHandler ["http-nio-5000"]
2024-10-14 00:14:38 [main] INFO  o.a.catalina.core.StandardService - Starting service [Tomcat]
2024-10-14 00:14:38 [main] INFO  o.a.catalina.core.StandardEngine - Starting Servlet engine: [Apache Tomcat/10.1.30]
2024-10-14 00:14:38 [main] INFO  o.a.c.c.C.[Tomcat].[localhost].[/] - Initializing Spring embedded WebApplicationContext
2024-10-14 00:14:38 [main] INFO  o.s.b.w.s.c.ServletWebServerApplicationContext - Root WebApplicationContext: initialization completed in 3527 ms
2024-10-14 00:14:38 [main] INFO  com.zaxxer.hikari.HikariDataSource - HikariPool-1 - Starting...
2024-10-14 00:14:38 [main] INFO  com.zaxxer.hikari.pool.HikariPool - HikariPool-1 - Added connection conn0: url=jdbc:h2:mem:test user=SA
2024-10-14 00:14:38 [main] INFO  com.zaxxer.hikari.HikariDataSource - HikariPool-1 - Start completed.
2024-10-14 00:14:38 [main] INFO  o.s.b.a.h.H2ConsoleAutoConfiguration - H2 console available at '/h2-console'. Database available at 'jdbc:h2:mem:test'
2024-10-14 00:14:39 [main] INFO  o.h.jpa.internal.util.LogHelper - HHH000204: Processing PersistenceUnitInfo [name: default]
2024-10-14 00:14:39 [main] INFO  org.hibernate.Version - HHH000412: Hibernate ORM core version 6.5.3.Final
2024-10-14 00:14:39 [main] INFO  o.h.c.i.RegionFactoryInitiator - HHH000026: Second-level cache disabled
2024-10-14 00:14:39 [main] INFO  o.s.o.j.p.SpringPersistenceUnitInfo - No LoadTimeWeaver setup: ignoring JPA class transformer
2024-10-14 00:14:40 [main] WARN  org.hibernate.orm.deprecation - HHH90000025: H2Dialect does not need to be specified explicitly using 'hibernate.dialect' (remove the property setting and it will be selected by default)
2024-10-14 00:14:41 [main] INFO  o.h.e.t.j.p.i.JtaPlatformInitiator - HHH000489: No JTA platform available (set 'hibernate.transaction.jta.platform' to enable JTA platform integration)
2024-10-14 00:14:41 [main] INFO  o.s.o.j.LocalContainerEntityManagerFactoryBean - Initialized JPA EntityManagerFactory for persistence unit 'default'
2024-10-14 00:14:42 [main] INFO  o.s.s.c.a.a.c.InitializeUserDetailsBeanManagerConfigurer$InitializeUserDetailsManagerConfigurer - Global AuthenticationManager configured with UserDetailsService bean with name userLoginService
2024-10-14 00:14:43 [main] INFO  o.s.b.a.w.s.WelcomePageHandlerMapping - Adding welcome page template: index
2024-10-14 00:14:43 [main] INFO  o.s.b.a.e.web.EndpointLinksResolver - Exposing 15 endpoints beneath base path '/actuator'
2024-10-14 00:14:46 [main] INFO  o.a.coyote.http11.Http11NioProtocol - Starting ProtocolHandler ["http-nio-5000"]
2024-10-14 00:14:46 [main] INFO  o.s.b.w.e.tomcat.TomcatWebServer - Tomcat started on port 5000 (http) with context path '/'
2024-10-14 00:14:46 [main] INFO  g.la.webserver.WebserverApplication - Started WebserverApplication in 12.704 seconds (process running for 13.883)
2024-10-14 00:14:46 [scheduling-1] INFO  g.l.w.u.s.UserChangeLogScheduler - call clearChangeLog
2024-10-14 00:14:46 [scheduling-1] INFO  g.l.w.u.s.UserChangeLogScheduler - clear Logs completed!! true
2024-10-14 00:14:51 [registrationTask1] WARN  d.c.b.a.c.r.ApplicationRegistrator - Failed to register application as Application(name=spring-boot-application, managementUrl=http://172.20.10.7:5000/actuator, healthUrl=http://172.20.10.7:5000/actuator/health, serviceUrl=http://172.20.10.7:5000/) at spring-boot-admin ([http://localhost:8000/instances]): I/O error on POST request for "http://localhost:8000/instances": Connection refused. Further attempts are logged on DEBUG level
2024-10-14 00:15:00 [scheduling-1] INFO  g.l.w.u.s.UserChangeLogScheduler - call checkChangeLog
2024-10-14 00:15:00 [scheduling-1] INFO  g.l.w.u.s.UserChangeLogScheduler - check log completed!!
2024-10-14 00:15:30 [http-nio-5000-exec-1] INFO  o.a.c.c.C.[Tomcat].[localhost].[/] - Initializing Spring DispatcherServlet 'dispatcherServlet'
2024-10-14 00:15:30 [http-nio-5000-exec-1] INFO  o.s.web.servlet.DispatcherServlet - Initializing Servlet 'dispatcherServlet'
2024-10-14 00:15:30 [http-nio-5000-exec-1] INFO  o.s.web.servlet.DispatcherServlet - Completed initialization in 4 ms
2024-10-14 00:15:31 [http-nio-5000-exec-3] INFO  g.l.w.u.controllers.UserController - call getAllUsers
2024-10-14 00:15:31 [http-nio-5000-exec-4] INFO  g.l.w.u.c.UserChangeLogController - call getAllUsersChangelog
2024-10-14 00:15:46 [scheduling-1] INFO  g.l.w.u.s.UserChangeLogScheduler - call clearChangeLog
2024-10-14 00:15:46 [scheduling-1] INFO  g.l.w.u.s.UserChangeLogScheduler - clear Logs completed!! true
2024-10-14 00:16:00 [scheduling-1] INFO  g.l.w.u.s.UserChangeLogScheduler - call checkChangeLog
2024-10-14 00:16:00 [scheduling-1] INFO  g.l.w.u.s.UserChangeLogScheduler - check log completed!!
2024-10-14 00:16:46 [scheduling-1] INFO  g.l.w.u.s.UserChangeLogScheduler - call clearChangeLog
2024-10-14 00:16:46 [scheduling-1] INFO  g.l.w.u.s.UserChangeLogScheduler - clear Logs completed!! true
2024-10-14 00:17:00 [scheduling-1] INFO  g.l.w.u.s.UserChangeLogScheduler - call checkChangeLog
2024-10-14 00:17:00 [scheduling-1] INFO  g.l.w.u.s.UserChangeLogScheduler - check log completed!!
2024-10-14 00:17:46 [scheduling-1] INFO  g.l.w.u.s.UserChangeLogScheduler - call clearChangeLog
2024-10-14 00:17:46 [scheduling-1] INFO  g.l.w.u.s.UserChangeLogScheduler - clear Logs completed!! true
2024-10-14 00:18:00 [scheduling-1] INFO  g.l.w.u.s.UserChangeLogScheduler - call checkChangeLog
2024-10-14 00:18:00 [scheduling-1] INFO  g.l.w.u.s.UserChangeLogScheduler - check log completed!!
2024-10-14 00:18:46 [scheduling-1] INFO  g.l.w.u.s.UserChangeLogScheduler - call clearChangeLog
2024-10-14 00:18:46 [scheduling-1] INFO  g.l.w.u.s.UserChangeLogScheduler - clear Logs completed!! true
2024-10-14 00:19:00 [scheduling-1] INFO  g.l.w.u.s.UserChangeLogScheduler - call checkChangeLog
2024-10-14 00:19:00 [scheduling-1] INFO  g.l.w.u.s.UserChangeLogScheduler - check log completed!!
2024-10-14 00:19:46 [scheduling-1] INFO  g.l.w.u.s.UserChangeLogScheduler - call clearChangeLog
2024-10-14 00:19:46 [scheduling-1] INFO  g.l.w.u.s.UserChangeLogScheduler - clear Logs completed!! true
2024-10-14 00:20:00 [scheduling-1] INFO  g.l.w.u.s.UserChangeLogScheduler - call checkChangeLog
2024-10-14 00:20:00 [scheduling-1] INFO  g.l.w.u.s.UserChangeLogScheduler - check log completed!!
2024-10-14 00:20:46 [scheduling-1] INFO  g.l.w.u.s.UserChangeLogScheduler - call clearChangeLog
2024-10-14 00:20:46 [scheduling-1] INFO  g.l.w.u.s.UserChangeLogScheduler - clear Logs completed!! true
2024-10-14 00:21:00 [scheduling-1] INFO  g.l.w.u.s.UserChangeLogScheduler - call checkChangeLog
2024-10-14 00:21:00 [scheduling-1] INFO  g.l.w.u.s.UserChangeLogScheduler - check log completed!!
2024-10-14 00:21:46 [scheduling-1] INFO  g.l.w.u.s.UserChangeLogScheduler - call clearChangeLog
2024-10-14 00:21:46 [scheduling-1] INFO  g.l.w.u.s.UserChangeLogScheduler - clear Logs completed!! true
2024-10-14 00:21:46 [http-nio-5000-exec-10] INFO  g.l.w.u.controllers.UserController - call getAllUsers
2024-10-14 00:21:46 [http-nio-5000-exec-2] INFO  g.l.w.u.c.UserChangeLogController - call getAllUsersChangelog
2024-10-14 00:22:00 [scheduling-1] INFO  g.l.w.u.s.UserChangeLogScheduler - call checkChangeLog
2024-10-14 00:22:00 [scheduling-1] INFO  g.l.w.u.s.UserChangeLogScheduler - check log completed!!
2024-10-14 00:22:29 [http-nio-5000-exec-7] INFO  g.l.w.u.c.UserChangeLogController - call getAllUsersChangelog
2024-10-14 00:22:29 [http-nio-5000-exec-6] INFO  g.l.w.u.controllers.UserController - call getAllUsers
2024-10-14 00:22:46 [scheduling-1] INFO  g.l.w.u.s.UserChangeLogScheduler - call clearChangeLog
2024-10-14 00:22:46 [scheduling-1] INFO  g.l.w.u.s.UserChangeLogScheduler - clear Logs completed!! true
2024-10-14 00:23:00 [scheduling-1] INFO  g.l.w.u.s.UserChangeLogScheduler - call checkChangeLog
2024-10-14 00:23:00 [scheduling-1] INFO  g.l.w.u.s.UserChangeLogScheduler - check log completed!!
2024-10-14 00:23:46 [scheduling-1] INFO  g.l.w.u.s.UserChangeLogScheduler - call clearChangeLog
2024-10-14 00:23:46 [scheduling-1] INFO  g.l.w.u.s.UserChangeLogScheduler - clear Logs completed!! true
2024-10-14 00:24:00 [scheduling-1] INFO  g.l.w.u.s.UserChangeLogScheduler - call checkChangeLog
2024-10-14 00:24:00 [scheduling-1] INFO  g.l.w.u.s.UserChangeLogScheduler - check log completed!!
2024-10-14 00:24:46 [scheduling-1] INFO  g.l.w.u.s.UserChangeLogScheduler - call clearChangeLog
2024-10-14 00:24:46 [scheduling-1] INFO  g.l.w.u.s.UserChangeLogScheduler - clear Logs completed!! true
2024-10-14 00:25:00 [scheduling-1] INFO  g.l.w.u.s.UserChangeLogScheduler - call checkChangeLog
2024-10-14 00:25:00 [scheduling-1] INFO  g.l.w.u.s.UserChangeLogScheduler - check log completed!!
2024-10-14 00:25:46 [scheduling-1] INFO  g.l.w.u.s.UserChangeLogScheduler - call clearChangeLog
2024-10-14 00:25:46 [scheduling-1] INFO  g.l.w.u.s.UserChangeLogScheduler - clear Logs completed!! true
2024-10-14 00:26:00 [scheduling-1] INFO  g.l.w.u.s.UserChangeLogScheduler - call checkChangeLog
2024-10-14 00:26:00 [scheduling-1] INFO  g.l.w.u.s.UserChangeLogScheduler - check log completed!!
2024-10-14 00:26:41 [SpringApplicationShutdownHook] INFO  o.s.o.j.LocalContainerEntityManagerFactoryBean - Closing JPA EntityManagerFactory for persistence unit 'default'
2024-10-14 00:26:41 [SpringApplicationShutdownHook] INFO  com.zaxxer.hikari.HikariDataSource - HikariPool-1 - Shutdown initiated...
2024-10-14 00:26:41 [SpringApplicationShutdownHook] INFO  com.zaxxer.hikari.HikariDataSource - HikariPool-1 - Shutdown completed.
2024-10-14 00:26:45 [main] INFO  g.la.webserver.WebserverApplication - Starting WebserverApplication using Java 17.0.12 with PID 3410 (/Users/kmpc/webserver/build/classes/java/main started by kmpc in /Users/kmpc/webserver)
2024-10-14 00:26:45 [main] DEBUG g.la.webserver.WebserverApplication - Running with Spring Boot v3.3.4, Spring v6.1.13
2024-10-14 00:26:45 [main] INFO  g.la.webserver.WebserverApplication - No active profile set, falling back to 1 default profile: "default"
2024-10-14 00:26:48 [main] INFO  o.s.d.r.c.RepositoryConfigurationDelegate - Bootstrapping Spring Data JPA repositories in DEFAULT mode.
2024-10-14 00:26:49 [main] INFO  o.s.d.r.c.RepositoryConfigurationDelegate - Finished Spring Data repository scanning in 336 ms. Found 4 JPA repository interfaces.
2024-10-14 00:26:50 [main] INFO  o.s.b.w.e.tomcat.TomcatWebServer - Tomcat initialized with port 5000 (http)
2024-10-14 00:26:50 [main] INFO  o.a.coyote.http11.Http11NioProtocol - Initializing ProtocolHandler ["http-nio-5000"]
2024-10-14 00:26:50 [main] INFO  o.a.catalina.core.StandardService - Starting service [Tomcat]
2024-10-14 00:26:50 [main] INFO  o.a.catalina.core.StandardEngine - Starting Servlet engine: [Apache Tomcat/10.1.30]
2024-10-14 00:26:50 [main] INFO  o.a.c.c.C.[Tomcat].[localhost].[/] - Initializing Spring embedded WebApplicationContext
2024-10-14 00:26:50 [main] INFO  o.s.b.w.s.c.ServletWebServerApplicationContext - Root WebApplicationContext: initialization completed in 4622 ms
2024-10-14 00:26:50 [main] INFO  com.zaxxer.hikari.HikariDataSource - HikariPool-1 - Starting...
2024-10-14 00:26:51 [main] INFO  com.zaxxer.hikari.pool.HikariPool - HikariPool-1 - Added connection conn0: url=jdbc:h2:mem:test user=SA
2024-10-14 00:26:51 [main] INFO  com.zaxxer.hikari.HikariDataSource - HikariPool-1 - Start completed.
2024-10-14 00:26:51 [main] INFO  o.s.b.a.h.H2ConsoleAutoConfiguration - H2 console available at '/h2-console'. Database available at 'jdbc:h2:mem:test'
2024-10-14 00:26:51 [main] INFO  o.h.jpa.internal.util.LogHelper - HHH000204: Processing PersistenceUnitInfo [name: default]
2024-10-14 00:26:51 [main] INFO  org.hibernate.Version - HHH000412: Hibernate ORM core version 6.5.3.Final
2024-10-14 00:26:51 [main] INFO  o.h.c.i.RegionFactoryInitiator - HHH000026: Second-level cache disabled
2024-10-14 00:26:52 [main] INFO  o.s.o.j.p.SpringPersistenceUnitInfo - No LoadTimeWeaver setup: ignoring JPA class transformer
2024-10-14 00:26:52 [main] WARN  org.hibernate.orm.deprecation - HHH90000025: H2Dialect does not need to be specified explicitly using 'hibernate.dialect' (remove the property setting and it will be selected by default)
2024-10-14 00:26:54 [main] INFO  o.h.e.t.j.p.i.JtaPlatformInitiator - HHH000489: No JTA platform available (set 'hibernate.transaction.jta.platform' to enable JTA platform integration)
2024-10-14 00:26:54 [main] INFO  o.s.o.j.LocalContainerEntityManagerFactoryBean - Initialized JPA EntityManagerFactory for persistence unit 'default'
2024-10-14 00:26:55 [main] INFO  o.s.s.c.a.a.c.InitializeUserDetailsBeanManagerConfigurer$InitializeUserDetailsManagerConfigurer - Global AuthenticationManager configured with UserDetailsService bean with name userLoginService
2024-10-14 00:26:55 [main] INFO  o.s.b.a.w.s.WelcomePageHandlerMapping - Adding welcome page template: index
2024-10-14 00:26:56 [main] INFO  o.s.b.a.e.web.EndpointLinksResolver - Exposing 15 endpoints beneath base path '/actuator'
2024-10-14 00:26:58 [main] INFO  o.a.coyote.http11.Http11NioProtocol - Starting ProtocolHandler ["http-nio-5000"]
2024-10-14 00:26:58 [main] INFO  o.s.b.w.e.tomcat.TomcatWebServer - Tomcat started on port 5000 (http) with context path '/'
2024-10-14 00:26:58 [main] INFO  g.la.webserver.WebserverApplication - Started WebserverApplication in 13.543 seconds (process running for 14.15)
2024-10-14 00:26:58 [scheduling-1] INFO  g.l.w.u.s.UserChangeLogScheduler - call clearChangeLog
2024-10-14 00:26:58 [scheduling-1] INFO  g.l.w.u.s.UserChangeLogScheduler - clear Logs completed!! true
2024-10-14 00:27:00 [scheduling-1] INFO  g.l.w.u.s.UserChangeLogScheduler - call checkChangeLog
2024-10-14 00:27:00 [scheduling-1] INFO  g.l.w.u.s.UserChangeLogScheduler - check log completed!!
2024-10-14 00:27:03 [registrationTask1] WARN  d.c.b.a.c.r.ApplicationRegistrator - Failed to register application as Application(name=spring-boot-application, managementUrl=http://172.20.10.7:5000/actuator, healthUrl=http://172.20.10.7:5000/actuator/health, serviceUrl=http://172.20.10.7:5000/) at spring-boot-admin ([http://localhost:8000/instances]): I/O error on POST request for "http://localhost:8000/instances": Connection refused. Further attempts are logged on DEBUG level
2024-10-14 00:27:17 [SpringApplicationShutdownHook] INFO  o.s.o.j.LocalContainerEntityManagerFactoryBean - Closing JPA EntityManagerFactory for persistence unit 'default'
2024-10-14 00:27:17 [SpringApplicationShutdownHook] INFO  com.zaxxer.hikari.HikariDataSource - HikariPool-1 - Shutdown initiated...
2024-10-14 00:27:17 [SpringApplicationShutdownHook] INFO  com.zaxxer.hikari.HikariDataSource - HikariPool-1 - Shutdown completed.
2024-10-14 00:27:24 [main] INFO  g.la.webserver.WebserverApplication - Starting WebserverApplication using Java 17.0.12 with PID 3422 (/Users/kmpc/webserver/build/classes/java/main started by kmpc in /Users/kmpc/webserver)
2024-10-14 00:27:24 [main] DEBUG g.la.webserver.WebserverApplication - Running with Spring Boot v3.3.4, Spring v6.1.13
2024-10-14 00:27:24 [main] INFO  g.la.webserver.WebserverApplication - No active profile set, falling back to 1 default profile: "default"
2024-10-14 00:27:27 [main] INFO  o.s.d.r.c.RepositoryConfigurationDelegate - Bootstrapping Spring Data JPA repositories in DEFAULT mode.
2024-10-14 00:27:28 [main] INFO  o.s.d.r.c.RepositoryConfigurationDelegate - Finished Spring Data repository scanning in 535 ms. Found 4 JPA repository interfaces.
2024-10-14 00:27:30 [main] INFO  o.s.b.w.e.tomcat.TomcatWebServer - Tomcat initialized with port 5000 (http)
2024-10-14 00:27:30 [main] INFO  o.a.coyote.http11.Http11NioProtocol - Initializing ProtocolHandler ["http-nio-5000"]
2024-10-14 00:27:30 [main] INFO  o.a.catalina.core.StandardService - Starting service [Tomcat]
2024-10-14 00:27:30 [main] INFO  o.a.catalina.core.StandardEngine - Starting Servlet engine: [Apache Tomcat/10.1.30]
2024-10-14 00:27:30 [main] INFO  o.a.c.c.C.[Tomcat].[localhost].[/] - Initializing Spring embedded WebApplicationContext
2024-10-14 00:27:30 [main] INFO  o.s.b.w.s.c.ServletWebServerApplicationContext - Root WebApplicationContext: initialization completed in 5816 ms
2024-10-14 00:27:31 [main] INFO  com.zaxxer.hikari.HikariDataSource - HikariPool-1 - Starting...
2024-10-14 00:27:32 [main] INFO  com.zaxxer.hikari.pool.HikariPool - HikariPool-1 - Added connection conn0: url=jdbc:h2:mem:test user=SA
2024-10-14 00:27:32 [main] INFO  com.zaxxer.hikari.HikariDataSource - HikariPool-1 - Start completed.
2024-10-14 00:27:32 [main] INFO  o.s.b.a.h.H2ConsoleAutoConfiguration - H2 console available at '/h2-console'. Database available at 'jdbc:h2:mem:test'
2024-10-14 00:27:32 [main] INFO  o.h.jpa.internal.util.LogHelper - HHH000204: Processing PersistenceUnitInfo [name: default]
2024-10-14 00:27:32 [main] INFO  org.hibernate.Version - HHH000412: Hibernate ORM core version 6.5.3.Final
2024-10-14 00:27:32 [main] INFO  o.h.c.i.RegionFactoryInitiator - HHH000026: Second-level cache disabled
2024-10-14 00:27:33 [main] INFO  o.s.o.j.p.SpringPersistenceUnitInfo - No LoadTimeWeaver setup: ignoring JPA class transformer
2024-10-14 00:27:33 [main] WARN  org.hibernate.orm.deprecation - HHH90000025: H2Dialect does not need to be specified explicitly using 'hibernate.dialect' (remove the property setting and it will be selected by default)
2024-10-14 00:27:35 [main] INFO  o.h.e.t.j.p.i.JtaPlatformInitiator - HHH000489: No JTA platform available (set 'hibernate.transaction.jta.platform' to enable JTA platform integration)
2024-10-14 00:27:35 [main] INFO  o.s.o.j.LocalContainerEntityManagerFactoryBean - Initialized JPA EntityManagerFactory for persistence unit 'default'
2024-10-14 00:27:37 [main] INFO  o.s.s.c.a.a.c.InitializeUserDetailsBeanManagerConfigurer$InitializeUserDetailsManagerConfigurer - Global AuthenticationManager configured with UserDetailsService bean with name userLoginService
2024-10-14 00:27:37 [main] INFO  o.s.b.a.w.s.WelcomePageHandlerMapping - Adding welcome page template: index
2024-10-14 00:27:39 [main] INFO  o.s.b.a.e.web.EndpointLinksResolver - Exposing 15 endpoints beneath base path '/actuator'
2024-10-14 00:27:40 [main] INFO  o.a.coyote.http11.Http11NioProtocol - Starting ProtocolHandler ["http-nio-5000"]
2024-10-14 00:27:41 [main] INFO  o.s.b.w.e.tomcat.TomcatWebServer - Tomcat started on port 5000 (http) with context path '/'
2024-10-14 00:27:41 [main] INFO  g.la.webserver.WebserverApplication - Started WebserverApplication in 18.629 seconds (process running for 20.238)
2024-10-14 00:27:41 [scheduling-1] INFO  g.l.w.u.s.UserChangeLogScheduler - call clearChangeLog
2024-10-14 00:27:41 [scheduling-1] INFO  g.l.w.u.s.UserChangeLogScheduler - clear Logs completed!! true
2024-10-14 00:27:44 [http-nio-5000-exec-1] INFO  o.a.c.c.C.[Tomcat].[localhost].[/] - Initializing Spring DispatcherServlet 'dispatcherServlet'
2024-10-14 00:27:44 [http-nio-5000-exec-1] INFO  o.s.web.servlet.DispatcherServlet - Initializing Servlet 'dispatcherServlet'
2024-10-14 00:27:44 [http-nio-5000-exec-1] INFO  o.s.web.servlet.DispatcherServlet - Completed initialization in 2 ms
2024-10-14 00:27:46 [registrationTask1] WARN  d.c.b.a.c.r.ApplicationRegistrator - Failed to register application as Application(name=spring-boot-application, managementUrl=http://172.20.10.7:5000/actuator, healthUrl=http://172.20.10.7:5000/actuator/health, serviceUrl=http://172.20.10.7:5000/) at spring-boot-admin ([http://localhost:8000/instances]): I/O error on POST request for "http://localhost:8000/instances": Connection refused. Further attempts are logged on DEBUG level
2024-10-14 00:27:48 [http-nio-5000-exec-6] INFO  g.l.w.u.c.UserChangeLogController - call getAllUsersChangelog
2024-10-14 00:27:48 [http-nio-5000-exec-4] INFO  g.l.w.u.controllers.UserController - call getAllUsers
2024-10-14 00:28:00 [scheduling-1] INFO  g.l.w.u.s.UserChangeLogScheduler - call checkChangeLog
2024-10-14 00:28:00 [scheduling-1] INFO  g.l.w.u.s.UserChangeLogScheduler - check log completed!!
2024-10-14 00:28:27 [SpringApplicationShutdownHook] INFO  o.s.o.j.LocalContainerEntityManagerFactoryBean - Closing JPA EntityManagerFactory for persistence unit 'default'
2024-10-14 00:28:27 [SpringApplicationShutdownHook] INFO  com.zaxxer.hikari.HikariDataSource - HikariPool-1 - Shutdown initiated...
2024-10-14 00:28:27 [SpringApplicationShutdownHook] INFO  com.zaxxer.hikari.HikariDataSource - HikariPool-1 - Shutdown completed.
2024-10-14 00:28:31 [main] INFO  g.la.webserver.WebserverApplication - Starting WebserverApplication using Java 17.0.12 with PID 3441 (/Users/kmpc/webserver/build/classes/java/main started by kmpc in /Users/kmpc/webserver)
2024-10-14 00:28:31 [main] DEBUG g.la.webserver.WebserverApplication - Running with Spring Boot v3.3.4, Spring v6.1.13
2024-10-14 00:28:31 [main] INFO  g.la.webserver.WebserverApplication - No active profile set, falling back to 1 default profile: "default"
2024-10-14 00:28:33 [main] INFO  o.s.d.r.c.RepositoryConfigurationDelegate - Bootstrapping Spring Data JPA repositories in DEFAULT mode.
2024-10-14 00:28:33 [main] INFO  o.s.d.r.c.RepositoryConfigurationDelegate - Finished Spring Data repository scanning in 281 ms. Found 4 JPA repository interfaces.
2024-10-14 00:28:34 [main] INFO  o.s.b.w.e.tomcat.TomcatWebServer - Tomcat initialized with port 5000 (http)
2024-10-14 00:28:34 [main] INFO  o.a.coyote.http11.Http11NioProtocol - Initializing ProtocolHandler ["http-nio-5000"]
2024-10-14 00:28:34 [main] INFO  o.a.catalina.core.StandardService - Starting service [Tomcat]
2024-10-14 00:28:34 [main] INFO  o.a.catalina.core.StandardEngine - Starting Servlet engine: [Apache Tomcat/10.1.30]
2024-10-14 00:28:35 [main] INFO  o.a.c.c.C.[Tomcat].[localhost].[/] - Initializing Spring embedded WebApplicationContext
2024-10-14 00:28:35 [main] INFO  o.s.b.w.s.c.ServletWebServerApplicationContext - Root WebApplicationContext: initialization completed in 3348 ms
2024-10-14 00:28:35 [main] INFO  com.zaxxer.hikari.HikariDataSource - HikariPool-1 - Starting...
2024-10-14 00:28:35 [main] INFO  com.zaxxer.hikari.pool.HikariPool - HikariPool-1 - Added connection conn0: url=jdbc:h2:mem:test user=SA
2024-10-14 00:28:35 [main] INFO  com.zaxxer.hikari.HikariDataSource - HikariPool-1 - Start completed.
2024-10-14 00:28:35 [main] INFO  o.s.b.a.h.H2ConsoleAutoConfiguration - H2 console available at '/h2-console'. Database available at 'jdbc:h2:mem:test'
2024-10-14 00:28:35 [main] INFO  o.h.jpa.internal.util.LogHelper - HHH000204: Processing PersistenceUnitInfo [name: default]
2024-10-14 00:28:36 [main] INFO  org.hibernate.Version - HHH000412: Hibernate ORM core version 6.5.3.Final
2024-10-14 00:28:36 [main] INFO  o.h.c.i.RegionFactoryInitiator - HHH000026: Second-level cache disabled
2024-10-14 00:28:36 [main] INFO  o.s.o.j.p.SpringPersistenceUnitInfo - No LoadTimeWeaver setup: ignoring JPA class transformer
2024-10-14 00:28:36 [main] WARN  org.hibernate.orm.deprecation - HHH90000025: H2Dialect does not need to be specified explicitly using 'hibernate.dialect' (remove the property setting and it will be selected by default)
2024-10-14 00:28:38 [main] INFO  o.h.e.t.j.p.i.JtaPlatformInitiator - HHH000489: No JTA platform available (set 'hibernate.transaction.jta.platform' to enable JTA platform integration)
2024-10-14 00:28:38 [main] INFO  o.s.o.j.LocalContainerEntityManagerFactoryBean - Initialized JPA EntityManagerFactory for persistence unit 'default'
2024-10-14 00:28:39 [main] INFO  o.s.s.c.a.a.c.InitializeUserDetailsBeanManagerConfigurer$InitializeUserDetailsManagerConfigurer - Global AuthenticationManager configured with UserDetailsService bean with name userLoginService
2024-10-14 00:28:39 [main] INFO  o.s.b.a.w.s.WelcomePageHandlerMapping - Adding welcome page template: index
2024-10-14 00:28:40 [main] INFO  o.s.b.a.e.web.EndpointLinksResolver - Exposing 15 endpoints beneath base path '/actuator'
2024-10-14 00:28:42 [main] INFO  o.a.coyote.http11.Http11NioProtocol - Starting ProtocolHandler ["http-nio-5000"]
2024-10-14 00:28:42 [main] INFO  o.s.b.w.e.tomcat.TomcatWebServer - Tomcat started on port 5000 (http) with context path '/'
2024-10-14 00:28:42 [main] INFO  g.la.webserver.WebserverApplication - Started WebserverApplication in 12.243 seconds (process running for 13.153)
2024-10-14 00:28:42 [scheduling-1] INFO  g.l.w.u.s.UserChangeLogScheduler - call clearChangeLog
2024-10-14 00:28:43 [scheduling-1] INFO  g.l.w.u.s.UserChangeLogScheduler - clear Logs completed!! true
2024-10-14 00:28:48 [http-nio-5000-exec-1] INFO  o.a.c.c.C.[Tomcat].[localhost].[/] - Initializing Spring DispatcherServlet 'dispatcherServlet'
2024-10-14 00:28:48 [http-nio-5000-exec-1] INFO  o.s.web.servlet.DispatcherServlet - Initializing Servlet 'dispatcherServlet'
2024-10-14 00:28:48 [http-nio-5000-exec-1] INFO  o.s.web.servlet.DispatcherServlet - Completed initialization in 4 ms
2024-10-14 00:28:48 [registrationTask1] WARN  d.c.b.a.c.r.ApplicationRegistrator - Failed to register application as Application(name=spring-boot-application, managementUrl=http://172.20.10.7:5000/actuator, healthUrl=http://172.20.10.7:5000/actuator/health, serviceUrl=http://172.20.10.7:5000/) at spring-boot-admin ([http://localhost:8000/instances]): I/O error on POST request for "http://localhost:8000/instances": Connection refused. Further attempts are logged on DEBUG level
2024-10-14 00:28:49 [http-nio-5000-exec-3] INFO  g.l.w.u.c.UserChangeLogController - call getAllUsersChangelog
2024-10-14 00:28:49 [http-nio-5000-exec-2] INFO  g.l.w.u.controllers.UserController - call getAllUsers
2024-10-14 00:29:00 [scheduling-1] INFO  g.l.w.u.s.UserChangeLogScheduler - call checkChangeLog
2024-10-14 00:29:00 [scheduling-1] INFO  g.l.w.u.s.UserChangeLogScheduler - check log completed!!
2024-10-14 00:29:26 [SpringApplicationShutdownHook] INFO  o.s.o.j.LocalContainerEntityManagerFactoryBean - Closing JPA EntityManagerFactory for persistence unit 'default'
2024-10-14 00:29:26 [SpringApplicationShutdownHook] INFO  com.zaxxer.hikari.HikariDataSource - HikariPool-1 - Shutdown initiated...
2024-10-14 00:29:26 [SpringApplicationShutdownHook] INFO  com.zaxxer.hikari.HikariDataSource - HikariPool-1 - Shutdown completed.
2024-10-14 00:29:31 [main] INFO  g.la.webserver.WebserverApplication - Starting WebserverApplication using Java 17.0.12 with PID 3452 (/Users/kmpc/webserver/build/classes/java/main started by kmpc in /Users/kmpc/webserver)
2024-10-14 00:29:31 [main] DEBUG g.la.webserver.WebserverApplication - Running with Spring Boot v3.3.4, Spring v6.1.13
2024-10-14 00:29:31 [main] INFO  g.la.webserver.WebserverApplication - No active profile set, falling back to 1 default profile: "default"
2024-10-14 00:29:33 [main] INFO  o.s.d.r.c.RepositoryConfigurationDelegate - Bootstrapping Spring Data JPA repositories in DEFAULT mode.
2024-10-14 00:29:33 [main] INFO  o.s.d.r.c.RepositoryConfigurationDelegate - Finished Spring Data repository scanning in 322 ms. Found 4 JPA repository interfaces.
2024-10-14 00:29:35 [main] INFO  o.s.b.w.e.tomcat.TomcatWebServer - Tomcat initialized with port 5000 (http)
2024-10-14 00:29:35 [main] INFO  o.a.coyote.http11.Http11NioProtocol - Initializing ProtocolHandler ["http-nio-5000"]
2024-10-14 00:29:35 [main] INFO  o.a.catalina.core.StandardService - Starting service [Tomcat]
2024-10-14 00:29:35 [main] INFO  o.a.catalina.core.StandardEngine - Starting Servlet engine: [Apache Tomcat/10.1.30]
2024-10-14 00:29:35 [main] INFO  o.a.c.c.C.[Tomcat].[localhost].[/] - Initializing Spring embedded WebApplicationContext
2024-10-14 00:29:35 [main] INFO  o.s.b.w.s.c.ServletWebServerApplicationContext - Root WebApplicationContext: initialization completed in 3960 ms
2024-10-14 00:29:35 [main] INFO  com.zaxxer.hikari.HikariDataSource - HikariPool-1 - Starting...
2024-10-14 00:29:35 [main] INFO  com.zaxxer.hikari.pool.HikariPool - HikariPool-1 - Added connection conn0: url=jdbc:h2:mem:test user=SA
2024-10-14 00:29:35 [main] INFO  com.zaxxer.hikari.HikariDataSource - HikariPool-1 - Start completed.
2024-10-14 00:29:35 [main] INFO  o.s.b.a.h.H2ConsoleAutoConfiguration - H2 console available at '/h2-console'. Database available at 'jdbc:h2:mem:test'
2024-10-14 00:29:36 [main] INFO  o.h.jpa.internal.util.LogHelper - HHH000204: Processing PersistenceUnitInfo [name: default]
2024-10-14 00:29:36 [main] INFO  org.hibernate.Version - HHH000412: Hibernate ORM core version 6.5.3.Final
2024-10-14 00:29:36 [main] INFO  o.h.c.i.RegionFactoryInitiator - HHH000026: Second-level cache disabled
2024-10-14 00:29:36 [main] INFO  o.s.o.j.p.SpringPersistenceUnitInfo - No LoadTimeWeaver setup: ignoring JPA class transformer
2024-10-14 00:29:36 [main] WARN  org.hibernate.orm.deprecation - HHH90000025: H2Dialect does not need to be specified explicitly using 'hibernate.dialect' (remove the property setting and it will be selected by default)
2024-10-14 00:29:38 [main] INFO  o.h.e.t.j.p.i.JtaPlatformInitiator - HHH000489: No JTA platform available (set 'hibernate.transaction.jta.platform' to enable JTA platform integration)
2024-10-14 00:29:38 [main] INFO  o.s.o.j.LocalContainerEntityManagerFactoryBean - Initialized JPA EntityManagerFactory for persistence unit 'default'
2024-10-14 00:29:39 [main] INFO  o.s.s.c.a.a.c.InitializeUserDetailsBeanManagerConfigurer$InitializeUserDetailsManagerConfigurer - Global AuthenticationManager configured with UserDetailsService bean with name userLoginService
2024-10-14 00:29:39 [main] INFO  o.s.b.a.w.s.WelcomePageHandlerMapping - Adding welcome page template: index
2024-10-14 00:29:40 [main] INFO  o.s.b.a.e.web.EndpointLinksResolver - Exposing 15 endpoints beneath base path '/actuator'
2024-10-14 00:29:42 [main] INFO  o.a.coyote.http11.Http11NioProtocol - Starting ProtocolHandler ["http-nio-5000"]
2024-10-14 00:29:42 [main] INFO  o.s.b.w.e.tomcat.TomcatWebServer - Tomcat started on port 5000 (http) with context path '/'
2024-10-14 00:29:42 [main] INFO  g.la.webserver.WebserverApplication - Started WebserverApplication in 12.372 seconds (process running for 12.913)
2024-10-14 00:29:42 [scheduling-1] INFO  g.l.w.u.s.UserChangeLogScheduler - call clearChangeLog
2024-10-14 00:29:42 [scheduling-1] INFO  g.l.w.u.s.UserChangeLogScheduler - clear Logs completed!! true
2024-10-14 00:29:47 [registrationTask1] WARN  d.c.b.a.c.r.ApplicationRegistrator - Failed to register application as Application(name=spring-boot-application, managementUrl=http://172.20.10.7:5000/actuator, healthUrl=http://172.20.10.7:5000/actuator/health, serviceUrl=http://172.20.10.7:5000/) at spring-boot-admin ([http://localhost:8000/instances]): I/O error on POST request for "http://localhost:8000/instances": Connection refused. Further attempts are logged on DEBUG level
2024-10-14 00:29:48 [http-nio-5000-exec-1] INFO  o.a.c.c.C.[Tomcat].[localhost].[/] - Initializing Spring DispatcherServlet 'dispatcherServlet'
2024-10-14 00:29:48 [http-nio-5000-exec-1] INFO  o.s.web.servlet.DispatcherServlet - Initializing Servlet 'dispatcherServlet'
2024-10-14 00:29:48 [http-nio-5000-exec-1] INFO  o.s.web.servlet.DispatcherServlet - Completed initialization in 2 ms
2024-10-14 00:29:49 [http-nio-5000-exec-3] INFO  g.l.w.u.controllers.UserController - call getAllUsers
2024-10-14 00:29:49 [http-nio-5000-exec-5] INFO  g.l.w.u.c.UserChangeLogController - call getAllUsersChangelog
2024-10-14 00:30:00 [scheduling-1] INFO  g.l.w.u.s.UserChangeLogScheduler - call checkChangeLog
2024-10-14 00:30:00 [scheduling-1] INFO  g.l.w.u.s.UserChangeLogScheduler - check log completed!!
2024-10-14 00:30:14 [SpringApplicationShutdownHook] INFO  o.s.o.j.LocalContainerEntityManagerFactoryBean - Closing JPA EntityManagerFactory for persistence unit 'default'
2024-10-14 00:30:14 [SpringApplicationShutdownHook] INFO  com.zaxxer.hikari.HikariDataSource - HikariPool-1 - Shutdown initiated...
2024-10-14 00:30:14 [SpringApplicationShutdownHook] INFO  com.zaxxer.hikari.HikariDataSource - HikariPool-1 - Shutdown completed.
2024-10-14 00:30:19 [main] INFO  g.la.webserver.WebserverApplication - Starting WebserverApplication using Java 17.0.12 with PID 3471 (/Users/kmpc/webserver/build/classes/java/main started by kmpc in /Users/kmpc/webserver)
2024-10-14 00:30:19 [main] DEBUG g.la.webserver.WebserverApplication - Running with Spring Boot v3.3.4, Spring v6.1.13
2024-10-14 00:30:19 [main] INFO  g.la.webserver.WebserverApplication - No active profile set, falling back to 1 default profile: "default"
2024-10-14 00:30:20 [main] INFO  o.s.d.r.c.RepositoryConfigurationDelegate - Bootstrapping Spring Data JPA repositories in DEFAULT mode.
2024-10-14 00:30:21 [main] INFO  o.s.d.r.c.RepositoryConfigurationDelegate - Finished Spring Data repository scanning in 319 ms. Found 4 JPA repository interfaces.
2024-10-14 00:30:22 [main] INFO  o.s.b.w.e.tomcat.TomcatWebServer - Tomcat initialized with port 5000 (http)
2024-10-14 00:30:22 [main] INFO  o.a.coyote.http11.Http11NioProtocol - Initializing ProtocolHandler ["http-nio-5000"]
2024-10-14 00:30:22 [main] INFO  o.a.catalina.core.StandardService - Starting service [Tomcat]
2024-10-14 00:30:22 [main] INFO  o.a.catalina.core.StandardEngine - Starting Servlet engine: [Apache Tomcat/10.1.30]
2024-10-14 00:30:22 [main] INFO  o.a.c.c.C.[Tomcat].[localhost].[/] - Initializing Spring embedded WebApplicationContext
2024-10-14 00:30:22 [main] INFO  o.s.b.w.s.c.ServletWebServerApplicationContext - Root WebApplicationContext: initialization completed in 3530 ms
2024-10-14 00:30:22 [main] INFO  com.zaxxer.hikari.HikariDataSource - HikariPool-1 - Starting...
2024-10-14 00:30:23 [main] INFO  com.zaxxer.hikari.pool.HikariPool - HikariPool-1 - Added connection conn0: url=jdbc:h2:mem:test user=SA
2024-10-14 00:30:23 [main] INFO  com.zaxxer.hikari.HikariDataSource - HikariPool-1 - Start completed.
2024-10-14 00:30:23 [main] INFO  o.s.b.a.h.H2ConsoleAutoConfiguration - H2 console available at '/h2-console'. Database available at 'jdbc:h2:mem:test'
2024-10-14 00:30:23 [main] INFO  o.h.jpa.internal.util.LogHelper - HHH000204: Processing PersistenceUnitInfo [name: default]
2024-10-14 00:30:23 [main] INFO  org.hibernate.Version - HHH000412: Hibernate ORM core version 6.5.3.Final
2024-10-14 00:30:23 [main] INFO  o.h.c.i.RegionFactoryInitiator - HHH000026: Second-level cache disabled
2024-10-14 00:30:24 [main] INFO  o.s.o.j.p.SpringPersistenceUnitInfo - No LoadTimeWeaver setup: ignoring JPA class transformer
2024-10-14 00:30:24 [main] WARN  org.hibernate.orm.deprecation - HHH90000025: H2Dialect does not need to be specified explicitly using 'hibernate.dialect' (remove the property setting and it will be selected by default)
2024-10-14 00:30:25 [main] INFO  o.h.e.t.j.p.i.JtaPlatformInitiator - HHH000489: No JTA platform available (set 'hibernate.transaction.jta.platform' to enable JTA platform integration)
2024-10-14 00:30:25 [main] INFO  o.s.o.j.LocalContainerEntityManagerFactoryBean - Initialized JPA EntityManagerFactory for persistence unit 'default'
2024-10-14 00:30:26 [main] INFO  o.s.s.c.a.a.c.InitializeUserDetailsBeanManagerConfigurer$InitializeUserDetailsManagerConfigurer - Global AuthenticationManager configured with UserDetailsService bean with name userLoginService
2024-10-14 00:30:27 [main] INFO  o.s.b.a.w.s.WelcomePageHandlerMapping - Adding welcome page template: index
2024-10-14 00:30:27 [main] INFO  o.s.b.a.e.web.EndpointLinksResolver - Exposing 15 endpoints beneath base path '/actuator'
2024-10-14 00:30:29 [main] INFO  o.a.coyote.http11.Http11NioProtocol - Starting ProtocolHandler ["http-nio-5000"]
2024-10-14 00:30:29 [main] INFO  o.s.b.w.e.tomcat.TomcatWebServer - Tomcat started on port 5000 (http) with context path '/'
2024-10-14 00:30:29 [main] INFO  g.la.webserver.WebserverApplication - Started WebserverApplication in 11.471 seconds (process running for 12.234)
2024-10-14 00:30:29 [scheduling-1] INFO  g.l.w.u.s.UserChangeLogScheduler - call clearChangeLog
2024-10-14 00:30:29 [scheduling-1] INFO  g.l.w.u.s.UserChangeLogScheduler - clear Logs completed!! true
2024-10-14 00:30:34 [registrationTask1] WARN  d.c.b.a.c.r.ApplicationRegistrator - Failed to register application as Application(name=spring-boot-application, managementUrl=http://172.20.10.7:5000/actuator, healthUrl=http://172.20.10.7:5000/actuator/health, serviceUrl=http://172.20.10.7:5000/) at spring-boot-admin ([http://localhost:8000/instances]): I/O error on POST request for "http://localhost:8000/instances": Connection refused. Further attempts are logged on DEBUG level
2024-10-14 00:30:45 [http-nio-5000-exec-1] INFO  o.a.c.c.C.[Tomcat].[localhost].[/] - Initializing Spring DispatcherServlet 'dispatcherServlet'
2024-10-14 00:30:45 [http-nio-5000-exec-1] INFO  o.s.web.servlet.DispatcherServlet - Initializing Servlet 'dispatcherServlet'
2024-10-14 00:30:45 [http-nio-5000-exec-1] INFO  o.s.web.servlet.DispatcherServlet - Completed initialization in 2 ms
2024-10-14 00:30:46 [http-nio-5000-exec-3] INFO  g.l.w.u.controllers.UserController - call getAllUsers
2024-10-14 00:30:46 [http-nio-5000-exec-4] INFO  g.l.w.u.c.UserChangeLogController - call getAllUsersChangelog
2024-10-14 00:31:00 [scheduling-1] INFO  g.l.w.u.s.UserChangeLogScheduler - call checkChangeLog
2024-10-14 00:31:00 [scheduling-1] INFO  g.l.w.u.s.UserChangeLogScheduler - check log completed!!
2024-10-14 00:31:29 [scheduling-1] INFO  g.l.w.u.s.UserChangeLogScheduler - call clearChangeLog
2024-10-14 00:31:29 [scheduling-1] INFO  g.l.w.u.s.UserChangeLogScheduler - clear Logs completed!! true
2024-10-14 00:31:58 [scheduling-1] INFO  g.l.w.u.s.UserChangeLogScheduler - call checkChangeLog
2024-10-14 00:31:58 [scheduling-1] INFO  g.l.w.u.s.UserChangeLogScheduler - check log completed!!
2024-10-14 00:32:22 [HikariPool-1 housekeeper] WARN  com.zaxxer.hikari.pool.HikariPool - HikariPool-1 - Retrograde clock change detected (housekeeper delta=28s700ms), soft-evicting connections from pool.
2024-10-14 00:32:28 [scheduling-1] INFO  g.l.w.u.s.UserChangeLogScheduler - call clearChangeLog
2024-10-14 00:32:28 [scheduling-1] INFO  g.l.w.u.s.UserChangeLogScheduler - clear Logs completed!! true
2024-10-14 00:32:37 [SpringApplicationShutdownHook] INFO  o.s.o.j.LocalContainerEntityManagerFactoryBean - Closing JPA EntityManagerFactory for persistence unit 'default'
2024-10-14 00:32:37 [SpringApplicationShutdownHook] INFO  com.zaxxer.hikari.HikariDataSource - HikariPool-1 - Shutdown initiated...
2024-10-14 00:32:37 [SpringApplicationShutdownHook] INFO  com.zaxxer.hikari.HikariDataSource - HikariPool-1 - Shutdown completed.
2024-10-14 00:32:41 [main] INFO  g.la.webserver.WebserverApplication - Starting WebserverApplication using Java 17.0.12 with PID 3505 (/Users/kmpc/webserver/build/classes/java/main started by kmpc in /Users/kmpc/webserver)
2024-10-14 00:32:41 [main] DEBUG g.la.webserver.WebserverApplication - Running with Spring Boot v3.3.4, Spring v6.1.13
2024-10-14 00:32:41 [main] INFO  g.la.webserver.WebserverApplication - No active profile set, falling back to 1 default profile: "default"
2024-10-14 00:32:43 [main] INFO  o.s.d.r.c.RepositoryConfigurationDelegate - Bootstrapping Spring Data JPA repositories in DEFAULT mode.
2024-10-14 00:32:44 [main] INFO  o.s.d.r.c.RepositoryConfigurationDelegate - Finished Spring Data repository scanning in 369 ms. Found 4 JPA repository interfaces.
2024-10-14 00:32:45 [main] INFO  o.s.b.w.e.tomcat.TomcatWebServer - Tomcat initialized with port 5000 (http)
2024-10-14 00:32:45 [main] INFO  o.a.coyote.http11.Http11NioProtocol - Initializing ProtocolHandler ["http-nio-5000"]
2024-10-14 00:32:45 [main] INFO  o.a.catalina.core.StandardService - Starting service [Tomcat]
2024-10-14 00:32:45 [main] INFO  o.a.catalina.core.StandardEngine - Starting Servlet engine: [Apache Tomcat/10.1.30]
2024-10-14 00:32:45 [main] INFO  o.a.c.c.C.[Tomcat].[localhost].[/] - Initializing Spring embedded WebApplicationContext
2024-10-14 00:32:45 [main] INFO  o.s.b.w.s.c.ServletWebServerApplicationContext - Root WebApplicationContext: initialization completed in 3699 ms
2024-10-14 00:32:45 [main] INFO  com.zaxxer.hikari.HikariDataSource - HikariPool-1 - Starting...
2024-10-14 00:32:46 [main] INFO  com.zaxxer.hikari.pool.HikariPool - HikariPool-1 - Added connection conn0: url=jdbc:h2:mem:test user=SA
2024-10-14 00:32:46 [main] INFO  com.zaxxer.hikari.HikariDataSource - HikariPool-1 - Start completed.
2024-10-14 00:32:46 [main] INFO  o.s.b.a.h.H2ConsoleAutoConfiguration - H2 console available at '/h2-console'. Database available at 'jdbc:h2:mem:test'
2024-10-14 00:32:46 [main] INFO  o.h.jpa.internal.util.LogHelper - HHH000204: Processing PersistenceUnitInfo [name: default]
2024-10-14 00:32:46 [main] INFO  org.hibernate.Version - HHH000412: Hibernate ORM core version 6.5.3.Final
2024-10-14 00:32:46 [main] INFO  o.h.c.i.RegionFactoryInitiator - HHH000026: Second-level cache disabled
2024-10-14 00:32:47 [main] INFO  o.s.o.j.p.SpringPersistenceUnitInfo - No LoadTimeWeaver setup: ignoring JPA class transformer
2024-10-14 00:32:47 [main] WARN  org.hibernate.orm.deprecation - HHH90000025: H2Dialect does not need to be specified explicitly using 'hibernate.dialect' (remove the property setting and it will be selected by default)
2024-10-14 00:32:48 [main] INFO  o.h.e.t.j.p.i.JtaPlatformInitiator - HHH000489: No JTA platform available (set 'hibernate.transaction.jta.platform' to enable JTA platform integration)
2024-10-14 00:32:48 [main] INFO  o.s.o.j.LocalContainerEntityManagerFactoryBean - Initialized JPA EntityManagerFactory for persistence unit 'default'
2024-10-14 00:32:50 [main] INFO  o.s.s.c.a.a.c.InitializeUserDetailsBeanManagerConfigurer$InitializeUserDetailsManagerConfigurer - Global AuthenticationManager configured with UserDetailsService bean with name userLoginService
2024-10-14 00:32:50 [main] INFO  o.s.b.a.w.s.WelcomePageHandlerMapping - Adding welcome page template: index
2024-10-14 00:32:50 [main] INFO  o.s.b.a.e.web.EndpointLinksResolver - Exposing 15 endpoints beneath base path '/actuator'
2024-10-14 00:32:52 [main] INFO  o.a.coyote.http11.Http11NioProtocol - Starting ProtocolHandler ["http-nio-5000"]
2024-10-14 00:32:52 [main] INFO  o.s.b.w.e.tomcat.TomcatWebServer - Tomcat started on port 5000 (http) with context path '/'
2024-10-14 00:32:52 [main] INFO  g.la.webserver.WebserverApplication - Started WebserverApplication in 11.524 seconds (process running for 12.352)
2024-10-14 00:32:52 [scheduling-1] INFO  g.l.w.u.s.UserChangeLogScheduler - call clearChangeLog
2024-10-14 00:32:52 [scheduling-1] INFO  g.l.w.u.s.UserChangeLogScheduler - clear Logs completed!! true
2024-10-14 00:32:56 [http-nio-5000-exec-1] INFO  o.a.c.c.C.[Tomcat].[localhost].[/] - Initializing Spring DispatcherServlet 'dispatcherServlet'
2024-10-14 00:32:56 [http-nio-5000-exec-1] INFO  o.s.web.servlet.DispatcherServlet - Initializing Servlet 'dispatcherServlet'
2024-10-14 00:32:56 [http-nio-5000-exec-1] INFO  o.s.web.servlet.DispatcherServlet - Completed initialization in 2 ms
2024-10-14 00:32:57 [http-nio-5000-exec-3] INFO  g.l.w.u.c.UserChangeLogController - call getAllUsersChangelog
2024-10-14 00:32:57 [http-nio-5000-exec-2] INFO  g.l.w.u.controllers.UserController - call getAllUsers
2024-10-14 00:32:57 [registrationTask1] WARN  d.c.b.a.c.r.ApplicationRegistrator - Failed to register application as Application(name=spring-boot-application, managementUrl=http://172.20.10.7:5000/actuator, healthUrl=http://172.20.10.7:5000/actuator/health, serviceUrl=http://172.20.10.7:5000/) at spring-boot-admin ([http://localhost:8000/instances]): I/O error on POST request for "http://localhost:8000/instances": Connection refused. Further attempts are logged on DEBUG level
2024-10-14 00:33:00 [scheduling-1] INFO  g.l.w.u.s.UserChangeLogScheduler - call checkChangeLog
2024-10-14 00:33:00 [scheduling-1] INFO  g.l.w.u.s.UserChangeLogScheduler - check log completed!!
2024-10-14 00:33:51 [http-nio-5000-exec-7] INFO  g.l.w.u.controllers.UserController - call getAllUsers
2024-10-14 00:33:51 [http-nio-5000-exec-8] INFO  g.l.w.u.c.UserChangeLogController - call getAllUsersChangelog
2024-10-14 00:33:52 [scheduling-1] INFO  g.l.w.u.s.UserChangeLogScheduler - call clearChangeLog
2024-10-14 00:33:52 [scheduling-1] INFO  g.l.w.u.s.UserChangeLogScheduler - clear Logs completed!! true
2024-10-14 00:34:00 [scheduling-1] INFO  g.l.w.u.s.UserChangeLogScheduler - call checkChangeLog
2024-10-14 00:34:00 [scheduling-1] INFO  g.l.w.u.s.UserChangeLogScheduler - check log completed!!
2024-10-14 00:34:52 [scheduling-1] INFO  g.l.w.u.s.UserChangeLogScheduler - call clearChangeLog
2024-10-14 00:34:52 [scheduling-1] INFO  g.l.w.u.s.UserChangeLogScheduler - clear Logs completed!! true
2024-10-14 00:34:59 [scheduling-1] INFO  g.l.w.u.s.UserChangeLogScheduler - call checkChangeLog
2024-10-14 00:35:00 [scheduling-1] INFO  g.l.w.u.s.UserChangeLogScheduler - check log completed!!
2024-10-14 00:35:52 [scheduling-1] INFO  g.l.w.u.s.UserChangeLogScheduler - call clearChangeLog
2024-10-14 00:35:52 [scheduling-1] INFO  g.l.w.u.s.UserChangeLogScheduler - clear Logs completed!! true
2024-10-14 00:35:59 [scheduling-1] INFO  g.l.w.u.s.UserChangeLogScheduler - call checkChangeLog
2024-10-14 00:36:00 [scheduling-1] INFO  g.l.w.u.s.UserChangeLogScheduler - check log completed!!
2024-10-14 00:36:36 [SpringApplicationShutdownHook] INFO  o.s.o.j.LocalContainerEntityManagerFactoryBean - Closing JPA EntityManagerFactory for persistence unit 'default'
2024-10-14 00:36:36 [SpringApplicationShutdownHook] INFO  com.zaxxer.hikari.HikariDataSource - HikariPool-1 - Shutdown initiated...
2024-10-14 00:36:36 [SpringApplicationShutdownHook] INFO  com.zaxxer.hikari.HikariDataSource - HikariPool-1 - Shutdown completed.
2024-10-14 00:36:42 [main] INFO  g.la.webserver.WebserverApplication - Starting WebserverApplication using Java 17.0.12 with PID 3523 (/Users/kmpc/webserver/build/classes/java/main started by kmpc in /Users/kmpc/webserver)
2024-10-14 00:36:42 [main] DEBUG g.la.webserver.WebserverApplication - Running with Spring Boot v3.3.4, Spring v6.1.13
2024-10-14 00:36:42 [main] INFO  g.la.webserver.WebserverApplication - No active profile set, falling back to 1 default profile: "default"
2024-10-14 00:36:44 [main] INFO  o.s.d.r.c.RepositoryConfigurationDelegate - Bootstrapping Spring Data JPA repositories in DEFAULT mode.
2024-10-14 00:36:44 [main] INFO  o.s.d.r.c.RepositoryConfigurationDelegate - Finished Spring Data repository scanning in 341 ms. Found 4 JPA repository interfaces.
2024-10-14 00:36:45 [main] INFO  o.s.b.w.e.tomcat.TomcatWebServer - Tomcat initialized with port 5000 (http)
2024-10-14 00:36:45 [main] INFO  o.a.coyote.http11.Http11NioProtocol - Initializing ProtocolHandler ["http-nio-5000"]
2024-10-14 00:36:45 [main] INFO  o.a.catalina.core.StandardService - Starting service [Tomcat]
2024-10-14 00:36:45 [main] INFO  o.a.catalina.core.StandardEngine - Starting Servlet engine: [Apache Tomcat/10.1.30]
2024-10-14 00:36:45 [main] INFO  o.a.c.c.C.[Tomcat].[localhost].[/] - Initializing Spring embedded WebApplicationContext
2024-10-14 00:36:45 [main] INFO  o.s.b.w.s.c.ServletWebServerApplicationContext - Root WebApplicationContext: initialization completed in 3485 ms
2024-10-14 00:36:46 [main] INFO  com.zaxxer.hikari.HikariDataSource - HikariPool-1 - Starting...
2024-10-14 00:36:46 [main] INFO  com.zaxxer.hikari.pool.HikariPool - HikariPool-1 - Added connection conn0: url=jdbc:h2:mem:test user=SA
2024-10-14 00:36:46 [main] INFO  com.zaxxer.hikari.HikariDataSource - HikariPool-1 - Start completed.
2024-10-14 00:36:46 [main] INFO  o.s.b.a.h.H2ConsoleAutoConfiguration - H2 console available at '/h2-console'. Database available at 'jdbc:h2:mem:test'
2024-10-14 00:36:46 [main] INFO  o.h.jpa.internal.util.LogHelper - HHH000204: Processing PersistenceUnitInfo [name: default]
2024-10-14 00:36:46 [main] INFO  org.hibernate.Version - HHH000412: Hibernate ORM core version 6.5.3.Final
2024-10-14 00:36:46 [main] INFO  o.h.c.i.RegionFactoryInitiator - HHH000026: Second-level cache disabled
2024-10-14 00:36:47 [main] INFO  o.s.o.j.p.SpringPersistenceUnitInfo - No LoadTimeWeaver setup: ignoring JPA class transformer
2024-10-14 00:36:47 [main] WARN  org.hibernate.orm.deprecation - HHH90000025: H2Dialect does not need to be specified explicitly using 'hibernate.dialect' (remove the property setting and it will be selected by default)
2024-10-14 00:36:49 [main] INFO  o.h.e.t.j.p.i.JtaPlatformInitiator - HHH000489: No JTA platform available (set 'hibernate.transaction.jta.platform' to enable JTA platform integration)
2024-10-14 00:36:49 [main] INFO  o.s.o.j.LocalContainerEntityManagerFactoryBean - Initialized JPA EntityManagerFactory for persistence unit 'default'
2024-10-14 00:36:51 [main] INFO  o.s.s.c.a.a.c.InitializeUserDetailsBeanManagerConfigurer$InitializeUserDetailsManagerConfigurer - Global AuthenticationManager configured with UserDetailsService bean with name userLoginService
2024-10-14 00:36:51 [main] INFO  o.s.b.a.w.s.WelcomePageHandlerMapping - Adding welcome page template: index
2024-10-14 00:36:52 [main] INFO  o.s.b.a.e.web.EndpointLinksResolver - Exposing 15 endpoints beneath base path '/actuator'
2024-10-14 00:36:55 [main] INFO  o.a.coyote.http11.Http11NioProtocol - Starting ProtocolHandler ["http-nio-5000"]
2024-10-14 00:36:55 [main] INFO  o.s.b.w.e.tomcat.TomcatWebServer - Tomcat started on port 5000 (http) with context path '/'
2024-10-14 00:36:55 [main] INFO  g.la.webserver.WebserverApplication - Started WebserverApplication in 14.041 seconds (process running for 14.855)
2024-10-14 00:36:55 [scheduling-1] INFO  g.l.w.u.s.UserChangeLogScheduler - call clearChangeLog
2024-10-14 00:36:55 [scheduling-1] INFO  g.l.w.u.s.UserChangeLogScheduler - clear Logs completed!! true
2024-10-14 00:36:55 [http-nio-5000-exec-1] INFO  o.a.c.c.C.[Tomcat].[localhost].[/] - Initializing Spring DispatcherServlet 'dispatcherServlet'
2024-10-14 00:36:55 [http-nio-5000-exec-1] INFO  o.s.web.servlet.DispatcherServlet - Initializing Servlet 'dispatcherServlet'
2024-10-14 00:36:55 [http-nio-5000-exec-1] INFO  o.s.web.servlet.DispatcherServlet - Completed initialization in 4 ms
2024-10-14 00:37:00 [scheduling-1] INFO  g.l.w.u.s.UserChangeLogScheduler - call checkChangeLog
2024-10-14 00:37:00 [scheduling-1] INFO  g.l.w.u.s.UserChangeLogScheduler - check log completed!!
2024-10-14 00:37:00 [registrationTask1] WARN  d.c.b.a.c.r.ApplicationRegistrator - Failed to register application as Application(name=spring-boot-application, managementUrl=http://172.20.10.7:5000/actuator, healthUrl=http://172.20.10.7:5000/actuator/health, serviceUrl=http://172.20.10.7:5000/) at spring-boot-admin ([http://localhost:8000/instances]): I/O error on POST request for "http://localhost:8000/instances": Connection refused. Further attempts are logged on DEBUG level
2024-10-14 00:37:03 [http-nio-5000-exec-6] INFO  g.l.w.u.controllers.UserController - call getAllUsers
2024-10-14 00:37:03 [http-nio-5000-exec-5] INFO  g.l.w.u.c.UserChangeLogController - call getAllUsersChangelog
2024-10-14 00:37:55 [scheduling-1] INFO  g.l.w.u.s.UserChangeLogScheduler - call clearChangeLog
2024-10-14 00:37:55 [scheduling-1] INFO  g.l.w.u.s.UserChangeLogScheduler - clear Logs completed!! true
2024-10-14 00:38:00 [scheduling-1] INFO  g.l.w.u.s.UserChangeLogScheduler - call checkChangeLog
2024-10-14 00:38:00 [scheduling-1] INFO  g.l.w.u.s.UserChangeLogScheduler - check log completed!!
2024-10-14 00:38:55 [scheduling-1] INFO  g.l.w.u.s.UserChangeLogScheduler - call clearChangeLog
2024-10-14 00:38:55 [scheduling-1] INFO  g.l.w.u.s.UserChangeLogScheduler - clear Logs completed!! true
2024-10-14 00:38:59 [scheduling-1] INFO  g.l.w.u.s.UserChangeLogScheduler - call checkChangeLog
2024-10-14 00:39:00 [scheduling-1] INFO  g.l.w.u.s.UserChangeLogScheduler - check log completed!!
2024-10-14 00:39:47 [SpringApplicationShutdownHook] INFO  o.s.o.j.LocalContainerEntityManagerFactoryBean - Closing JPA EntityManagerFactory for persistence unit 'default'
2024-10-14 00:39:47 [SpringApplicationShutdownHook] INFO  com.zaxxer.hikari.HikariDataSource - HikariPool-1 - Shutdown initiated...
2024-10-14 00:39:47 [SpringApplicationShutdownHook] INFO  com.zaxxer.hikari.HikariDataSource - HikariPool-1 - Shutdown completed.
2024-10-14 00:39:52 [main] INFO  g.la.webserver.WebserverApplication - Starting WebserverApplication using Java 17.0.12 with PID 3543 (/Users/kmpc/webserver/build/classes/java/main started by kmpc in /Users/kmpc/webserver)
2024-10-14 00:39:52 [main] DEBUG g.la.webserver.WebserverApplication - Running with Spring Boot v3.3.4, Spring v6.1.13
2024-10-14 00:39:52 [main] INFO  g.la.webserver.WebserverApplication - No active profile set, falling back to 1 default profile: "default"
2024-10-14 00:39:54 [main] INFO  o.s.d.r.c.RepositoryConfigurationDelegate - Bootstrapping Spring Data JPA repositories in DEFAULT mode.
2024-10-14 00:39:55 [main] INFO  o.s.d.r.c.RepositoryConfigurationDelegate - Finished Spring Data repository scanning in 726 ms. Found 4 JPA repository interfaces.
2024-10-14 00:39:57 [main] INFO  o.s.b.w.e.tomcat.TomcatWebServer - Tomcat initialized with port 5000 (http)
2024-10-14 00:39:57 [main] INFO  o.a.coyote.http11.Http11NioProtocol - Initializing ProtocolHandler ["http-nio-5000"]
2024-10-14 00:39:57 [main] INFO  o.a.catalina.core.StandardService - Starting service [Tomcat]
2024-10-14 00:39:57 [main] INFO  o.a.catalina.core.StandardEngine - Starting Servlet engine: [Apache Tomcat/10.1.30]
2024-10-14 00:39:57 [main] INFO  o.a.c.c.C.[Tomcat].[localhost].[/] - Initializing Spring embedded WebApplicationContext
2024-10-14 00:39:57 [main] INFO  o.s.b.w.s.c.ServletWebServerApplicationContext - Root WebApplicationContext: initialization completed in 4598 ms
2024-10-14 00:39:57 [main] INFO  com.zaxxer.hikari.HikariDataSource - HikariPool-1 - Starting...
2024-10-14 00:39:57 [main] INFO  com.zaxxer.hikari.pool.HikariPool - HikariPool-1 - Added connection conn0: url=jdbc:h2:mem:test user=SA
2024-10-14 00:39:57 [main] INFO  com.zaxxer.hikari.HikariDataSource - HikariPool-1 - Start completed.
2024-10-14 00:39:57 [main] INFO  o.s.b.a.h.H2ConsoleAutoConfiguration - H2 console available at '/h2-console'. Database available at 'jdbc:h2:mem:test'
2024-10-14 00:39:58 [main] INFO  o.h.jpa.internal.util.LogHelper - HHH000204: Processing PersistenceUnitInfo [name: default]
2024-10-14 00:39:58 [main] INFO  org.hibernate.Version - HHH000412: Hibernate ORM core version 6.5.3.Final
2024-10-14 00:39:58 [main] INFO  o.h.c.i.RegionFactoryInitiator - HHH000026: Second-level cache disabled
2024-10-14 00:39:58 [main] INFO  o.s.o.j.p.SpringPersistenceUnitInfo - No LoadTimeWeaver setup: ignoring JPA class transformer
2024-10-14 00:39:59 [main] WARN  org.hibernate.orm.deprecation - HHH90000025: H2Dialect does not need to be specified explicitly using 'hibernate.dialect' (remove the property setting and it will be selected by default)
2024-10-14 00:40:00 [main] INFO  o.h.e.t.j.p.i.JtaPlatformInitiator - HHH000489: No JTA platform available (set 'hibernate.transaction.jta.platform' to enable JTA platform integration)
2024-10-14 00:40:00 [main] INFO  o.s.o.j.LocalContainerEntityManagerFactoryBean - Initialized JPA EntityManagerFactory for persistence unit 'default'
2024-10-14 00:40:01 [main] INFO  o.s.s.c.a.a.c.InitializeUserDetailsBeanManagerConfigurer$InitializeUserDetailsManagerConfigurer - Global AuthenticationManager configured with UserDetailsService bean with name userLoginService
2024-10-14 00:40:01 [main] INFO  o.s.b.a.w.s.WelcomePageHandlerMapping - Adding welcome page template: index
2024-10-14 00:40:02 [main] INFO  o.s.b.a.e.web.EndpointLinksResolver - Exposing 15 endpoints beneath base path '/actuator'
2024-10-14 00:40:04 [main] INFO  o.a.coyote.http11.Http11NioProtocol - Starting ProtocolHandler ["http-nio-5000"]
2024-10-14 00:40:04 [main] INFO  o.s.b.w.e.tomcat.TomcatWebServer - Tomcat started on port 5000 (http) with context path '/'
2024-10-14 00:40:04 [main] INFO  g.la.webserver.WebserverApplication - Started WebserverApplication in 13.107 seconds (process running for 13.83)
2024-10-14 00:40:04 [scheduling-1] INFO  g.l.w.u.s.UserChangeLogScheduler - call clearChangeLog
2024-10-14 00:40:04 [scheduling-1] INFO  g.l.w.u.s.UserChangeLogScheduler - clear Logs completed!! true
2024-10-14 00:40:07 [http-nio-5000-exec-1] INFO  o.a.c.c.C.[Tomcat].[localhost].[/] - Initializing Spring DispatcherServlet 'dispatcherServlet'
2024-10-14 00:40:07 [http-nio-5000-exec-1] INFO  o.s.web.servlet.DispatcherServlet - Initializing Servlet 'dispatcherServlet'
2024-10-14 00:40:07 [http-nio-5000-exec-1] INFO  o.s.web.servlet.DispatcherServlet - Completed initialization in 2 ms
2024-10-14 00:40:09 [registrationTask1] WARN  d.c.b.a.c.r.ApplicationRegistrator - Failed to register application as Application(name=spring-boot-application, managementUrl=http://172.20.10.7:5000/actuator, healthUrl=http://172.20.10.7:5000/actuator/health, serviceUrl=http://172.20.10.7:5000/) at spring-boot-admin ([http://localhost:8000/instances]): I/O error on POST request for "http://localhost:8000/instances": Connection refused. Further attempts are logged on DEBUG level
2024-10-14 00:40:11 [http-nio-5000-exec-4] INFO  g.l.w.u.controllers.UserController - call getAllUsers
2024-10-14 00:40:11 [http-nio-5000-exec-5] INFO  g.l.w.u.c.UserChangeLogController - call getAllUsersChangelog
2024-10-14 00:40:21 [http-nio-5000-exec-8] INFO  g.l.w.u.c.UserChangeLogController - call getAllUsersChangelog
2024-10-14 00:40:21 [http-nio-5000-exec-7] INFO  g.l.w.u.controllers.UserController - call getAllUsers
2024-10-14 00:40:59 [scheduling-1] INFO  g.l.w.u.s.UserChangeLogScheduler - call checkChangeLog
2024-10-14 00:41:00 [scheduling-1] INFO  g.l.w.u.s.UserChangeLogScheduler - check log completed!!
2024-10-14 00:41:04 [scheduling-1] INFO  g.l.w.u.s.UserChangeLogScheduler - call clearChangeLog
2024-10-14 00:41:04 [scheduling-1] INFO  g.l.w.u.s.UserChangeLogScheduler - clear Logs completed!! true
2024-10-14 00:41:12 [http-nio-5000-exec-7] INFO  g.l.w.u.c.UserChangeLogController - call getAllUsersChangelog
2024-10-14 00:41:12 [http-nio-5000-exec-8] INFO  g.l.w.u.controllers.UserController - call getAllUsers
2024-10-14 00:42:00 [scheduling-1] INFO  g.l.w.u.s.UserChangeLogScheduler - call checkChangeLog
2024-10-14 00:42:00 [scheduling-1] INFO  g.l.w.u.s.UserChangeLogScheduler - check log completed!!
2024-10-14 00:42:04 [scheduling-1] INFO  g.l.w.u.s.UserChangeLogScheduler - call clearChangeLog
2024-10-14 00:42:04 [scheduling-1] INFO  g.l.w.u.s.UserChangeLogScheduler - clear Logs completed!! true
2024-10-14 00:43:00 [scheduling-1] INFO  g.l.w.u.s.UserChangeLogScheduler - call checkChangeLog
2024-10-14 00:43:00 [scheduling-1] INFO  g.l.w.u.s.UserChangeLogScheduler - check log completed!!
2024-10-14 00:43:04 [scheduling-1] INFO  g.l.w.u.s.UserChangeLogScheduler - call clearChangeLog
2024-10-14 00:43:04 [scheduling-1] INFO  g.l.w.u.s.UserChangeLogScheduler - clear Logs completed!! true
2024-10-14 00:44:00 [scheduling-1] INFO  g.l.w.u.s.UserChangeLogScheduler - call checkChangeLog
2024-10-14 00:44:00 [scheduling-1] INFO  g.l.w.u.s.UserChangeLogScheduler - check log completed!!
2024-10-14 00:44:04 [scheduling-1] INFO  g.l.w.u.s.UserChangeLogScheduler - call clearChangeLog
2024-10-14 00:44:04 [scheduling-1] INFO  g.l.w.u.s.UserChangeLogScheduler - clear Logs completed!! true
2024-10-14 00:44:37 [http-nio-5000-exec-3] WARN  o.s.w.s.m.s.DefaultHandlerExceptionResolver - Resolved [org.springframework.http.converter.HttpMessageNotReadableException: Required request body is missing: public reactor.core.publisher.Mono<gov.la.webserver.common.response.dto.ApiResponseDTO<java.lang.Object>> gov.la.webserver.films.controllers.FilmController.createFilm(gov.la.webserver.films.dto.FilmDTO)]
2024-10-14 00:45:00 [scheduling-1] INFO  g.l.w.u.s.UserChangeLogScheduler - call checkChangeLog
2024-10-14 00:45:00 [scheduling-1] INFO  g.l.w.u.s.UserChangeLogScheduler - check log completed!!
2024-10-14 00:45:04 [scheduling-1] INFO  g.l.w.u.s.UserChangeLogScheduler - call clearChangeLog
2024-10-14 00:45:04 [scheduling-1] INFO  g.l.w.u.s.UserChangeLogScheduler - clear Logs completed!! true
2024-10-14 00:46:00 [scheduling-1] INFO  g.l.w.u.s.UserChangeLogScheduler - call checkChangeLog
2024-10-14 00:46:00 [scheduling-1] INFO  g.l.w.u.s.UserChangeLogScheduler - check log completed!!
2024-10-14 00:46:04 [scheduling-1] INFO  g.l.w.u.s.UserChangeLogScheduler - call clearChangeLog
2024-10-14 00:46:04 [scheduling-1] INFO  g.l.w.u.s.UserChangeLogScheduler - clear Logs completed!! true
2024-10-14 00:47:01 [scheduling-1] INFO  g.l.w.u.s.UserChangeLogScheduler - call checkChangeLog
2024-10-14 00:47:01 [scheduling-1] INFO  g.l.w.u.s.UserChangeLogScheduler - check log completed!!
2024-10-14 00:47:05 [scheduling-1] INFO  g.l.w.u.s.UserChangeLogScheduler - call clearChangeLog
2024-10-14 00:47:05 [scheduling-1] INFO  g.l.w.u.s.UserChangeLogScheduler - clear Logs completed!! true
2024-10-14 00:47:25 [http-nio-5000-exec-4] WARN  o.s.w.s.m.s.DefaultHandlerExceptionResolver - Resolved [org.springframework.web.HttpMediaTypeNotSupportedException: Content-Type 'text/plain;charset=UTF-8' is not supported]
2024-10-14 00:48:00 [scheduling-1] INFO  g.l.w.u.s.UserChangeLogScheduler - call checkChangeLog
2024-10-14 00:48:00 [scheduling-1] INFO  g.l.w.u.s.UserChangeLogScheduler - check log completed!!
2024-10-14 00:48:05 [scheduling-1] INFO  g.l.w.u.s.UserChangeLogScheduler - call clearChangeLog
2024-10-14 00:48:05 [scheduling-1] INFO  g.l.w.u.s.UserChangeLogScheduler - clear Logs completed!! true
2024-10-14 00:48:06 [http-nio-5000-exec-7] WARN  o.s.w.s.m.s.DefaultHandlerExceptionResolver - Resolved [org.springframework.web.HttpMediaTypeNotSupportedException: Content-Type 'text/plain;charset=UTF-8' is not supported]
2024-10-14 00:48:27 [http-nio-5000-exec-9] WARN  o.s.w.s.m.s.DefaultHandlerExceptionResolver - Resolved [org.springframework.web.HttpMediaTypeNotSupportedException: Content-Type 'text/plain;charset=UTF-8' is not supported]
2024-10-14 00:48:47 [http-nio-5000-exec-8] WARN  o.s.w.s.m.s.DefaultHandlerExceptionResolver - Resolved [org.springframework.web.HttpMediaTypeNotSupportedException: Content-Type 'text/plain;charset=UTF-8' is not supported]
2024-10-14 00:49:00 [scheduling-1] INFO  g.l.w.u.s.UserChangeLogScheduler - call checkChangeLog
2024-10-14 00:49:00 [scheduling-1] INFO  g.l.w.u.s.UserChangeLogScheduler - check log completed!!
2024-10-14 00:49:05 [scheduling-1] INFO  g.l.w.u.s.UserChangeLogScheduler - call clearChangeLog
2024-10-14 00:49:05 [scheduling-1] INFO  g.l.w.u.s.UserChangeLogScheduler - clear Logs completed!! true
2024-10-14 00:49:05 [http-nio-5000-exec-10] WARN  o.s.w.s.m.s.DefaultHandlerExceptionResolver - Resolved [org.springframework.web.HttpMediaTypeNotSupportedException: Content-Type 'text/plain;charset=UTF-8' is not supported]
2024-10-14 00:50:00 [scheduling-1] INFO  g.l.w.u.s.UserChangeLogScheduler - call checkChangeLog
2024-10-14 00:50:00 [scheduling-1] INFO  g.l.w.u.s.UserChangeLogScheduler - check log completed!!
2024-10-14 00:50:05 [scheduling-1] INFO  g.l.w.u.s.UserChangeLogScheduler - call clearChangeLog
2024-10-14 00:50:05 [scheduling-1] INFO  g.l.w.u.s.UserChangeLogScheduler - clear Logs completed!! true
2024-10-14 00:50:31 [http-nio-5000-exec-5] WARN  o.s.w.s.m.s.DefaultHandlerExceptionResolver - Resolved [org.springframework.web.HttpMediaTypeNotSupportedException: Content-Type 'text/plain;charset=UTF-8' is not supported]
2024-10-14 00:50:49 [http-nio-5000-exec-3] WARN  o.s.w.s.m.s.DefaultHandlerExceptionResolver - Resolved [org.springframework.web.HttpMediaTypeNotSupportedException: Content-Type 'text/plain;charset=UTF-8' is not supported]
2024-10-14 00:51:00 [scheduling-1] INFO  g.l.w.u.s.UserChangeLogScheduler - call checkChangeLog
2024-10-14 00:51:00 [scheduling-1] INFO  g.l.w.u.s.UserChangeLogScheduler - check log completed!!
2024-10-14 00:51:05 [scheduling-1] INFO  g.l.w.u.s.UserChangeLogScheduler - call clearChangeLog
2024-10-14 00:51:05 [scheduling-1] INFO  g.l.w.u.s.UserChangeLogScheduler - clear Logs completed!! true
2024-10-14 00:52:00 [scheduling-1] INFO  g.l.w.u.s.UserChangeLogScheduler - call checkChangeLog
2024-10-14 00:52:00 [scheduling-1] INFO  g.l.w.u.s.UserChangeLogScheduler - check log completed!!
2024-10-14 00:52:05 [scheduling-1] INFO  g.l.w.u.s.UserChangeLogScheduler - call clearChangeLog
2024-10-14 00:52:05 [scheduling-1] INFO  g.l.w.u.s.UserChangeLogScheduler - clear Logs completed!! true
2024-10-14 00:53:00 [scheduling-1] INFO  g.l.w.u.s.UserChangeLogScheduler - call checkChangeLog
2024-10-14 00:53:00 [scheduling-1] INFO  g.l.w.u.s.UserChangeLogScheduler - check log completed!!
2024-10-14 00:53:05 [scheduling-1] INFO  g.l.w.u.s.UserChangeLogScheduler - call clearChangeLog
2024-10-14 00:53:05 [scheduling-1] INFO  g.l.w.u.s.UserChangeLogScheduler - clear Logs completed!! true
2024-10-14 00:54:00 [scheduling-1] INFO  g.l.w.u.s.UserChangeLogScheduler - call checkChangeLog
2024-10-14 00:54:00 [scheduling-1] INFO  g.l.w.u.s.UserChangeLogScheduler - check log completed!!
2024-10-14 00:54:05 [scheduling-1] INFO  g.l.w.u.s.UserChangeLogScheduler - call clearChangeLog
2024-10-14 00:54:05 [scheduling-1] INFO  g.l.w.u.s.UserChangeLogScheduler - clear Logs completed!! true
2024-10-14 00:55:00 [scheduling-1] INFO  g.l.w.u.s.UserChangeLogScheduler - call checkChangeLog
2024-10-14 00:55:00 [scheduling-1] INFO  g.l.w.u.s.UserChangeLogScheduler - check log completed!!
2024-10-14 00:55:05 [scheduling-1] INFO  g.l.w.u.s.UserChangeLogScheduler - call clearChangeLog
2024-10-14 00:55:05 [scheduling-1] INFO  g.l.w.u.s.UserChangeLogScheduler - clear Logs completed!! true
2024-10-14 00:56:00 [scheduling-1] INFO  g.l.w.u.s.UserChangeLogScheduler - call checkChangeLog
2024-10-14 00:56:00 [scheduling-1] INFO  g.l.w.u.s.UserChangeLogScheduler - check log completed!!
2024-10-14 00:56:05 [scheduling-1] INFO  g.l.w.u.s.UserChangeLogScheduler - call clearChangeLog
2024-10-14 00:56:05 [scheduling-1] INFO  g.l.w.u.s.UserChangeLogScheduler - clear Logs completed!! true
2024-10-14 00:56:50 [http-nio-5000-exec-9] INFO  o.s.api.AbstractOpenApiResource - Init duration for springdoc-openapi is: 663 ms
2024-10-14 00:57:00 [scheduling-1] INFO  g.l.w.u.s.UserChangeLogScheduler - call checkChangeLog
2024-10-14 00:57:00 [scheduling-1] INFO  g.l.w.u.s.UserChangeLogScheduler - check log completed!!
2024-10-14 00:57:05 [scheduling-1] INFO  g.l.w.u.s.UserChangeLogScheduler - call clearChangeLog
2024-10-14 00:57:05 [scheduling-1] INFO  g.l.w.u.s.UserChangeLogScheduler - clear Logs completed!! true
2024-10-14 00:58:00 [scheduling-1] INFO  g.l.w.u.s.UserChangeLogScheduler - call checkChangeLog
2024-10-14 00:58:00 [scheduling-1] INFO  g.l.w.u.s.UserChangeLogScheduler - check log completed!!
2024-10-14 00:58:05 [scheduling-1] INFO  g.l.w.u.s.UserChangeLogScheduler - call clearChangeLog
2024-10-14 00:58:05 [scheduling-1] INFO  g.l.w.u.s.UserChangeLogScheduler - clear Logs completed!! true
2024-10-14 00:59:00 [scheduling-1] INFO  g.l.w.u.s.UserChangeLogScheduler - call checkChangeLog
2024-10-14 00:59:00 [scheduling-1] INFO  g.l.w.u.s.UserChangeLogScheduler - check log completed!!
2024-10-14 00:59:05 [scheduling-1] INFO  g.l.w.u.s.UserChangeLogScheduler - call clearChangeLog
2024-10-14 00:59:05 [scheduling-1] INFO  g.l.w.u.s.UserChangeLogScheduler - clear Logs completed!! true
2024-10-14 01:00:00 [scheduling-1] INFO  g.l.w.u.s.UserChangeLogScheduler - call checkChangeLog
2024-10-14 01:00:00 [scheduling-1] INFO  g.l.w.u.s.UserChangeLogScheduler - check log completed!!
2024-10-14 01:00:05 [scheduling-1] INFO  g.l.w.u.s.UserChangeLogScheduler - call clearChangeLog
2024-10-14 01:00:05 [scheduling-1] INFO  g.l.w.u.s.UserChangeLogScheduler - clear Logs completed!! true
2024-10-14 01:00:31 [http-nio-5000-exec-4] INFO  g.l.w.u.controllers.UserController - call getAllUsers
2024-10-14 01:00:31 [http-nio-5000-exec-7] INFO  g.l.w.u.c.UserChangeLogController - call getAllUsersChangelog
2024-10-14 01:01:00 [scheduling-1] INFO  g.l.w.u.s.UserChangeLogScheduler - call checkChangeLog
2024-10-14 01:01:00 [scheduling-1] INFO  g.l.w.u.s.UserChangeLogScheduler - check log completed!!
2024-10-14 01:01:05 [scheduling-1] INFO  g.l.w.u.s.UserChangeLogScheduler - call clearChangeLog
2024-10-14 01:01:05 [scheduling-1] INFO  g.l.w.u.s.UserChangeLogScheduler - clear Logs completed!! true
2024-10-14 01:01:36 [http-nio-5000-exec-9] INFO  g.l.w.u.c.UserChangeLogController - call getAllUsersChangelog
2024-10-14 01:02:00 [http-nio-5000-exec-3] INFO  g.l.w.u.controllers.UserController - call getAllUsers
2024-10-14 01:02:00 [scheduling-1] INFO  g.l.w.u.s.UserChangeLogScheduler - call checkChangeLog
2024-10-14 01:02:00 [scheduling-1] INFO  g.l.w.u.s.UserChangeLogScheduler - check log completed!!
2024-10-14 01:02:05 [scheduling-1] INFO  g.l.w.u.s.UserChangeLogScheduler - call clearChangeLog
2024-10-14 01:02:05 [scheduling-1] INFO  g.l.w.u.s.UserChangeLogScheduler - clear Logs completed!! true
2024-10-14 01:03:00 [scheduling-1] INFO  g.l.w.u.s.UserChangeLogScheduler - call checkChangeLog
2024-10-14 01:03:00 [scheduling-1] INFO  g.l.w.u.s.UserChangeLogScheduler - check log completed!!
2024-10-14 01:03:05 [scheduling-1] INFO  g.l.w.u.s.UserChangeLogScheduler - call clearChangeLog
2024-10-14 01:03:05 [scheduling-1] INFO  g.l.w.u.s.UserChangeLogScheduler - clear Logs completed!! true
2024-10-14 01:04:00 [scheduling-1] INFO  g.l.w.u.s.UserChangeLogScheduler - call checkChangeLog
2024-10-14 01:04:00 [scheduling-1] INFO  g.l.w.u.s.UserChangeLogScheduler - check log completed!!
2024-10-14 01:04:05 [scheduling-1] INFO  g.l.w.u.s.UserChangeLogScheduler - call clearChangeLog
2024-10-14 01:04:05 [scheduling-1] INFO  g.l.w.u.s.UserChangeLogScheduler - clear Logs completed!! true
2024-10-14 01:04:23 [http-nio-5000-exec-4] WARN  o.h.e.jdbc.spi.SqlExceptionHelper - SQL Error: 23503, SQLState: 23503
2024-10-14 01:04:23 [http-nio-5000-exec-4] ERROR o.h.e.jdbc.spi.SqlExceptionHelper - Referential integrity constraint violation: "FKL5IUNAQ5YBFBRCQ6CVQOK6PVD: PUBLIC.REVIEW FOREIGN KEY(FILM_ID) REFERENCES PUBLIC.FILMS_FILM(ID) (CAST(5 AS BIGINT))"; SQL statement:
delete from films_film where id=? [23503-224]
2024-10-14 01:04:23 [http-nio-5000-exec-4] ERROR o.a.c.c.C.[.[.[.[dispatcherServlet] - Servlet.service() for servlet [dispatcherServlet] in context with path [] threw exception [Request processing failed: org.springframework.dao.DataIntegrityViolationException: could not execute statement [Referential integrity constraint violation: "FKL5IUNAQ5YBFBRCQ6CVQOK6PVD: PUBLIC.REVIEW FOREIGN KEY(FILM_ID) REFERENCES PUBLIC.FILMS_FILM(ID) (CAST(5 AS BIGINT))"; SQL statement:
delete from films_film where id=? [23503-224]] [delete from films_film where id=?]; SQL [delete from films_film where id=?]; constraint [FKL5IUNAQ5YBFBRCQ6CVQOK6PVD: PUBLIC.REVIEW FOREIGN KEY(FILM_ID) REFERENCES PUBLIC.FILMS_FILM(ID) (CAST(5 AS BIGINT)); SQL statement:
delete from films_film where id=? [23503-224]]] with root cause
org.h2.jdbc.JdbcSQLIntegrityConstraintViolationException: Referential integrity constraint violation: "FKL5IUNAQ5YBFBRCQ6CVQOK6PVD: PUBLIC.REVIEW FOREIGN KEY(FILM_ID) REFERENCES PUBLIC.FILMS_FILM(ID) (CAST(5 AS BIGINT))"; SQL statement:
delete from films_film where id=? [23503-224]
	at org.h2.message.DbException.getJdbcSQLException(DbException.java:520)
	at org.h2.message.DbException.getJdbcSQLException(DbException.java:489)
	at org.h2.message.DbException.get(DbException.java:223)
	at org.h2.message.DbException.get(DbException.java:199)
	at org.h2.constraint.ConstraintReferential.checkRow(ConstraintReferential.java:365)
	at org.h2.constraint.ConstraintReferential.checkRowRefTable(ConstraintReferential.java:382)
	at org.h2.constraint.ConstraintReferential.checkRow(ConstraintReferential.java:256)
	at org.h2.table.Table.fireConstraints(Table.java:1200)
	at org.h2.table.Table.fireAfterRow(Table.java:1218)
	at org.h2.command.dml.Delete.update(Delete.java:92)
	at org.h2.command.dml.DataChangeStatement.update(DataChangeStatement.java:74)
	at org.h2.command.CommandContainer.update(CommandContainer.java:169)
	at org.h2.command.Command.executeUpdate(Command.java:256)
	at org.h2.jdbc.JdbcPreparedStatement.executeUpdateInternal(JdbcPreparedStatement.java:216)
	at org.h2.jdbc.JdbcPreparedStatement.executeUpdate(JdbcPreparedStatement.java:174)
	at com.zaxxer.hikari.pool.ProxyPreparedStatement.executeUpdate(ProxyPreparedStatement.java:61)
	at com.zaxxer.hikari.pool.HikariProxyPreparedStatement.executeUpdate(HikariProxyPreparedStatement.java)
	at org.hibernate.engine.jdbc.internal.ResultSetReturnImpl.executeUpdate(ResultSetReturnImpl.java:194)
	at org.hibernate.engine.jdbc.mutation.internal.AbstractMutationExecutor.performNonBatchedMutation(AbstractMutationExecutor.java:134)
	at org.hibernate.engine.jdbc.mutation.internal.MutationExecutorSingleNonBatched.performNonBatchedOperations(MutationExecutorSingleNonBatched.java:55)
	at org.hibernate.engine.jdbc.mutation.internal.AbstractMutationExecutor.execute(AbstractMutationExecutor.java:55)
	at org.hibernate.persister.entity.mutation.AbstractDeleteCoordinator.doStaticDelete(AbstractDeleteCoordinator.java:279)
	at org.hibernate.persister.entity.mutation.AbstractDeleteCoordinator.delete(AbstractDeleteCoordinator.java:87)
	at org.hibernate.action.internal.EntityDeleteAction.execute(EntityDeleteAction.java:131)
	at org.hibernate.engine.spi.ActionQueue.executeActions(ActionQueue.java:633)
	at org.hibernate.engine.spi.ActionQueue.executeActions(ActionQueue.java:500)
	at org.hibernate.event.internal.AbstractFlushingEventListener.performExecutions(AbstractFlushingEventListener.java:385)
	at org.hibernate.event.internal.DefaultFlushEventListener.onFlush(DefaultFlushEventListener.java:41)
	at org.hibernate.event.service.internal.EventListenerGroupImpl.fireEventOnEachListener(EventListenerGroupImpl.java:127)
	at org.hibernate.internal.SessionImpl.doFlush(SessionImpl.java:1425)
	at org.hibernate.internal.SessionImpl.managedFlush(SessionImpl.java:487)
	at org.hibernate.internal.SessionImpl.flushBeforeTransactionCompletion(SessionImpl.java:2324)
	at org.hibernate.internal.SessionImpl.beforeTransactionCompletion(SessionImpl.java:1981)
	at org.hibernate.engine.jdbc.internal.JdbcCoordinatorImpl.beforeTransactionCompletion(JdbcCoordinatorImpl.java:439)
	at org.hibernate.resource.transaction.backend.jdbc.internal.JdbcResourceLocalTransactionCoordinatorImpl.beforeCompletionCallback(JdbcResourceLocalTransactionCoordinatorImpl.java:169)
	at org.hibernate.resource.transaction.backend.jdbc.internal.JdbcResourceLocalTransactionCoordinatorImpl$TransactionDriverControlImpl.commit(JdbcResourceLocalTransactionCoordinatorImpl.java:267)
	at org.hibernate.engine.transaction.internal.TransactionImpl.commit(TransactionImpl.java:101)
	at org.springframework.orm.jpa.JpaTransactionManager.doCommit(JpaTransactionManager.java:562)
	at org.springframework.transaction.support.AbstractPlatformTransactionManager.processCommit(AbstractPlatformTransactionManager.java:795)
	at org.springframework.transaction.support.AbstractPlatformTransactionManager.commit(AbstractPlatformTransactionManager.java:758)
	at org.springframework.transaction.interceptor.TransactionAspectSupport.commitTransactionAfterReturning(TransactionAspectSupport.java:663)
	at org.springframework.transaction.interceptor.TransactionAspectSupport.invokeWithinTransaction(TransactionAspectSupport.java:413)
	at org.springframework.transaction.interceptor.TransactionInterceptor.invoke(TransactionInterceptor.java:119)
	at org.springframework.aop.framework.ReflectiveMethodInvocation.proceed(ReflectiveMethodInvocation.java:184)
	at org.springframework.dao.support.PersistenceExceptionTranslationInterceptor.invoke(PersistenceExceptionTranslationInterceptor.java:138)
	at org.springframework.aop.framework.ReflectiveMethodInvocation.proceed(ReflectiveMethodInvocation.java:184)
	at org.springframework.data.jpa.repository.support.CrudMethodMetadataPostProcessor$CrudMethodMetadataPopulatingMethodInterceptor.invoke(CrudMethodMetadataPostProcessor.java:165)
	at org.springframework.aop.framework.ReflectiveMethodInvocation.proceed(ReflectiveMethodInvocation.java:184)
	at org.springframework.aop.interceptor.ExposeInvocationInterceptor.invoke(ExposeInvocationInterceptor.java:97)
	at org.springframework.aop.framework.ReflectiveMethodInvocation.proceed(ReflectiveMethodInvocation.java:184)
	at org.springframework.aop.framework.JdkDynamicAopProxy.invoke(JdkDynamicAopProxy.java:223)
	at jdk.proxy2/jdk.proxy2.$Proxy161.deleteById(Unknown Source)
	at gov.la.webserver.films.service.impl.FilmServiceImpl.deleteFilm(FilmServiceImpl.java:65)
	at gov.la.webserver.films.controllers.FilmController.deleteFilm(FilmController.java:49)
	at java.base/jdk.internal.reflect.NativeMethodAccessorImpl.invoke0(Native Method)
	at java.base/jdk.internal.reflect.NativeMethodAccessorImpl.invoke(NativeMethodAccessorImpl.java:77)
	at java.base/jdk.internal.reflect.DelegatingMethodAccessorImpl.invoke(DelegatingMethodAccessorImpl.java:43)
	at java.base/java.lang.reflect.Method.invoke(Method.java:568)
	at org.springframework.aop.support.AopUtils.invokeJoinpointUsingReflection(AopUtils.java:355)
	at org.springframework.aop.framework.ReflectiveMethodInvocation.invokeJoinpoint(ReflectiveMethodInvocation.java:196)
	at org.springframework.aop.framework.ReflectiveMethodInvocation.proceed(ReflectiveMethodInvocation.java:163)
	at org.springframework.aop.framework.CglibAopProxy$CglibMethodInvocation.proceed(CglibAopProxy.java:768)
	at org.springframework.security.authorization.method.AuthorizationManagerBeforeMethodInterceptor.proceed(AuthorizationManagerBeforeMethodInterceptor.java:269)
	at org.springframework.security.authorization.method.AuthorizationManagerBeforeMethodInterceptor.attemptAuthorization(AuthorizationManagerBeforeMethodInterceptor.java:264)
	at org.springframework.security.authorization.method.AuthorizationManagerBeforeMethodInterceptor.invoke(AuthorizationManagerBeforeMethodInterceptor.java:197)
	at org.springframework.security.config.annotation.method.configuration.DeferringMethodInterceptor.invoke(DeferringMethodInterceptor.java:44)
	at org.springframework.aop.framework.ReflectiveMethodInvocation.proceed(ReflectiveMethodInvocation.java:184)
	at org.springframework.aop.framework.CglibAopProxy$CglibMethodInvocation.proceed(CglibAopProxy.java:768)
	at org.springframework.aop.framework.CglibAopProxy$DynamicAdvisedInterceptor.intercept(CglibAopProxy.java:720)
	at gov.la.webserver.films.controllers.FilmController$$SpringCGLIB$$0.deleteFilm(<generated>)
	at java.base/jdk.internal.reflect.NativeMethodAccessorImpl.invoke0(Native Method)
	at java.base/jdk.internal.reflect.NativeMethodAccessorImpl.invoke(NativeMethodAccessorImpl.java:77)
	at java.base/jdk.internal.reflect.DelegatingMethodAccessorImpl.invoke(DelegatingMethodAccessorImpl.java:43)
	at java.base/java.lang.reflect.Method.invoke(Method.java:568)
	at org.springframework.web.method.support.InvocableHandlerMethod.doInvoke(InvocableHandlerMethod.java:255)
	at org.springframework.web.method.support.InvocableHandlerMethod.invokeForRequest(InvocableHandlerMethod.java:188)
	at org.springframework.web.servlet.mvc.method.annotation.ServletInvocableHandlerMethod.invokeAndHandle(ServletInvocableHandlerMethod.java:118)
	at org.springframework.web.servlet.mvc.method.annotation.RequestMappingHandlerAdapter.invokeHandlerMethod(RequestMappingHandlerAdapter.java:926)
	at org.springframework.web.servlet.mvc.method.annotation.RequestMappingHandlerAdapter.handleInternal(RequestMappingHandlerAdapter.java:831)
	at org.springframework.web.servlet.mvc.method.AbstractHandlerMethodAdapter.handle(AbstractHandlerMethodAdapter.java:87)
	at org.springframework.web.servlet.DispatcherServlet.doDispatch(DispatcherServlet.java:1089)
	at org.springframework.web.servlet.DispatcherServlet.doService(DispatcherServlet.java:979)
	at org.springframework.web.servlet.FrameworkServlet.processRequest(FrameworkServlet.java:1014)
	at org.springframework.web.servlet.FrameworkServlet.doDelete(FrameworkServlet.java:936)
	at jakarta.servlet.http.HttpServlet.service(HttpServlet.java:596)
	at org.springframework.web.servlet.FrameworkServlet.service(FrameworkServlet.java:885)
	at jakarta.servlet.http.HttpServlet.service(HttpServlet.java:658)
	at org.apache.catalina.core.ApplicationFilterChain.internalDoFilter(ApplicationFilterChain.java:195)
	at org.apache.catalina.core.ApplicationFilterChain.doFilter(ApplicationFilterChain.java:140)
	at org.apache.tomcat.websocket.server.WsFilter.doFilter(WsFilter.java:51)
	at org.apache.catalina.core.ApplicationFilterChain.internalDoFilter(ApplicationFilterChain.java:164)
	at org.apache.catalina.core.ApplicationFilterChain.doFilter(ApplicationFilterChain.java:140)
	at org.springframework.web.filter.CompositeFilter$VirtualFilterChain.doFilter(CompositeFilter.java:108)
	at org.springframework.security.web.FilterChainProxy.lambda$doFilterInternal$3(FilterChainProxy.java:231)
	at org.springframework.security.web.ObservationFilterChainDecorator$FilterObservation$SimpleFilterObservation.lambda$wrap$1(ObservationFilterChainDecorator.java:479)
	at org.springframework.security.web.ObservationFilterChainDecorator$AroundFilterObservation$SimpleAroundFilterObservation.lambda$wrap$1(ObservationFilterChainDecorator.java:340)
	at org.springframework.security.web.ObservationFilterChainDecorator.lambda$wrapSecured$0(ObservationFilterChainDecorator.java:82)
	at org.springframework.security.web.ObservationFilterChainDecorator$VirtualFilterChain.doFilter(ObservationFilterChainDecorator.java:128)
	at org.springframework.security.web.access.intercept.AuthorizationFilter.doFilter(AuthorizationFilter.java:100)
	at org.springframework.security.web.ObservationFilterChainDecorator$ObservationFilter.wrapFilter(ObservationFilterChainDecorator.java:240)
	at org.springframework.security.web.ObservationFilterChainDecorator$ObservationFilter.doFilter(ObservationFilterChainDecorator.java:227)
	at org.springframework.security.web.ObservationFilterChainDecorator$VirtualFilterChain.doFilter(ObservationFilterChainDecorator.java:137)
	at org.springframework.security.web.access.ExceptionTranslationFilter.doFilter(ExceptionTranslationFilter.java:126)
	at org.springframework.security.web.access.ExceptionTranslationFilter.doFilter(ExceptionTranslationFilter.java:120)
	at org.springframework.security.web.ObservationFilterChainDecorator$ObservationFilter.wrapFilter(ObservationFilterChainDecorator.java:240)
	at org.springframework.security.web.ObservationFilterChainDecorator$ObservationFilter.doFilter(ObservationFilterChainDecorator.java:227)
	at org.springframework.security.web.ObservationFilterChainDecorator$VirtualFilterChain.doFilter(ObservationFilterChainDecorator.java:137)
	at org.springframework.security.web.authentication.AnonymousAuthenticationFilter.doFilter(AnonymousAuthenticationFilter.java:100)
	at org.springframework.security.web.ObservationFilterChainDecorator$ObservationFilter.wrapFilter(ObservationFilterChainDecorator.java:240)
	at org.springframework.security.web.ObservationFilterChainDecorator$ObservationFilter.doFilter(ObservationFilterChainDecorator.java:227)
	at org.springframework.security.web.ObservationFilterChainDecorator$VirtualFilterChain.doFilter(ObservationFilterChainDecorator.java:137)
	at org.springframework.security.web.servletapi.SecurityContextHolderAwareRequestFilter.doFilter(SecurityContextHolderAwareRequestFilter.java:179)
	at org.springframework.security.web.ObservationFilterChainDecorator$ObservationFilter.wrapFilter(ObservationFilterChainDecorator.java:240)
	at org.springframework.security.web.ObservationFilterChainDecorator$ObservationFilter.doFilter(ObservationFilterChainDecorator.java:227)
	at org.springframework.security.web.ObservationFilterChainDecorator$VirtualFilterChain.doFilter(ObservationFilterChainDecorator.java:137)
	at org.springframework.security.web.savedrequest.RequestCacheAwareFilter.doFilter(RequestCacheAwareFilter.java:63)
	at org.springframework.security.web.ObservationFilterChainDecorator$ObservationFilter.wrapFilter(ObservationFilterChainDecorator.java:240)
	at org.springframework.security.web.ObservationFilterChainDecorator$ObservationFilter.doFilter(ObservationFilterChainDecorator.java:227)
	at org.springframework.security.web.ObservationFilterChainDecorator$VirtualFilterChain.doFilter(ObservationFilterChainDecorator.java:137)
	at org.springframework.security.web.authentication.www.BasicAuthenticationFilter.doFilterInternal(BasicAuthenticationFilter.java:181)
	at org.springframework.web.filter.OncePerRequestFilter.doFilter(OncePerRequestFilter.java:116)
	at org.springframework.security.web.ObservationFilterChainDecorator$ObservationFilter.wrapFilter(ObservationFilterChainDecorator.java:240)
	at org.springframework.security.web.ObservationFilterChainDecorator$ObservationFilter.doFilter(ObservationFilterChainDecorator.java:227)
	at org.springframework.security.web.ObservationFilterChainDecorator$VirtualFilterChain.doFilter(ObservationFilterChainDecorator.java:137)
	at org.springframework.security.web.authentication.ui.DefaultLogoutPageGeneratingFilter.doFilterInternal(DefaultLogoutPageGeneratingFilter.java:58)
	at org.springframework.web.filter.OncePerRequestFilter.doFilter(OncePerRequestFilter.java:116)
	at org.springframework.security.web.ObservationFilterChainDecorator$ObservationFilter.wrapFilter(ObservationFilterChainDecorator.java:240)
	at org.springframework.security.web.ObservationFilterChainDecorator$ObservationFilter.doFilter(ObservationFilterChainDecorator.java:227)
	at org.springframework.security.web.ObservationFilterChainDecorator$VirtualFilterChain.doFilter(ObservationFilterChainDecorator.java:137)
	at org.springframework.security.web.authentication.ui.DefaultLoginPageGeneratingFilter.doFilter(DefaultLoginPageGeneratingFilter.java:189)
	at org.springframework.security.web.authentication.ui.DefaultLoginPageGeneratingFilter.doFilter(DefaultLoginPageGeneratingFilter.java:175)
	at org.springframework.security.web.ObservationFilterChainDecorator$ObservationFilter.wrapFilter(ObservationFilterChainDecorator.java:240)
	at org.springframework.security.web.ObservationFilterChainDecorator$ObservationFilter.doFilter(ObservationFilterChainDecorator.java:227)
	at org.springframework.security.web.ObservationFilterChainDecorator$VirtualFilterChain.doFilter(ObservationFilterChainDecorator.java:137)
	at org.springframework.security.web.authentication.AbstractAuthenticationProcessingFilter.doFilter(AbstractAuthenticationProcessingFilter.java:227)
	at org.springframework.security.web.authentication.AbstractAuthenticationProcessingFilter.doFilter(AbstractAuthenticationProcessingFilter.java:221)
	at org.springframework.security.web.ObservationFilterChainDecorator$ObservationFilter.wrapFilter(ObservationFilterChainDecorator.java:240)
	at org.springframework.security.web.ObservationFilterChainDecorator$ObservationFilter.doFilter(ObservationFilterChainDecorator.java:227)
	at org.springframework.security.web.ObservationFilterChainDecorator$VirtualFilterChain.doFilter(ObservationFilterChainDecorator.java:137)
	at org.springframework.security.web.authentication.logout.LogoutFilter.doFilter(LogoutFilter.java:107)
	at org.springframework.security.web.authentication.logout.LogoutFilter.doFilter(LogoutFilter.java:93)
	at org.springframework.security.web.ObservationFilterChainDecorator$ObservationFilter.wrapFilter(ObservationFilterChainDecorator.java:240)
	at org.springframework.security.web.ObservationFilterChainDecorator$ObservationFilter.doFilter(ObservationFilterChainDecorator.java:227)
	at org.springframework.security.web.ObservationFilterChainDecorator$VirtualFilterChain.doFilter(ObservationFilterChainDecorator.java:137)
	at org.springframework.security.web.header.HeaderWriterFilter.doHeadersAfter(HeaderWriterFilter.java:90)
	at org.springframework.security.web.header.HeaderWriterFilter.doFilterInternal(HeaderWriterFilter.java:75)
	at org.springframework.web.filter.OncePerRequestFilter.doFilter(OncePerRequestFilter.java:116)
	at org.springframework.security.web.ObservationFilterChainDecorator$ObservationFilter.wrapFilter(ObservationFilterChainDecorator.java:240)
	at org.springframework.security.web.ObservationFilterChainDecorator$ObservationFilter.doFilter(ObservationFilterChainDecorator.java:227)
	at org.springframework.security.web.ObservationFilterChainDecorator$VirtualFilterChain.doFilter(ObservationFilterChainDecorator.java:137)
	at org.springframework.security.web.context.SecurityContextHolderFilter.doFilter(SecurityContextHolderFilter.java:82)
	at org.springframework.security.web.context.SecurityContextHolderFilter.doFilter(SecurityContextHolderFilter.java:69)
	at org.springframework.security.web.ObservationFilterChainDecorator$ObservationFilter.wrapFilter(ObservationFilterChainDecorator.java:240)
	at org.springframework.security.web.ObservationFilterChainDecorator$ObservationFilter.doFilter(ObservationFilterChainDecorator.java:227)
	at org.springframework.security.web.ObservationFilterChainDecorator$VirtualFilterChain.doFilter(ObservationFilterChainDecorator.java:137)
	at org.springframework.security.web.context.request.async.WebAsyncManagerIntegrationFilter.doFilterInternal(WebAsyncManagerIntegrationFilter.java:62)
	at org.springframework.web.filter.OncePerRequestFilter.doFilter(OncePerRequestFilter.java:116)
	at org.springframework.security.web.ObservationFilterChainDecorator$ObservationFilter.wrapFilter(ObservationFilterChainDecorator.java:240)
	at org.springframework.security.web.ObservationFilterChainDecorator$ObservationFilter.doFilter(ObservationFilterChainDecorator.java:227)
	at org.springframework.security.web.ObservationFilterChainDecorator$VirtualFilterChain.doFilter(ObservationFilterChainDecorator.java:137)
	at org.springframework.security.web.session.DisableEncodeUrlFilter.doFilterInternal(DisableEncodeUrlFilter.java:42)
	at org.springframework.web.filter.OncePerRequestFilter.doFilter(OncePerRequestFilter.java:116)
	at org.springframework.security.web.ObservationFilterChainDecorator$ObservationFilter.wrapFilter(ObservationFilterChainDecorator.java:240)
	at org.springframework.security.web.ObservationFilterChainDecorator$AroundFilterObservation$SimpleAroundFilterObservation.lambda$wrap$0(ObservationFilterChainDecorator.java:323)
	at org.springframework.security.web.ObservationFilterChainDecorator$ObservationFilter.doFilter(ObservationFilterChainDecorator.java:224)
	at org.springframework.security.web.ObservationFilterChainDecorator$VirtualFilterChain.doFilter(ObservationFilterChainDecorator.java:137)
	at org.springframework.security.web.FilterChainProxy.doFilterInternal(FilterChainProxy.java:233)
	at org.springframework.security.web.FilterChainProxy.doFilter(FilterChainProxy.java:191)
	at org.springframework.web.filter.CompositeFilter$VirtualFilterChain.doFilter(CompositeFilter.java:113)
	at org.springframework.web.servlet.handler.HandlerMappingIntrospector.lambda$createCacheFilter$3(HandlerMappingIntrospector.java:195)
	at org.springframework.web.filter.CompositeFilter$VirtualFilterChain.doFilter(CompositeFilter.java:113)
	at org.springframework.web.filter.CompositeFilter.doFilter(CompositeFilter.java:74)
	at org.springframework.security.config.annotation.web.configuration.WebMvcSecurityConfiguration$CompositeFilterChainProxy.doFilter(WebMvcSecurityConfiguration.java:230)
	at org.springframework.web.filter.DelegatingFilterProxy.invokeDelegate(DelegatingFilterProxy.java:352)
	at org.springframework.web.filter.DelegatingFilterProxy.doFilter(DelegatingFilterProxy.java:268)
	at org.apache.catalina.core.ApplicationFilterChain.internalDoFilter(ApplicationFilterChain.java:164)
	at org.apache.catalina.core.ApplicationFilterChain.doFilter(ApplicationFilterChain.java:140)
	at org.springframework.web.filter.RequestContextFilter.doFilterInternal(RequestContextFilter.java:100)
	at org.springframework.web.filter.OncePerRequestFilter.doFilter(OncePerRequestFilter.java:116)
	at org.apache.catalina.core.ApplicationFilterChain.internalDoFilter(ApplicationFilterChain.java:164)
	at org.apache.catalina.core.ApplicationFilterChain.doFilter(ApplicationFilterChain.java:140)
	at org.springframework.web.filter.FormContentFilter.doFilterInternal(FormContentFilter.java:93)
	at org.springframework.web.filter.OncePerRequestFilter.doFilter(OncePerRequestFilter.java:116)
	at org.apache.catalina.core.ApplicationFilterChain.internalDoFilter(ApplicationFilterChain.java:164)
	at org.apache.catalina.core.ApplicationFilterChain.doFilter(ApplicationFilterChain.java:140)
	at org.springframework.web.filter.ServerHttpObservationFilter.doFilterInternal(ServerHttpObservationFilter.java:113)
	at org.springframework.web.filter.OncePerRequestFilter.doFilter(OncePerRequestFilter.java:116)
	at org.apache.catalina.core.ApplicationFilterChain.internalDoFilter(ApplicationFilterChain.java:164)
	at org.apache.catalina.core.ApplicationFilterChain.doFilter(ApplicationFilterChain.java:140)
	at org.springframework.web.filter.CharacterEncodingFilter.doFilterInternal(CharacterEncodingFilter.java:201)
	at org.springframework.web.filter.OncePerRequestFilter.doFilter(OncePerRequestFilter.java:116)
	at org.apache.catalina.core.ApplicationFilterChain.internalDoFilter(ApplicationFilterChain.java:164)
	at org.apache.catalina.core.ApplicationFilterChain.doFilter(ApplicationFilterChain.java:140)
	at org.apache.catalina.core.StandardWrapperValve.invoke(StandardWrapperValve.java:167)
	at org.apache.catalina.core.StandardContextValve.invoke(StandardContextValve.java:90)
	at org.apache.catalina.authenticator.AuthenticatorBase.invoke(AuthenticatorBase.java:483)
	at org.apache.catalina.core.StandardHostValve.invoke(StandardHostValve.java:115)
	at org.apache.catalina.valves.ErrorReportValve.invoke(ErrorReportValve.java:93)
	at org.apache.catalina.core.StandardEngineValve.invoke(StandardEngineValve.java:74)
	at org.apache.catalina.connector.CoyoteAdapter.service(CoyoteAdapter.java:344)
	at org.apache.coyote.http11.Http11Processor.service(Http11Processor.java:384)
	at org.apache.coyote.AbstractProcessorLight.process(AbstractProcessorLight.java:63)
	at org.apache.coyote.AbstractProtocol$ConnectionHandler.process(AbstractProtocol.java:905)
	at org.apache.tomcat.util.net.NioEndpoint$SocketProcessor.doRun(NioEndpoint.java:1741)
	at org.apache.tomcat.util.net.SocketProcessorBase.run(SocketProcessorBase.java:52)
	at org.apache.tomcat.util.threads.ThreadPoolExecutor.runWorker(ThreadPoolExecutor.java:1190)
	at org.apache.tomcat.util.threads.ThreadPoolExecutor$Worker.run(ThreadPoolExecutor.java:659)
	at org.apache.tomcat.util.threads.TaskThread$WrappingRunnable.run(TaskThread.java:63)
	at java.base/java.lang.Thread.run(Thread.java:842)
2024-10-14 01:04:38 [http-nio-5000-exec-1] WARN  o.h.e.jdbc.spi.SqlExceptionHelper - SQL Error: 23503, SQLState: 23503
2024-10-14 01:04:38 [http-nio-5000-exec-1] ERROR o.h.e.jdbc.spi.SqlExceptionHelper - Referential integrity constraint violation: "FKL5IUNAQ5YBFBRCQ6CVQOK6PVD: PUBLIC.REVIEW FOREIGN KEY(FILM_ID) REFERENCES PUBLIC.FILMS_FILM(ID) (CAST(3 AS BIGINT))"; SQL statement:
delete from films_film where id=? [23503-224]
2024-10-14 01:04:38 [http-nio-5000-exec-1] ERROR o.a.c.c.C.[.[.[.[dispatcherServlet] - Servlet.service() for servlet [dispatcherServlet] in context with path [] threw exception [Request processing failed: org.springframework.dao.DataIntegrityViolationException: could not execute statement [Referential integrity constraint violation: "FKL5IUNAQ5YBFBRCQ6CVQOK6PVD: PUBLIC.REVIEW FOREIGN KEY(FILM_ID) REFERENCES PUBLIC.FILMS_FILM(ID) (CAST(3 AS BIGINT))"; SQL statement:
delete from films_film where id=? [23503-224]] [delete from films_film where id=?]; SQL [delete from films_film where id=?]; constraint [FKL5IUNAQ5YBFBRCQ6CVQOK6PVD: PUBLIC.REVIEW FOREIGN KEY(FILM_ID) REFERENCES PUBLIC.FILMS_FILM(ID) (CAST(3 AS BIGINT)); SQL statement:
delete from films_film where id=? [23503-224]]] with root cause
org.h2.jdbc.JdbcSQLIntegrityConstraintViolationException: Referential integrity constraint violation: "FKL5IUNAQ5YBFBRCQ6CVQOK6PVD: PUBLIC.REVIEW FOREIGN KEY(FILM_ID) REFERENCES PUBLIC.FILMS_FILM(ID) (CAST(3 AS BIGINT))"; SQL statement:
delete from films_film where id=? [23503-224]
	at org.h2.message.DbException.getJdbcSQLException(DbException.java:520)
	at org.h2.message.DbException.getJdbcSQLException(DbException.java:489)
	at org.h2.message.DbException.get(DbException.java:223)
	at org.h2.message.DbException.get(DbException.java:199)
	at org.h2.constraint.ConstraintReferential.checkRow(ConstraintReferential.java:365)
	at org.h2.constraint.ConstraintReferential.checkRowRefTable(ConstraintReferential.java:382)
	at org.h2.constraint.ConstraintReferential.checkRow(ConstraintReferential.java:256)
	at org.h2.table.Table.fireConstraints(Table.java:1200)
	at org.h2.table.Table.fireAfterRow(Table.java:1218)
	at org.h2.command.dml.Delete.update(Delete.java:92)
	at org.h2.command.dml.DataChangeStatement.update(DataChangeStatement.java:74)
	at org.h2.command.CommandContainer.update(CommandContainer.java:169)
	at org.h2.command.Command.executeUpdate(Command.java:256)
	at org.h2.jdbc.JdbcPreparedStatement.executeUpdateInternal(JdbcPreparedStatement.java:216)
	at org.h2.jdbc.JdbcPreparedStatement.executeUpdate(JdbcPreparedStatement.java:174)
	at com.zaxxer.hikari.pool.ProxyPreparedStatement.executeUpdate(ProxyPreparedStatement.java:61)
	at com.zaxxer.hikari.pool.HikariProxyPreparedStatement.executeUpdate(HikariProxyPreparedStatement.java)
	at org.hibernate.engine.jdbc.internal.ResultSetReturnImpl.executeUpdate(ResultSetReturnImpl.java:194)
	at org.hibernate.engine.jdbc.mutation.internal.AbstractMutationExecutor.performNonBatchedMutation(AbstractMutationExecutor.java:134)
	at org.hibernate.engine.jdbc.mutation.internal.MutationExecutorSingleNonBatched.performNonBatchedOperations(MutationExecutorSingleNonBatched.java:55)
	at org.hibernate.engine.jdbc.mutation.internal.AbstractMutationExecutor.execute(AbstractMutationExecutor.java:55)
	at org.hibernate.persister.entity.mutation.AbstractDeleteCoordinator.doStaticDelete(AbstractDeleteCoordinator.java:279)
	at org.hibernate.persister.entity.mutation.AbstractDeleteCoordinator.delete(AbstractDeleteCoordinator.java:87)
	at org.hibernate.action.internal.EntityDeleteAction.execute(EntityDeleteAction.java:131)
	at org.hibernate.engine.spi.ActionQueue.executeActions(ActionQueue.java:633)
	at org.hibernate.engine.spi.ActionQueue.executeActions(ActionQueue.java:500)
	at org.hibernate.event.internal.AbstractFlushingEventListener.performExecutions(AbstractFlushingEventListener.java:385)
	at org.hibernate.event.internal.DefaultFlushEventListener.onFlush(DefaultFlushEventListener.java:41)
	at org.hibernate.event.service.internal.EventListenerGroupImpl.fireEventOnEachListener(EventListenerGroupImpl.java:127)
	at org.hibernate.internal.SessionImpl.doFlush(SessionImpl.java:1425)
	at org.hibernate.internal.SessionImpl.managedFlush(SessionImpl.java:487)
	at org.hibernate.internal.SessionImpl.flushBeforeTransactionCompletion(SessionImpl.java:2324)
	at org.hibernate.internal.SessionImpl.beforeTransactionCompletion(SessionImpl.java:1981)
	at org.hibernate.engine.jdbc.internal.JdbcCoordinatorImpl.beforeTransactionCompletion(JdbcCoordinatorImpl.java:439)
	at org.hibernate.resource.transaction.backend.jdbc.internal.JdbcResourceLocalTransactionCoordinatorImpl.beforeCompletionCallback(JdbcResourceLocalTransactionCoordinatorImpl.java:169)
	at org.hibernate.resource.transaction.backend.jdbc.internal.JdbcResourceLocalTransactionCoordinatorImpl$TransactionDriverControlImpl.commit(JdbcResourceLocalTransactionCoordinatorImpl.java:267)
	at org.hibernate.engine.transaction.internal.TransactionImpl.commit(TransactionImpl.java:101)
	at org.springframework.orm.jpa.JpaTransactionManager.doCommit(JpaTransactionManager.java:562)
	at org.springframework.transaction.support.AbstractPlatformTransactionManager.processCommit(AbstractPlatformTransactionManager.java:795)
	at org.springframework.transaction.support.AbstractPlatformTransactionManager.commit(AbstractPlatformTransactionManager.java:758)
	at org.springframework.transaction.interceptor.TransactionAspectSupport.commitTransactionAfterReturning(TransactionAspectSupport.java:663)
	at org.springframework.transaction.interceptor.TransactionAspectSupport.invokeWithinTransaction(TransactionAspectSupport.java:413)
	at org.springframework.transaction.interceptor.TransactionInterceptor.invoke(TransactionInterceptor.java:119)
	at org.springframework.aop.framework.ReflectiveMethodInvocation.proceed(ReflectiveMethodInvocation.java:184)
	at org.springframework.dao.support.PersistenceExceptionTranslationInterceptor.invoke(PersistenceExceptionTranslationInterceptor.java:138)
	at org.springframework.aop.framework.ReflectiveMethodInvocation.proceed(ReflectiveMethodInvocation.java:184)
	at org.springframework.data.jpa.repository.support.CrudMethodMetadataPostProcessor$CrudMethodMetadataPopulatingMethodInterceptor.invoke(CrudMethodMetadataPostProcessor.java:165)
	at org.springframework.aop.framework.ReflectiveMethodInvocation.proceed(ReflectiveMethodInvocation.java:184)
	at org.springframework.aop.interceptor.ExposeInvocationInterceptor.invoke(ExposeInvocationInterceptor.java:97)
	at org.springframework.aop.framework.ReflectiveMethodInvocation.proceed(ReflectiveMethodInvocation.java:184)
	at org.springframework.aop.framework.JdkDynamicAopProxy.invoke(JdkDynamicAopProxy.java:223)
	at jdk.proxy2/jdk.proxy2.$Proxy161.deleteById(Unknown Source)
	at gov.la.webserver.films.service.impl.FilmServiceImpl.deleteFilm(FilmServiceImpl.java:65)
	at gov.la.webserver.films.controllers.FilmController.deleteFilm(FilmController.java:49)
	at java.base/jdk.internal.reflect.NativeMethodAccessorImpl.invoke0(Native Method)
	at java.base/jdk.internal.reflect.NativeMethodAccessorImpl.invoke(NativeMethodAccessorImpl.java:77)
	at java.base/jdk.internal.reflect.DelegatingMethodAccessorImpl.invoke(DelegatingMethodAccessorImpl.java:43)
	at java.base/java.lang.reflect.Method.invoke(Method.java:568)
	at org.springframework.aop.support.AopUtils.invokeJoinpointUsingReflection(AopUtils.java:355)
	at org.springframework.aop.framework.ReflectiveMethodInvocation.invokeJoinpoint(ReflectiveMethodInvocation.java:196)
	at org.springframework.aop.framework.ReflectiveMethodInvocation.proceed(ReflectiveMethodInvocation.java:163)
	at org.springframework.aop.framework.CglibAopProxy$CglibMethodInvocation.proceed(CglibAopProxy.java:768)
	at org.springframework.security.authorization.method.AuthorizationManagerBeforeMethodInterceptor.proceed(AuthorizationManagerBeforeMethodInterceptor.java:269)
	at org.springframework.security.authorization.method.AuthorizationManagerBeforeMethodInterceptor.attemptAuthorization(AuthorizationManagerBeforeMethodInterceptor.java:264)
	at org.springframework.security.authorization.method.AuthorizationManagerBeforeMethodInterceptor.invoke(AuthorizationManagerBeforeMethodInterceptor.java:197)
	at org.springframework.security.config.annotation.method.configuration.DeferringMethodInterceptor.invoke(DeferringMethodInterceptor.java:44)
	at org.springframework.aop.framework.ReflectiveMethodInvocation.proceed(ReflectiveMethodInvocation.java:184)
	at org.springframework.aop.framework.CglibAopProxy$CglibMethodInvocation.proceed(CglibAopProxy.java:768)
	at org.springframework.aop.framework.CglibAopProxy$DynamicAdvisedInterceptor.intercept(CglibAopProxy.java:720)
	at gov.la.webserver.films.controllers.FilmController$$SpringCGLIB$$0.deleteFilm(<generated>)
	at java.base/jdk.internal.reflect.NativeMethodAccessorImpl.invoke0(Native Method)
	at java.base/jdk.internal.reflect.NativeMethodAccessorImpl.invoke(NativeMethodAccessorImpl.java:77)
	at java.base/jdk.internal.reflect.DelegatingMethodAccessorImpl.invoke(DelegatingMethodAccessorImpl.java:43)
	at java.base/java.lang.reflect.Method.invoke(Method.java:568)
	at org.springframework.web.method.support.InvocableHandlerMethod.doInvoke(InvocableHandlerMethod.java:255)
	at org.springframework.web.method.support.InvocableHandlerMethod.invokeForRequest(InvocableHandlerMethod.java:188)
	at org.springframework.web.servlet.mvc.method.annotation.ServletInvocableHandlerMethod.invokeAndHandle(ServletInvocableHandlerMethod.java:118)
	at org.springframework.web.servlet.mvc.method.annotation.RequestMappingHandlerAdapter.invokeHandlerMethod(RequestMappingHandlerAdapter.java:926)
	at org.springframework.web.servlet.mvc.method.annotation.RequestMappingHandlerAdapter.handleInternal(RequestMappingHandlerAdapter.java:831)
	at org.springframework.web.servlet.mvc.method.AbstractHandlerMethodAdapter.handle(AbstractHandlerMethodAdapter.java:87)
	at org.springframework.web.servlet.DispatcherServlet.doDispatch(DispatcherServlet.java:1089)
	at org.springframework.web.servlet.DispatcherServlet.doService(DispatcherServlet.java:979)
	at org.springframework.web.servlet.FrameworkServlet.processRequest(FrameworkServlet.java:1014)
	at org.springframework.web.servlet.FrameworkServlet.doDelete(FrameworkServlet.java:936)
	at jakarta.servlet.http.HttpServlet.service(HttpServlet.java:596)
	at org.springframework.web.servlet.FrameworkServlet.service(FrameworkServlet.java:885)
	at jakarta.servlet.http.HttpServlet.service(HttpServlet.java:658)
	at org.apache.catalina.core.ApplicationFilterChain.internalDoFilter(ApplicationFilterChain.java:195)
	at org.apache.catalina.core.ApplicationFilterChain.doFilter(ApplicationFilterChain.java:140)
	at org.apache.tomcat.websocket.server.WsFilter.doFilter(WsFilter.java:51)
	at org.apache.catalina.core.ApplicationFilterChain.internalDoFilter(ApplicationFilterChain.java:164)
	at org.apache.catalina.core.ApplicationFilterChain.doFilter(ApplicationFilterChain.java:140)
	at org.springframework.web.filter.CompositeFilter$VirtualFilterChain.doFilter(CompositeFilter.java:108)
	at org.springframework.security.web.FilterChainProxy.lambda$doFilterInternal$3(FilterChainProxy.java:231)
	at org.springframework.security.web.ObservationFilterChainDecorator$FilterObservation$SimpleFilterObservation.lambda$wrap$1(ObservationFilterChainDecorator.java:479)
	at org.springframework.security.web.ObservationFilterChainDecorator$AroundFilterObservation$SimpleAroundFilterObservation.lambda$wrap$1(ObservationFilterChainDecorator.java:340)
	at org.springframework.security.web.ObservationFilterChainDecorator.lambda$wrapSecured$0(ObservationFilterChainDecorator.java:82)
	at org.springframework.security.web.ObservationFilterChainDecorator$VirtualFilterChain.doFilter(ObservationFilterChainDecorator.java:128)
	at org.springframework.security.web.access.intercept.AuthorizationFilter.doFilter(AuthorizationFilter.java:100)
	at org.springframework.security.web.ObservationFilterChainDecorator$ObservationFilter.wrapFilter(ObservationFilterChainDecorator.java:240)
	at org.springframework.security.web.ObservationFilterChainDecorator$ObservationFilter.doFilter(ObservationFilterChainDecorator.java:227)
	at org.springframework.security.web.ObservationFilterChainDecorator$VirtualFilterChain.doFilter(ObservationFilterChainDecorator.java:137)
	at org.springframework.security.web.access.ExceptionTranslationFilter.doFilter(ExceptionTranslationFilter.java:126)
	at org.springframework.security.web.access.ExceptionTranslationFilter.doFilter(ExceptionTranslationFilter.java:120)
	at org.springframework.security.web.ObservationFilterChainDecorator$ObservationFilter.wrapFilter(ObservationFilterChainDecorator.java:240)
	at org.springframework.security.web.ObservationFilterChainDecorator$ObservationFilter.doFilter(ObservationFilterChainDecorator.java:227)
	at org.springframework.security.web.ObservationFilterChainDecorator$VirtualFilterChain.doFilter(ObservationFilterChainDecorator.java:137)
	at org.springframework.security.web.authentication.AnonymousAuthenticationFilter.doFilter(AnonymousAuthenticationFilter.java:100)
	at org.springframework.security.web.ObservationFilterChainDecorator$ObservationFilter.wrapFilter(ObservationFilterChainDecorator.java:240)
	at org.springframework.security.web.ObservationFilterChainDecorator$ObservationFilter.doFilter(ObservationFilterChainDecorator.java:227)
	at org.springframework.security.web.ObservationFilterChainDecorator$VirtualFilterChain.doFilter(ObservationFilterChainDecorator.java:137)
	at org.springframework.security.web.servletapi.SecurityContextHolderAwareRequestFilter.doFilter(SecurityContextHolderAwareRequestFilter.java:179)
	at org.springframework.security.web.ObservationFilterChainDecorator$ObservationFilter.wrapFilter(ObservationFilterChainDecorator.java:240)
	at org.springframework.security.web.ObservationFilterChainDecorator$ObservationFilter.doFilter(ObservationFilterChainDecorator.java:227)
	at org.springframework.security.web.ObservationFilterChainDecorator$VirtualFilterChain.doFilter(ObservationFilterChainDecorator.java:137)
	at org.springframework.security.web.savedrequest.RequestCacheAwareFilter.doFilter(RequestCacheAwareFilter.java:63)
	at org.springframework.security.web.ObservationFilterChainDecorator$ObservationFilter.wrapFilter(ObservationFilterChainDecorator.java:240)
	at org.springframework.security.web.ObservationFilterChainDecorator$ObservationFilter.doFilter(ObservationFilterChainDecorator.java:227)
	at org.springframework.security.web.ObservationFilterChainDecorator$VirtualFilterChain.doFilter(ObservationFilterChainDecorator.java:137)
	at org.springframework.security.web.authentication.www.BasicAuthenticationFilter.doFilterInternal(BasicAuthenticationFilter.java:181)
	at org.springframework.web.filter.OncePerRequestFilter.doFilter(OncePerRequestFilter.java:116)
	at org.springframework.security.web.ObservationFilterChainDecorator$ObservationFilter.wrapFilter(ObservationFilterChainDecorator.java:240)
	at org.springframework.security.web.ObservationFilterChainDecorator$ObservationFilter.doFilter(ObservationFilterChainDecorator.java:227)
	at org.springframework.security.web.ObservationFilterChainDecorator$VirtualFilterChain.doFilter(ObservationFilterChainDecorator.java:137)
	at org.springframework.security.web.authentication.ui.DefaultLogoutPageGeneratingFilter.doFilterInternal(DefaultLogoutPageGeneratingFilter.java:58)
	at org.springframework.web.filter.OncePerRequestFilter.doFilter(OncePerRequestFilter.java:116)
	at org.springframework.security.web.ObservationFilterChainDecorator$ObservationFilter.wrapFilter(ObservationFilterChainDecorator.java:240)
	at org.springframework.security.web.ObservationFilterChainDecorator$ObservationFilter.doFilter(ObservationFilterChainDecorator.java:227)
	at org.springframework.security.web.ObservationFilterChainDecorator$VirtualFilterChain.doFilter(ObservationFilterChainDecorator.java:137)
	at org.springframework.security.web.authentication.ui.DefaultLoginPageGeneratingFilter.doFilter(DefaultLoginPageGeneratingFilter.java:189)
	at org.springframework.security.web.authentication.ui.DefaultLoginPageGeneratingFilter.doFilter(DefaultLoginPageGeneratingFilter.java:175)
	at org.springframework.security.web.ObservationFilterChainDecorator$ObservationFilter.wrapFilter(ObservationFilterChainDecorator.java:240)
	at org.springframework.security.web.ObservationFilterChainDecorator$ObservationFilter.doFilter(ObservationFilterChainDecorator.java:227)
	at org.springframework.security.web.ObservationFilterChainDecorator$VirtualFilterChain.doFilter(ObservationFilterChainDecorator.java:137)
	at org.springframework.security.web.authentication.AbstractAuthenticationProcessingFilter.doFilter(AbstractAuthenticationProcessingFilter.java:227)
	at org.springframework.security.web.authentication.AbstractAuthenticationProcessingFilter.doFilter(AbstractAuthenticationProcessingFilter.java:221)
	at org.springframework.security.web.ObservationFilterChainDecorator$ObservationFilter.wrapFilter(ObservationFilterChainDecorator.java:240)
	at org.springframework.security.web.ObservationFilterChainDecorator$ObservationFilter.doFilter(ObservationFilterChainDecorator.java:227)
	at org.springframework.security.web.ObservationFilterChainDecorator$VirtualFilterChain.doFilter(ObservationFilterChainDecorator.java:137)
	at org.springframework.security.web.authentication.logout.LogoutFilter.doFilter(LogoutFilter.java:107)
	at org.springframework.security.web.authentication.logout.LogoutFilter.doFilter(LogoutFilter.java:93)
	at org.springframework.security.web.ObservationFilterChainDecorator$ObservationFilter.wrapFilter(ObservationFilterChainDecorator.java:240)
	at org.springframework.security.web.ObservationFilterChainDecorator$ObservationFilter.doFilter(ObservationFilterChainDecorator.java:227)
	at org.springframework.security.web.ObservationFilterChainDecorator$VirtualFilterChain.doFilter(ObservationFilterChainDecorator.java:137)
	at org.springframework.security.web.header.HeaderWriterFilter.doHeadersAfter(HeaderWriterFilter.java:90)
	at org.springframework.security.web.header.HeaderWriterFilter.doFilterInternal(HeaderWriterFilter.java:75)
	at org.springframework.web.filter.OncePerRequestFilter.doFilter(OncePerRequestFilter.java:116)
	at org.springframework.security.web.ObservationFilterChainDecorator$ObservationFilter.wrapFilter(ObservationFilterChainDecorator.java:240)
	at org.springframework.security.web.ObservationFilterChainDecorator$ObservationFilter.doFilter(ObservationFilterChainDecorator.java:227)
	at org.springframework.security.web.ObservationFilterChainDecorator$VirtualFilterChain.doFilter(ObservationFilterChainDecorator.java:137)
	at org.springframework.security.web.context.SecurityContextHolderFilter.doFilter(SecurityContextHolderFilter.java:82)
	at org.springframework.security.web.context.SecurityContextHolderFilter.doFilter(SecurityContextHolderFilter.java:69)
	at org.springframework.security.web.ObservationFilterChainDecorator$ObservationFilter.wrapFilter(ObservationFilterChainDecorator.java:240)
	at org.springframework.security.web.ObservationFilterChainDecorator$ObservationFilter.doFilter(ObservationFilterChainDecorator.java:227)
	at org.springframework.security.web.ObservationFilterChainDecorator$VirtualFilterChain.doFilter(ObservationFilterChainDecorator.java:137)
	at org.springframework.security.web.context.request.async.WebAsyncManagerIntegrationFilter.doFilterInternal(WebAsyncManagerIntegrationFilter.java:62)
	at org.springframework.web.filter.OncePerRequestFilter.doFilter(OncePerRequestFilter.java:116)
	at org.springframework.security.web.ObservationFilterChainDecorator$ObservationFilter.wrapFilter(ObservationFilterChainDecorator.java:240)
	at org.springframework.security.web.ObservationFilterChainDecorator$ObservationFilter.doFilter(ObservationFilterChainDecorator.java:227)
	at org.springframework.security.web.ObservationFilterChainDecorator$VirtualFilterChain.doFilter(ObservationFilterChainDecorator.java:137)
	at org.springframework.security.web.session.DisableEncodeUrlFilter.doFilterInternal(DisableEncodeUrlFilter.java:42)
	at org.springframework.web.filter.OncePerRequestFilter.doFilter(OncePerRequestFilter.java:116)
	at org.springframework.security.web.ObservationFilterChainDecorator$ObservationFilter.wrapFilter(ObservationFilterChainDecorator.java:240)
	at org.springframework.security.web.ObservationFilterChainDecorator$AroundFilterObservation$SimpleAroundFilterObservation.lambda$wrap$0(ObservationFilterChainDecorator.java:323)
	at org.springframework.security.web.ObservationFilterChainDecorator$ObservationFilter.doFilter(ObservationFilterChainDecorator.java:224)
	at org.springframework.security.web.ObservationFilterChainDecorator$VirtualFilterChain.doFilter(ObservationFilterChainDecorator.java:137)
	at org.springframework.security.web.FilterChainProxy.doFilterInternal(FilterChainProxy.java:233)
	at org.springframework.security.web.FilterChainProxy.doFilter(FilterChainProxy.java:191)
	at org.springframework.web.filter.CompositeFilter$VirtualFilterChain.doFilter(CompositeFilter.java:113)
	at org.springframework.web.servlet.handler.HandlerMappingIntrospector.lambda$createCacheFilter$3(HandlerMappingIntrospector.java:195)
	at org.springframework.web.filter.CompositeFilter$VirtualFilterChain.doFilter(CompositeFilter.java:113)
	at org.springframework.web.filter.CompositeFilter.doFilter(CompositeFilter.java:74)
	at org.springframework.security.config.annotation.web.configuration.WebMvcSecurityConfiguration$CompositeFilterChainProxy.doFilter(WebMvcSecurityConfiguration.java:230)
	at org.springframework.web.filter.DelegatingFilterProxy.invokeDelegate(DelegatingFilterProxy.java:352)
	at org.springframework.web.filter.DelegatingFilterProxy.doFilter(DelegatingFilterProxy.java:268)
	at org.apache.catalina.core.ApplicationFilterChain.internalDoFilter(ApplicationFilterChain.java:164)
	at org.apache.catalina.core.ApplicationFilterChain.doFilter(ApplicationFilterChain.java:140)
	at org.springframework.web.filter.RequestContextFilter.doFilterInternal(RequestContextFilter.java:100)
	at org.springframework.web.filter.OncePerRequestFilter.doFilter(OncePerRequestFilter.java:116)
	at org.apache.catalina.core.ApplicationFilterChain.internalDoFilter(ApplicationFilterChain.java:164)
	at org.apache.catalina.core.ApplicationFilterChain.doFilter(ApplicationFilterChain.java:140)
	at org.springframework.web.filter.FormContentFilter.doFilterInternal(FormContentFilter.java:93)
	at org.springframework.web.filter.OncePerRequestFilter.doFilter(OncePerRequestFilter.java:116)
	at org.apache.catalina.core.ApplicationFilterChain.internalDoFilter(ApplicationFilterChain.java:164)
	at org.apache.catalina.core.ApplicationFilterChain.doFilter(ApplicationFilterChain.java:140)
	at org.springframework.web.filter.ServerHttpObservationFilter.doFilterInternal(ServerHttpObservationFilter.java:113)
	at org.springframework.web.filter.OncePerRequestFilter.doFilter(OncePerRequestFilter.java:116)
	at org.apache.catalina.core.ApplicationFilterChain.internalDoFilter(ApplicationFilterChain.java:164)
	at org.apache.catalina.core.ApplicationFilterChain.doFilter(ApplicationFilterChain.java:140)
	at org.springframework.web.filter.CharacterEncodingFilter.doFilterInternal(CharacterEncodingFilter.java:201)
	at org.springframework.web.filter.OncePerRequestFilter.doFilter(OncePerRequestFilter.java:116)
	at org.apache.catalina.core.ApplicationFilterChain.internalDoFilter(ApplicationFilterChain.java:164)
	at org.apache.catalina.core.ApplicationFilterChain.doFilter(ApplicationFilterChain.java:140)
	at org.apache.catalina.core.StandardWrapperValve.invoke(StandardWrapperValve.java:167)
	at org.apache.catalina.core.StandardContextValve.invoke(StandardContextValve.java:90)
	at org.apache.catalina.authenticator.AuthenticatorBase.invoke(AuthenticatorBase.java:483)
	at org.apache.catalina.core.StandardHostValve.invoke(StandardHostValve.java:115)
	at org.apache.catalina.valves.ErrorReportValve.invoke(ErrorReportValve.java:93)
	at org.apache.catalina.core.StandardEngineValve.invoke(StandardEngineValve.java:74)
	at org.apache.catalina.connector.CoyoteAdapter.service(CoyoteAdapter.java:344)
	at org.apache.coyote.http11.Http11Processor.service(Http11Processor.java:384)
	at org.apache.coyote.AbstractProcessorLight.process(AbstractProcessorLight.java:63)
	at org.apache.coyote.AbstractProtocol$ConnectionHandler.process(AbstractProtocol.java:905)
	at org.apache.tomcat.util.net.NioEndpoint$SocketProcessor.doRun(NioEndpoint.java:1741)
	at org.apache.tomcat.util.net.SocketProcessorBase.run(SocketProcessorBase.java:52)
	at org.apache.tomcat.util.threads.ThreadPoolExecutor.runWorker(ThreadPoolExecutor.java:1190)
	at org.apache.tomcat.util.threads.ThreadPoolExecutor$Worker.run(ThreadPoolExecutor.java:659)
	at org.apache.tomcat.util.threads.TaskThread$WrappingRunnable.run(TaskThread.java:63)
	at java.base/java.lang.Thread.run(Thread.java:842)
2024-10-14 01:05:00 [scheduling-1] INFO  g.l.w.u.s.UserChangeLogScheduler - call checkChangeLog
2024-10-14 01:05:00 [scheduling-1] INFO  g.l.w.u.s.UserChangeLogScheduler - check log completed!!
2024-10-14 01:05:05 [scheduling-1] INFO  g.l.w.u.s.UserChangeLogScheduler - call clearChangeLog
2024-10-14 01:05:05 [scheduling-1] INFO  g.l.w.u.s.UserChangeLogScheduler - clear Logs completed!! true
2024-10-14 01:06:00 [scheduling-1] INFO  g.l.w.u.s.UserChangeLogScheduler - call checkChangeLog
2024-10-14 01:06:00 [scheduling-1] INFO  g.l.w.u.s.UserChangeLogScheduler - check log completed!!
2024-10-14 01:06:05 [http-nio-5000-exec-8] ERROR o.a.c.c.C.[.[.[.[dispatcherServlet] - Servlet.service() for servlet [dispatcherServlet] in context with path [] threw exception [Request processing failed: java.lang.NullPointerException: Cannot invoke "gov.la.webserver.review.service.ReviewService.createReview(gov.la.webserver.review.dto.ReviewDTO)" because "this.reviewService" is null] with root cause
java.lang.NullPointerException: Cannot invoke "gov.la.webserver.review.service.ReviewService.createReview(gov.la.webserver.review.dto.ReviewDTO)" because "this.reviewService" is null
	at gov.la.webserver.review.controller.ReviewController.createReview(ReviewController.java:25)
	at java.base/jdk.internal.reflect.NativeMethodAccessorImpl.invoke0(Native Method)
	at java.base/jdk.internal.reflect.NativeMethodAccessorImpl.invoke(NativeMethodAccessorImpl.java:77)
	at java.base/jdk.internal.reflect.DelegatingMethodAccessorImpl.invoke(DelegatingMethodAccessorImpl.java:43)
	at java.base/java.lang.reflect.Method.invoke(Method.java:568)
	at org.springframework.aop.support.AopUtils.invokeJoinpointUsingReflection(AopUtils.java:355)
	at org.springframework.aop.framework.CglibAopProxy$DynamicAdvisedInterceptor.intercept(CglibAopProxy.java:716)
	at gov.la.webserver.review.controller.ReviewController$$SpringCGLIB$$0.createReview(<generated>)
	at java.base/jdk.internal.reflect.NativeMethodAccessorImpl.invoke0(Native Method)
	at java.base/jdk.internal.reflect.NativeMethodAccessorImpl.invoke(NativeMethodAccessorImpl.java:77)
	at java.base/jdk.internal.reflect.DelegatingMethodAccessorImpl.invoke(DelegatingMethodAccessorImpl.java:43)
	at java.base/java.lang.reflect.Method.invoke(Method.java:568)
	at org.springframework.web.method.support.InvocableHandlerMethod.doInvoke(InvocableHandlerMethod.java:255)
	at org.springframework.web.method.support.InvocableHandlerMethod.invokeForRequest(InvocableHandlerMethod.java:188)
	at org.springframework.web.servlet.mvc.method.annotation.ServletInvocableHandlerMethod.invokeAndHandle(ServletInvocableHandlerMethod.java:118)
	at org.springframework.web.servlet.mvc.method.annotation.RequestMappingHandlerAdapter.invokeHandlerMethod(RequestMappingHandlerAdapter.java:926)
	at org.springframework.web.servlet.mvc.method.annotation.RequestMappingHandlerAdapter.handleInternal(RequestMappingHandlerAdapter.java:831)
	at org.springframework.web.servlet.mvc.method.AbstractHandlerMethodAdapter.handle(AbstractHandlerMethodAdapter.java:87)
	at org.springframework.web.servlet.DispatcherServlet.doDispatch(DispatcherServlet.java:1089)
	at org.springframework.web.servlet.DispatcherServlet.doService(DispatcherServlet.java:979)
	at org.springframework.web.servlet.FrameworkServlet.processRequest(FrameworkServlet.java:1014)
	at org.springframework.web.servlet.FrameworkServlet.doPost(FrameworkServlet.java:914)
	at jakarta.servlet.http.HttpServlet.service(HttpServlet.java:590)
	at org.springframework.web.servlet.FrameworkServlet.service(FrameworkServlet.java:885)
	at jakarta.servlet.http.HttpServlet.service(HttpServlet.java:658)
	at org.apache.catalina.core.ApplicationFilterChain.internalDoFilter(ApplicationFilterChain.java:195)
	at org.apache.catalina.core.ApplicationFilterChain.doFilter(ApplicationFilterChain.java:140)
	at org.apache.tomcat.websocket.server.WsFilter.doFilter(WsFilter.java:51)
	at org.apache.catalina.core.ApplicationFilterChain.internalDoFilter(ApplicationFilterChain.java:164)
	at org.apache.catalina.core.ApplicationFilterChain.doFilter(ApplicationFilterChain.java:140)
	at org.springframework.web.filter.CompositeFilter$VirtualFilterChain.doFilter(CompositeFilter.java:108)
	at org.springframework.security.web.FilterChainProxy.lambda$doFilterInternal$3(FilterChainProxy.java:231)
	at org.springframework.security.web.ObservationFilterChainDecorator$FilterObservation$SimpleFilterObservation.lambda$wrap$1(ObservationFilterChainDecorator.java:479)
	at org.springframework.security.web.ObservationFilterChainDecorator$AroundFilterObservation$SimpleAroundFilterObservation.lambda$wrap$1(ObservationFilterChainDecorator.java:340)
	at org.springframework.security.web.ObservationFilterChainDecorator.lambda$wrapSecured$0(ObservationFilterChainDecorator.java:82)
	at org.springframework.security.web.ObservationFilterChainDecorator$VirtualFilterChain.doFilter(ObservationFilterChainDecorator.java:128)
	at org.springframework.security.web.access.intercept.AuthorizationFilter.doFilter(AuthorizationFilter.java:100)
	at org.springframework.security.web.ObservationFilterChainDecorator$ObservationFilter.wrapFilter(ObservationFilterChainDecorator.java:240)
	at org.springframework.security.web.ObservationFilterChainDecorator$ObservationFilter.doFilter(ObservationFilterChainDecorator.java:227)
	at org.springframework.security.web.ObservationFilterChainDecorator$VirtualFilterChain.doFilter(ObservationFilterChainDecorator.java:137)
	at org.springframework.security.web.access.ExceptionTranslationFilter.doFilter(ExceptionTranslationFilter.java:126)
	at org.springframework.security.web.access.ExceptionTranslationFilter.doFilter(ExceptionTranslationFilter.java:120)
	at org.springframework.security.web.ObservationFilterChainDecorator$ObservationFilter.wrapFilter(ObservationFilterChainDecorator.java:240)
	at org.springframework.security.web.ObservationFilterChainDecorator$ObservationFilter.doFilter(ObservationFilterChainDecorator.java:227)
	at org.springframework.security.web.ObservationFilterChainDecorator$VirtualFilterChain.doFilter(ObservationFilterChainDecorator.java:137)
	at org.springframework.security.web.authentication.AnonymousAuthenticationFilter.doFilter(AnonymousAuthenticationFilter.java:100)
	at org.springframework.security.web.ObservationFilterChainDecorator$ObservationFilter.wrapFilter(ObservationFilterChainDecorator.java:240)
	at org.springframework.security.web.ObservationFilterChainDecorator$ObservationFilter.doFilter(ObservationFilterChainDecorator.java:227)
	at org.springframework.security.web.ObservationFilterChainDecorator$VirtualFilterChain.doFilter(ObservationFilterChainDecorator.java:137)
	at org.springframework.security.web.servletapi.SecurityContextHolderAwareRequestFilter.doFilter(SecurityContextHolderAwareRequestFilter.java:179)
	at org.springframework.security.web.ObservationFilterChainDecorator$ObservationFilter.wrapFilter(ObservationFilterChainDecorator.java:240)
	at org.springframework.security.web.ObservationFilterChainDecorator$ObservationFilter.doFilter(ObservationFilterChainDecorator.java:227)
	at org.springframework.security.web.ObservationFilterChainDecorator$VirtualFilterChain.doFilter(ObservationFilterChainDecorator.java:137)
	at org.springframework.security.web.savedrequest.RequestCacheAwareFilter.doFilter(RequestCacheAwareFilter.java:63)
	at org.springframework.security.web.ObservationFilterChainDecorator$ObservationFilter.wrapFilter(ObservationFilterChainDecorator.java:240)
	at org.springframework.security.web.ObservationFilterChainDecorator$ObservationFilter.doFilter(ObservationFilterChainDecorator.java:227)
	at org.springframework.security.web.ObservationFilterChainDecorator$VirtualFilterChain.doFilter(ObservationFilterChainDecorator.java:137)
	at org.springframework.security.web.authentication.www.BasicAuthenticationFilter.doFilterInternal(BasicAuthenticationFilter.java:181)
	at org.springframework.web.filter.OncePerRequestFilter.doFilter(OncePerRequestFilter.java:116)
	at org.springframework.security.web.ObservationFilterChainDecorator$ObservationFilter.wrapFilter(ObservationFilterChainDecorator.java:240)
	at org.springframework.security.web.ObservationFilterChainDecorator$ObservationFilter.doFilter(ObservationFilterChainDecorator.java:227)
	at org.springframework.security.web.ObservationFilterChainDecorator$VirtualFilterChain.doFilter(ObservationFilterChainDecorator.java:137)
	at org.springframework.security.web.authentication.ui.DefaultLogoutPageGeneratingFilter.doFilterInternal(DefaultLogoutPageGeneratingFilter.java:58)
	at org.springframework.web.filter.OncePerRequestFilter.doFilter(OncePerRequestFilter.java:116)
	at org.springframework.security.web.ObservationFilterChainDecorator$ObservationFilter.wrapFilter(ObservationFilterChainDecorator.java:240)
	at org.springframework.security.web.ObservationFilterChainDecorator$ObservationFilter.doFilter(ObservationFilterChainDecorator.java:227)
	at org.springframework.security.web.ObservationFilterChainDecorator$VirtualFilterChain.doFilter(ObservationFilterChainDecorator.java:137)
	at org.springframework.security.web.authentication.ui.DefaultLoginPageGeneratingFilter.doFilter(DefaultLoginPageGeneratingFilter.java:189)
	at org.springframework.security.web.authentication.ui.DefaultLoginPageGeneratingFilter.doFilter(DefaultLoginPageGeneratingFilter.java:175)
	at org.springframework.security.web.ObservationFilterChainDecorator$ObservationFilter.wrapFilter(ObservationFilterChainDecorator.java:240)
	at org.springframework.security.web.ObservationFilterChainDecorator$ObservationFilter.doFilter(ObservationFilterChainDecorator.java:227)
	at org.springframework.security.web.ObservationFilterChainDecorator$VirtualFilterChain.doFilter(ObservationFilterChainDecorator.java:137)
	at org.springframework.security.web.authentication.AbstractAuthenticationProcessingFilter.doFilter(AbstractAuthenticationProcessingFilter.java:227)
	at org.springframework.security.web.authentication.AbstractAuthenticationProcessingFilter.doFilter(AbstractAuthenticationProcessingFilter.java:221)
	at org.springframework.security.web.ObservationFilterChainDecorator$ObservationFilter.wrapFilter(ObservationFilterChainDecorator.java:240)
	at org.springframework.security.web.ObservationFilterChainDecorator$ObservationFilter.doFilter(ObservationFilterChainDecorator.java:227)
	at org.springframework.security.web.ObservationFilterChainDecorator$VirtualFilterChain.doFilter(ObservationFilterChainDecorator.java:137)
	at org.springframework.security.web.authentication.logout.LogoutFilter.doFilter(LogoutFilter.java:107)
	at org.springframework.security.web.authentication.logout.LogoutFilter.doFilter(LogoutFilter.java:93)
	at org.springframework.security.web.ObservationFilterChainDecorator$ObservationFilter.wrapFilter(ObservationFilterChainDecorator.java:240)
	at org.springframework.security.web.ObservationFilterChainDecorator$ObservationFilter.doFilter(ObservationFilterChainDecorator.java:227)
	at org.springframework.security.web.ObservationFilterChainDecorator$VirtualFilterChain.doFilter(ObservationFilterChainDecorator.java:137)
	at org.springframework.security.web.header.HeaderWriterFilter.doHeadersAfter(HeaderWriterFilter.java:90)
	at org.springframework.security.web.header.HeaderWriterFilter.doFilterInternal(HeaderWriterFilter.java:75)
	at org.springframework.web.filter.OncePerRequestFilter.doFilter(OncePerRequestFilter.java:116)
	at org.springframework.security.web.ObservationFilterChainDecorator$ObservationFilter.wrapFilter(ObservationFilterChainDecorator.java:240)
	at org.springframework.security.web.ObservationFilterChainDecorator$ObservationFilter.doFilter(ObservationFilterChainDecorator.java:227)
	at org.springframework.security.web.ObservationFilterChainDecorator$VirtualFilterChain.doFilter(ObservationFilterChainDecorator.java:137)
	at org.springframework.security.web.context.SecurityContextHolderFilter.doFilter(SecurityContextHolderFilter.java:82)
	at org.springframework.security.web.context.SecurityContextHolderFilter.doFilter(SecurityContextHolderFilter.java:69)
	at org.springframework.security.web.ObservationFilterChainDecorator$ObservationFilter.wrapFilter(ObservationFilterChainDecorator.java:240)
	at org.springframework.security.web.ObservationFilterChainDecorator$ObservationFilter.doFilter(ObservationFilterChainDecorator.java:227)
	at org.springframework.security.web.ObservationFilterChainDecorator$VirtualFilterChain.doFilter(ObservationFilterChainDecorator.java:137)
	at org.springframework.security.web.context.request.async.WebAsyncManagerIntegrationFilter.doFilterInternal(WebAsyncManagerIntegrationFilter.java:62)
	at org.springframework.web.filter.OncePerRequestFilter.doFilter(OncePerRequestFilter.java:116)
	at org.springframework.security.web.ObservationFilterChainDecorator$ObservationFilter.wrapFilter(ObservationFilterChainDecorator.java:240)
	at org.springframework.security.web.ObservationFilterChainDecorator$ObservationFilter.doFilter(ObservationFilterChainDecorator.java:227)
	at org.springframework.security.web.ObservationFilterChainDecorator$VirtualFilterChain.doFilter(ObservationFilterChainDecorator.java:137)
	at org.springframework.security.web.session.DisableEncodeUrlFilter.doFilterInternal(DisableEncodeUrlFilter.java:42)
	at org.springframework.web.filter.OncePerRequestFilter.doFilter(OncePerRequestFilter.java:116)
	at org.springframework.security.web.ObservationFilterChainDecorator$ObservationFilter.wrapFilter(ObservationFilterChainDecorator.java:240)
	at org.springframework.security.web.ObservationFilterChainDecorator$AroundFilterObservation$SimpleAroundFilterObservation.lambda$wrap$0(ObservationFilterChainDecorator.java:323)
	at org.springframework.security.web.ObservationFilterChainDecorator$ObservationFilter.doFilter(ObservationFilterChainDecorator.java:224)
	at org.springframework.security.web.ObservationFilterChainDecorator$VirtualFilterChain.doFilter(ObservationFilterChainDecorator.java:137)
	at org.springframework.security.web.FilterChainProxy.doFilterInternal(FilterChainProxy.java:233)
	at org.springframework.security.web.FilterChainProxy.doFilter(FilterChainProxy.java:191)
	at org.springframework.web.filter.CompositeFilter$VirtualFilterChain.doFilter(CompositeFilter.java:113)
	at org.springframework.web.servlet.handler.HandlerMappingIntrospector.lambda$createCacheFilter$3(HandlerMappingIntrospector.java:195)
	at org.springframework.web.filter.CompositeFilter$VirtualFilterChain.doFilter(CompositeFilter.java:113)
	at org.springframework.web.filter.CompositeFilter.doFilter(CompositeFilter.java:74)
	at org.springframework.security.config.annotation.web.configuration.WebMvcSecurityConfiguration$CompositeFilterChainProxy.doFilter(WebMvcSecurityConfiguration.java:230)
	at org.springframework.web.filter.DelegatingFilterProxy.invokeDelegate(DelegatingFilterProxy.java:352)
	at org.springframework.web.filter.DelegatingFilterProxy.doFilter(DelegatingFilterProxy.java:268)
	at org.apache.catalina.core.ApplicationFilterChain.internalDoFilter(ApplicationFilterChain.java:164)
	at org.apache.catalina.core.ApplicationFilterChain.doFilter(ApplicationFilterChain.java:140)
	at org.springframework.web.filter.RequestContextFilter.doFilterInternal(RequestContextFilter.java:100)
	at org.springframework.web.filter.OncePerRequestFilter.doFilter(OncePerRequestFilter.java:116)
	at org.apache.catalina.core.ApplicationFilterChain.internalDoFilter(ApplicationFilterChain.java:164)
	at org.apache.catalina.core.ApplicationFilterChain.doFilter(ApplicationFilterChain.java:140)
	at org.springframework.web.filter.FormContentFilter.doFilterInternal(FormContentFilter.java:93)
	at org.springframework.web.filter.OncePerRequestFilter.doFilter(OncePerRequestFilter.java:116)
	at org.apache.catalina.core.ApplicationFilterChain.internalDoFilter(ApplicationFilterChain.java:164)
	at org.apache.catalina.core.ApplicationFilterChain.doFilter(ApplicationFilterChain.java:140)
	at org.springframework.web.filter.ServerHttpObservationFilter.doFilterInternal(ServerHttpObservationFilter.java:113)
	at org.springframework.web.filter.OncePerRequestFilter.doFilter(OncePerRequestFilter.java:116)
	at org.apache.catalina.core.ApplicationFilterChain.internalDoFilter(ApplicationFilterChain.java:164)
	at org.apache.catalina.core.ApplicationFilterChain.doFilter(ApplicationFilterChain.java:140)
	at org.springframework.web.filter.CharacterEncodingFilter.doFilterInternal(CharacterEncodingFilter.java:201)
	at org.springframework.web.filter.OncePerRequestFilter.doFilter(OncePerRequestFilter.java:116)
	at org.apache.catalina.core.ApplicationFilterChain.internalDoFilter(ApplicationFilterChain.java:164)
	at org.apache.catalina.core.ApplicationFilterChain.doFilter(ApplicationFilterChain.java:140)
	at org.apache.catalina.core.StandardWrapperValve.invoke(StandardWrapperValve.java:167)
	at org.apache.catalina.core.StandardContextValve.invoke(StandardContextValve.java:90)
	at org.apache.catalina.authenticator.AuthenticatorBase.invoke(AuthenticatorBase.java:483)
	at org.apache.catalina.core.StandardHostValve.invoke(StandardHostValve.java:115)
	at org.apache.catalina.valves.ErrorReportValve.invoke(ErrorReportValve.java:93)
	at org.apache.catalina.core.StandardEngineValve.invoke(StandardEngineValve.java:74)
	at org.apache.catalina.connector.CoyoteAdapter.service(CoyoteAdapter.java:344)
	at org.apache.coyote.http11.Http11Processor.service(Http11Processor.java:384)
	at org.apache.coyote.AbstractProcessorLight.process(AbstractProcessorLight.java:63)
	at org.apache.coyote.AbstractProtocol$ConnectionHandler.process(AbstractProtocol.java:905)
	at org.apache.tomcat.util.net.NioEndpoint$SocketProcessor.doRun(NioEndpoint.java:1741)
	at org.apache.tomcat.util.net.SocketProcessorBase.run(SocketProcessorBase.java:52)
	at org.apache.tomcat.util.threads.ThreadPoolExecutor.runWorker(ThreadPoolExecutor.java:1190)
	at org.apache.tomcat.util.threads.ThreadPoolExecutor$Worker.run(ThreadPoolExecutor.java:659)
	at org.apache.tomcat.util.threads.TaskThread$WrappingRunnable.run(TaskThread.java:63)
	at java.base/java.lang.Thread.run(Thread.java:842)
2024-10-14 01:06:05 [scheduling-1] INFO  g.l.w.u.s.UserChangeLogScheduler - call clearChangeLog
2024-10-14 01:06:05 [scheduling-1] INFO  g.l.w.u.s.UserChangeLogScheduler - clear Logs completed!! true
2024-10-14 01:07:00 [scheduling-1] INFO  g.l.w.u.s.UserChangeLogScheduler - call checkChangeLog
2024-10-14 01:07:00 [scheduling-1] INFO  g.l.w.u.s.UserChangeLogScheduler - check log completed!!
2024-10-14 01:07:05 [scheduling-1] INFO  g.l.w.u.s.UserChangeLogScheduler - call clearChangeLog
2024-10-14 01:07:05 [scheduling-1] INFO  g.l.w.u.s.UserChangeLogScheduler - clear Logs completed!! true
2024-10-14 01:08:00 [scheduling-1] INFO  g.l.w.u.s.UserChangeLogScheduler - call checkChangeLog
2024-10-14 01:08:00 [scheduling-1] INFO  g.l.w.u.s.UserChangeLogScheduler - check log completed!!
2024-10-14 01:08:05 [scheduling-1] INFO  g.l.w.u.s.UserChangeLogScheduler - call clearChangeLog
2024-10-14 01:08:05 [scheduling-1] INFO  g.l.w.u.s.UserChangeLogScheduler - clear Logs completed!! true
2024-10-14 01:09:00 [scheduling-1] INFO  g.l.w.u.s.UserChangeLogScheduler - call checkChangeLog
2024-10-14 01:09:00 [scheduling-1] INFO  g.l.w.u.s.UserChangeLogScheduler - check log completed!!
2024-10-14 01:09:05 [scheduling-1] INFO  g.l.w.u.s.UserChangeLogScheduler - call clearChangeLog
2024-10-14 01:09:05 [scheduling-1] INFO  g.l.w.u.s.UserChangeLogScheduler - clear Logs completed!! true
2024-10-14 01:10:00 [scheduling-1] INFO  g.l.w.u.s.UserChangeLogScheduler - call checkChangeLog
2024-10-14 01:10:00 [scheduling-1] INFO  g.l.w.u.s.UserChangeLogScheduler - check log completed!!
2024-10-14 01:10:05 [scheduling-1] INFO  g.l.w.u.s.UserChangeLogScheduler - call clearChangeLog
2024-10-14 01:10:05 [scheduling-1] INFO  g.l.w.u.s.UserChangeLogScheduler - clear Logs completed!! true
2024-10-14 01:11:00 [scheduling-1] INFO  g.l.w.u.s.UserChangeLogScheduler - call checkChangeLog
2024-10-14 01:11:00 [scheduling-1] INFO  g.l.w.u.s.UserChangeLogScheduler - check log completed!!
2024-10-14 01:11:05 [scheduling-1] INFO  g.l.w.u.s.UserChangeLogScheduler - call clearChangeLog
2024-10-14 01:11:05 [scheduling-1] INFO  g.l.w.u.s.UserChangeLogScheduler - clear Logs completed!! true
2024-10-14 01:12:00 [scheduling-1] INFO  g.l.w.u.s.UserChangeLogScheduler - call checkChangeLog
2024-10-14 01:12:00 [scheduling-1] INFO  g.l.w.u.s.UserChangeLogScheduler - check log completed!!
2024-10-14 01:12:05 [scheduling-1] INFO  g.l.w.u.s.UserChangeLogScheduler - call clearChangeLog
2024-10-14 01:12:05 [scheduling-1] INFO  g.l.w.u.s.UserChangeLogScheduler - clear Logs completed!! true
2024-10-14 01:13:00 [scheduling-1] INFO  g.l.w.u.s.UserChangeLogScheduler - call checkChangeLog
2024-10-14 01:13:00 [scheduling-1] INFO  g.l.w.u.s.UserChangeLogScheduler - check log completed!!
2024-10-14 01:13:05 [scheduling-1] INFO  g.l.w.u.s.UserChangeLogScheduler - call clearChangeLog
2024-10-14 01:13:05 [scheduling-1] INFO  g.l.w.u.s.UserChangeLogScheduler - clear Logs completed!! true
2024-10-14 01:14:00 [scheduling-1] INFO  g.l.w.u.s.UserChangeLogScheduler - call checkChangeLog
2024-10-14 01:14:00 [scheduling-1] INFO  g.l.w.u.s.UserChangeLogScheduler - check log completed!!
2024-10-14 01:14:05 [scheduling-1] INFO  g.l.w.u.s.UserChangeLogScheduler - call clearChangeLog
2024-10-14 01:14:05 [scheduling-1] INFO  g.l.w.u.s.UserChangeLogScheduler - clear Logs completed!! true
2024-10-14 01:15:00 [scheduling-1] INFO  g.l.w.u.s.UserChangeLogScheduler - call checkChangeLog
2024-10-14 01:15:00 [scheduling-1] INFO  g.l.w.u.s.UserChangeLogScheduler - check log completed!!
2024-10-14 01:15:05 [scheduling-1] INFO  g.l.w.u.s.UserChangeLogScheduler - call clearChangeLog
2024-10-14 01:15:05 [scheduling-1] INFO  g.l.w.u.s.UserChangeLogScheduler - clear Logs completed!! true
2024-10-14 01:16:00 [scheduling-1] INFO  g.l.w.u.s.UserChangeLogScheduler - call checkChangeLog
2024-10-14 01:16:00 [scheduling-1] INFO  g.l.w.u.s.UserChangeLogScheduler - check log completed!!
2024-10-14 01:16:05 [scheduling-1] INFO  g.l.w.u.s.UserChangeLogScheduler - call clearChangeLog
2024-10-14 01:16:05 [scheduling-1] INFO  g.l.w.u.s.UserChangeLogScheduler - clear Logs completed!! true
2024-10-14 01:17:00 [scheduling-1] INFO  g.l.w.u.s.UserChangeLogScheduler - call checkChangeLog
2024-10-14 01:17:00 [scheduling-1] INFO  g.l.w.u.s.UserChangeLogScheduler - check log completed!!
2024-10-14 01:17:05 [scheduling-1] INFO  g.l.w.u.s.UserChangeLogScheduler - call clearChangeLog
2024-10-14 01:17:05 [scheduling-1] INFO  g.l.w.u.s.UserChangeLogScheduler - clear Logs completed!! true
2024-10-14 01:18:00 [scheduling-1] INFO  g.l.w.u.s.UserChangeLogScheduler - call checkChangeLog
2024-10-14 01:18:00 [scheduling-1] INFO  g.l.w.u.s.UserChangeLogScheduler - check log completed!!
2024-10-14 01:18:05 [scheduling-1] INFO  g.l.w.u.s.UserChangeLogScheduler - call clearChangeLog
2024-10-14 01:18:05 [scheduling-1] INFO  g.l.w.u.s.UserChangeLogScheduler - clear Logs completed!! true
2024-10-14 01:19:00 [scheduling-1] INFO  g.l.w.u.s.UserChangeLogScheduler - call checkChangeLog
2024-10-14 01:19:00 [scheduling-1] INFO  g.l.w.u.s.UserChangeLogScheduler - check log completed!!
2024-10-14 01:19:05 [scheduling-1] INFO  g.l.w.u.s.UserChangeLogScheduler - call clearChangeLog
2024-10-14 01:19:05 [scheduling-1] INFO  g.l.w.u.s.UserChangeLogScheduler - clear Logs completed!! true
2024-10-14 01:20:00 [scheduling-1] INFO  g.l.w.u.s.UserChangeLogScheduler - call checkChangeLog
2024-10-14 01:20:00 [scheduling-1] INFO  g.l.w.u.s.UserChangeLogScheduler - check log completed!!
2024-10-14 01:20:05 [scheduling-1] INFO  g.l.w.u.s.UserChangeLogScheduler - call clearChangeLog
2024-10-14 01:20:05 [scheduling-1] INFO  g.l.w.u.s.UserChangeLogScheduler - clear Logs completed!! true
2024-10-14 01:21:00 [scheduling-1] INFO  g.l.w.u.s.UserChangeLogScheduler - call checkChangeLog
2024-10-14 01:21:00 [scheduling-1] INFO  g.l.w.u.s.UserChangeLogScheduler - check log completed!!
2024-10-14 01:21:05 [scheduling-1] INFO  g.l.w.u.s.UserChangeLogScheduler - call clearChangeLog
2024-10-14 01:21:05 [scheduling-1] INFO  g.l.w.u.s.UserChangeLogScheduler - clear Logs completed!! true
2024-10-14 01:21:55 [SpringApplicationShutdownHook] INFO  o.s.o.j.LocalContainerEntityManagerFactoryBean - Closing JPA EntityManagerFactory for persistence unit 'default'
2024-10-14 01:21:56 [SpringApplicationShutdownHook] INFO  com.zaxxer.hikari.HikariDataSource - HikariPool-1 - Shutdown initiated...
2024-10-14 01:21:56 [SpringApplicationShutdownHook] INFO  com.zaxxer.hikari.HikariDataSource - HikariPool-1 - Shutdown completed.
2024-10-14 01:22:02 [main] INFO  g.la.webserver.WebserverApplication - Starting WebserverApplication using Java 17.0.12 with PID 3652 (/Users/kmpc/webserver/build/classes/java/main started by kmpc in /Users/kmpc/webserver)
2024-10-14 01:22:02 [main] DEBUG g.la.webserver.WebserverApplication - Running with Spring Boot v3.3.4, Spring v6.1.13
2024-10-14 01:22:02 [main] INFO  g.la.webserver.WebserverApplication - No active profile set, falling back to 1 default profile: "default"
2024-10-14 01:22:04 [main] INFO  o.s.d.r.c.RepositoryConfigurationDelegate - Bootstrapping Spring Data JPA repositories in DEFAULT mode.
2024-10-14 01:22:04 [main] INFO  o.s.d.r.c.RepositoryConfigurationDelegate - Finished Spring Data repository scanning in 359 ms. Found 4 JPA repository interfaces.
2024-10-14 01:22:05 [main] INFO  o.s.b.w.e.tomcat.TomcatWebServer - Tomcat initialized with port 5000 (http)
2024-10-14 01:22:05 [main] INFO  o.a.coyote.http11.Http11NioProtocol - Initializing ProtocolHandler ["http-nio-5000"]
2024-10-14 01:22:05 [main] INFO  o.a.catalina.core.StandardService - Starting service [Tomcat]
2024-10-14 01:22:05 [main] INFO  o.a.catalina.core.StandardEngine - Starting Servlet engine: [Apache Tomcat/10.1.30]
2024-10-14 01:22:06 [main] INFO  o.a.c.c.C.[Tomcat].[localhost].[/] - Initializing Spring embedded WebApplicationContext
2024-10-14 01:22:06 [main] INFO  o.s.b.w.s.c.ServletWebServerApplicationContext - Root WebApplicationContext: initialization completed in 3332 ms
2024-10-14 01:22:06 [main] INFO  com.zaxxer.hikari.HikariDataSource - HikariPool-1 - Starting...
2024-10-14 01:22:06 [main] INFO  com.zaxxer.hikari.pool.HikariPool - HikariPool-1 - Added connection conn0: url=jdbc:h2:mem:test user=SA
2024-10-14 01:22:06 [main] INFO  com.zaxxer.hikari.HikariDataSource - HikariPool-1 - Start completed.
2024-10-14 01:22:06 [main] INFO  o.s.b.a.h.H2ConsoleAutoConfiguration - H2 console available at '/h2-console'. Database available at 'jdbc:h2:mem:test'
2024-10-14 01:22:07 [main] INFO  o.h.jpa.internal.util.LogHelper - HHH000204: Processing PersistenceUnitInfo [name: default]
2024-10-14 01:22:07 [main] INFO  org.hibernate.Version - HHH000412: Hibernate ORM core version 6.5.3.Final
2024-10-14 01:22:07 [main] INFO  o.h.c.i.RegionFactoryInitiator - HHH000026: Second-level cache disabled
2024-10-14 01:22:07 [main] INFO  o.s.o.j.p.SpringPersistenceUnitInfo - No LoadTimeWeaver setup: ignoring JPA class transformer
2024-10-14 01:22:07 [main] WARN  org.hibernate.orm.deprecation - HHH90000025: H2Dialect does not need to be specified explicitly using 'hibernate.dialect' (remove the property setting and it will be selected by default)
2024-10-14 01:22:09 [main] INFO  o.h.e.t.j.p.i.JtaPlatformInitiator - HHH000489: No JTA platform available (set 'hibernate.transaction.jta.platform' to enable JTA platform integration)
2024-10-14 01:22:09 [main] INFO  o.s.o.j.LocalContainerEntityManagerFactoryBean - Initialized JPA EntityManagerFactory for persistence unit 'default'
2024-10-14 01:22:10 [main] INFO  o.s.s.c.a.a.c.InitializeUserDetailsBeanManagerConfigurer$InitializeUserDetailsManagerConfigurer - Global AuthenticationManager configured with UserDetailsService bean with name userLoginService
2024-10-14 01:22:11 [main] INFO  o.s.b.a.w.s.WelcomePageHandlerMapping - Adding welcome page template: index
2024-10-14 01:22:11 [main] INFO  o.s.b.a.e.web.EndpointLinksResolver - Exposing 15 endpoints beneath base path '/actuator'
2024-10-14 01:22:13 [main] INFO  o.a.coyote.http11.Http11NioProtocol - Starting ProtocolHandler ["http-nio-5000"]
2024-10-14 01:22:13 [main] INFO  o.s.b.w.e.tomcat.TomcatWebServer - Tomcat started on port 5000 (http) with context path '/'
2024-10-14 01:22:13 [main] INFO  g.la.webserver.WebserverApplication - Started WebserverApplication in 12.075 seconds (process running for 12.644)
2024-10-14 01:22:13 [scheduling-1] INFO  g.l.w.u.s.UserChangeLogScheduler - call clearChangeLog
2024-10-14 01:22:14 [scheduling-1] INFO  g.l.w.u.s.UserChangeLogScheduler - clear Logs completed!! true
2024-10-14 01:22:19 [registrationTask1] WARN  d.c.b.a.c.r.ApplicationRegistrator - Failed to register application as Application(name=spring-boot-application, managementUrl=http://172.20.10.7:5000/actuator, healthUrl=http://172.20.10.7:5000/actuator/health, serviceUrl=http://172.20.10.7:5000/) at spring-boot-admin ([http://localhost:8000/instances]): I/O error on POST request for "http://localhost:8000/instances": Connection refused. Further attempts are logged on DEBUG level
2024-10-14 01:22:40 [http-nio-5000-exec-1] INFO  o.a.c.c.C.[Tomcat].[localhost].[/] - Initializing Spring DispatcherServlet 'dispatcherServlet'
2024-10-14 01:22:40 [http-nio-5000-exec-1] INFO  o.s.web.servlet.DispatcherServlet - Initializing Servlet 'dispatcherServlet'
2024-10-14 01:22:40 [http-nio-5000-exec-1] INFO  o.s.web.servlet.DispatcherServlet - Completed initialization in 3 ms
2024-10-14 01:23:00 [scheduling-1] INFO  g.l.w.u.s.UserChangeLogScheduler - call checkChangeLog
2024-10-14 01:23:00 [scheduling-1] INFO  g.l.w.u.s.UserChangeLogScheduler - check log completed!!
2024-10-14 01:23:13 [scheduling-1] INFO  g.l.w.u.s.UserChangeLogScheduler - call clearChangeLog
2024-10-14 01:23:13 [scheduling-1] INFO  g.l.w.u.s.UserChangeLogScheduler - clear Logs completed!! true
2024-10-14 01:23:16 [SpringApplicationShutdownHook] INFO  o.s.o.j.LocalContainerEntityManagerFactoryBean - Closing JPA EntityManagerFactory for persistence unit 'default'
2024-10-14 01:23:16 [SpringApplicationShutdownHook] INFO  com.zaxxer.hikari.HikariDataSource - HikariPool-1 - Shutdown initiated...
2024-10-14 01:23:16 [SpringApplicationShutdownHook] INFO  com.zaxxer.hikari.HikariDataSource - HikariPool-1 - Shutdown completed.
2024-10-14 01:23:21 [main] INFO  g.la.webserver.WebserverApplication - Starting WebserverApplication using Java 17.0.12 with PID 3678 (/Users/kmpc/webserver/build/classes/java/main started by kmpc in /Users/kmpc/webserver)
2024-10-14 01:23:21 [main] DEBUG g.la.webserver.WebserverApplication - Running with Spring Boot v3.3.4, Spring v6.1.13
2024-10-14 01:23:21 [main] INFO  g.la.webserver.WebserverApplication - No active profile set, falling back to 1 default profile: "default"
2024-10-14 01:23:23 [main] INFO  o.s.d.r.c.RepositoryConfigurationDelegate - Bootstrapping Spring Data JPA repositories in DEFAULT mode.
2024-10-14 01:23:23 [main] INFO  o.s.d.r.c.RepositoryConfigurationDelegate - Finished Spring Data repository scanning in 279 ms. Found 4 JPA repository interfaces.
2024-10-14 01:23:24 [main] INFO  o.s.b.w.e.tomcat.TomcatWebServer - Tomcat initialized with port 5000 (http)
2024-10-14 01:23:24 [main] INFO  o.a.coyote.http11.Http11NioProtocol - Initializing ProtocolHandler ["http-nio-5000"]
2024-10-14 01:23:24 [main] INFO  o.a.catalina.core.StandardService - Starting service [Tomcat]
2024-10-14 01:23:24 [main] INFO  o.a.catalina.core.StandardEngine - Starting Servlet engine: [Apache Tomcat/10.1.30]
2024-10-14 01:23:24 [main] INFO  o.a.c.c.C.[Tomcat].[localhost].[/] - Initializing Spring embedded WebApplicationContext
2024-10-14 01:23:24 [main] INFO  o.s.b.w.s.c.ServletWebServerApplicationContext - Root WebApplicationContext: initialization completed in 3155 ms
2024-10-14 01:23:25 [main] INFO  com.zaxxer.hikari.HikariDataSource - HikariPool-1 - Starting...
2024-10-14 01:23:25 [main] INFO  com.zaxxer.hikari.pool.HikariPool - HikariPool-1 - Added connection conn0: url=jdbc:h2:mem:test user=SA
2024-10-14 01:23:25 [main] INFO  com.zaxxer.hikari.HikariDataSource - HikariPool-1 - Start completed.
2024-10-14 01:23:25 [main] INFO  o.s.b.a.h.H2ConsoleAutoConfiguration - H2 console available at '/h2-console'. Database available at 'jdbc:h2:mem:test'
2024-10-14 01:23:25 [main] INFO  o.h.jpa.internal.util.LogHelper - HHH000204: Processing PersistenceUnitInfo [name: default]
2024-10-14 01:23:25 [main] INFO  org.hibernate.Version - HHH000412: Hibernate ORM core version 6.5.3.Final
2024-10-14 01:23:25 [main] INFO  o.h.c.i.RegionFactoryInitiator - HHH000026: Second-level cache disabled
2024-10-14 01:23:26 [main] INFO  o.s.o.j.p.SpringPersistenceUnitInfo - No LoadTimeWeaver setup: ignoring JPA class transformer
2024-10-14 01:23:26 [main] WARN  org.hibernate.orm.deprecation - HHH90000025: H2Dialect does not need to be specified explicitly using 'hibernate.dialect' (remove the property setting and it will be selected by default)
2024-10-14 01:23:27 [main] INFO  o.h.e.t.j.p.i.JtaPlatformInitiator - HHH000489: No JTA platform available (set 'hibernate.transaction.jta.platform' to enable JTA platform integration)
2024-10-14 01:23:27 [main] INFO  o.s.o.j.LocalContainerEntityManagerFactoryBean - Initialized JPA EntityManagerFactory for persistence unit 'default'
2024-10-14 01:23:28 [main] INFO  o.s.s.c.a.a.c.InitializeUserDetailsBeanManagerConfigurer$InitializeUserDetailsManagerConfigurer - Global AuthenticationManager configured with UserDetailsService bean with name userLoginService
2024-10-14 01:23:28 [main] INFO  o.s.b.a.w.s.WelcomePageHandlerMapping - Adding welcome page template: index
2024-10-14 01:23:29 [main] INFO  o.s.b.a.e.web.EndpointLinksResolver - Exposing 15 endpoints beneath base path '/actuator'
2024-10-14 01:23:30 [main] INFO  o.a.coyote.http11.Http11NioProtocol - Starting ProtocolHandler ["http-nio-5000"]
2024-10-14 01:23:31 [main] INFO  o.s.b.w.e.tomcat.TomcatWebServer - Tomcat started on port 5000 (http) with context path '/'
2024-10-14 01:23:31 [main] INFO  g.la.webserver.WebserverApplication - Started WebserverApplication in 10.222 seconds (process running for 10.78)
2024-10-14 01:23:31 [scheduling-1] INFO  g.l.w.u.s.UserChangeLogScheduler - call clearChangeLog
2024-10-14 01:23:31 [scheduling-1] INFO  g.l.w.u.s.UserChangeLogScheduler - clear Logs completed!! true
2024-10-14 01:23:36 [registrationTask1] WARN  d.c.b.a.c.r.ApplicationRegistrator - Failed to register application as Application(name=spring-boot-application, managementUrl=http://172.20.10.7:5000/actuator, healthUrl=http://172.20.10.7:5000/actuator/health, serviceUrl=http://172.20.10.7:5000/) at spring-boot-admin ([http://localhost:8000/instances]): I/O error on POST request for "http://localhost:8000/instances": Connection refused. Further attempts are logged on DEBUG level
2024-10-14 01:23:49 [http-nio-5000-exec-2] INFO  o.a.c.c.C.[Tomcat].[localhost].[/] - Initializing Spring DispatcherServlet 'dispatcherServlet'
2024-10-14 01:23:49 [http-nio-5000-exec-2] INFO  o.s.web.servlet.DispatcherServlet - Initializing Servlet 'dispatcherServlet'
2024-10-14 01:23:49 [http-nio-5000-exec-2] INFO  o.s.web.servlet.DispatcherServlet - Completed initialization in 4 ms
2024-10-14 01:24:00 [scheduling-1] INFO  g.l.w.u.s.UserChangeLogScheduler - call checkChangeLog
2024-10-14 01:24:00 [scheduling-1] INFO  g.l.w.u.s.UserChangeLogScheduler - check log completed!!
2024-10-14 01:24:31 [scheduling-1] INFO  g.l.w.u.s.UserChangeLogScheduler - call clearChangeLog
2024-10-14 01:24:31 [scheduling-1] INFO  g.l.w.u.s.UserChangeLogScheduler - clear Logs completed!! true
2024-10-14 01:24:35 [SpringApplicationShutdownHook] INFO  o.s.o.j.LocalContainerEntityManagerFactoryBean - Closing JPA EntityManagerFactory for persistence unit 'default'
2024-10-14 01:24:35 [SpringApplicationShutdownHook] INFO  com.zaxxer.hikari.HikariDataSource - HikariPool-1 - Shutdown initiated...
2024-10-14 01:24:35 [SpringApplicationShutdownHook] INFO  com.zaxxer.hikari.HikariDataSource - HikariPool-1 - Shutdown completed.
2024-10-14 01:24:40 [main] INFO  g.la.webserver.WebserverApplication - Starting WebserverApplication using Java 17.0.12 with PID 3682 (/Users/kmpc/webserver/build/classes/java/main started by kmpc in /Users/kmpc/webserver)
2024-10-14 01:24:40 [main] DEBUG g.la.webserver.WebserverApplication - Running with Spring Boot v3.3.4, Spring v6.1.13
2024-10-14 01:24:40 [main] INFO  g.la.webserver.WebserverApplication - No active profile set, falling back to 1 default profile: "default"
2024-10-14 01:24:42 [main] INFO  o.s.d.r.c.RepositoryConfigurationDelegate - Bootstrapping Spring Data JPA repositories in DEFAULT mode.
2024-10-14 01:24:42 [main] INFO  o.s.d.r.c.RepositoryConfigurationDelegate - Finished Spring Data repository scanning in 328 ms. Found 4 JPA repository interfaces.
2024-10-14 01:24:43 [main] INFO  o.s.b.w.e.tomcat.TomcatWebServer - Tomcat initialized with port 5000 (http)
2024-10-14 01:24:43 [main] INFO  o.a.coyote.http11.Http11NioProtocol - Initializing ProtocolHandler ["http-nio-5000"]
2024-10-14 01:24:43 [main] INFO  o.a.catalina.core.StandardService - Starting service [Tomcat]
2024-10-14 01:24:43 [main] INFO  o.a.catalina.core.StandardEngine - Starting Servlet engine: [Apache Tomcat/10.1.30]
2024-10-14 01:24:43 [main] INFO  o.a.c.c.C.[Tomcat].[localhost].[/] - Initializing Spring embedded WebApplicationContext
2024-10-14 01:24:43 [main] INFO  o.s.b.w.s.c.ServletWebServerApplicationContext - Root WebApplicationContext: initialization completed in 3224 ms
2024-10-14 01:24:43 [main] INFO  com.zaxxer.hikari.HikariDataSource - HikariPool-1 - Starting...
2024-10-14 01:24:44 [main] INFO  com.zaxxer.hikari.pool.HikariPool - HikariPool-1 - Added connection conn0: url=jdbc:h2:mem:test user=SA
2024-10-14 01:24:44 [main] INFO  com.zaxxer.hikari.HikariDataSource - HikariPool-1 - Start completed.
2024-10-14 01:24:44 [main] INFO  o.s.b.a.h.H2ConsoleAutoConfiguration - H2 console available at '/h2-console'. Database available at 'jdbc:h2:mem:test'
2024-10-14 01:24:44 [main] INFO  o.h.jpa.internal.util.LogHelper - HHH000204: Processing PersistenceUnitInfo [name: default]
2024-10-14 01:24:44 [main] INFO  org.hibernate.Version - HHH000412: Hibernate ORM core version 6.5.3.Final
2024-10-14 01:24:44 [main] INFO  o.h.c.i.RegionFactoryInitiator - HHH000026: Second-level cache disabled
2024-10-14 01:24:45 [main] INFO  o.s.o.j.p.SpringPersistenceUnitInfo - No LoadTimeWeaver setup: ignoring JPA class transformer
2024-10-14 01:24:45 [main] WARN  org.hibernate.orm.deprecation - HHH90000025: H2Dialect does not need to be specified explicitly using 'hibernate.dialect' (remove the property setting and it will be selected by default)
2024-10-14 01:24:46 [main] INFO  o.h.e.t.j.p.i.JtaPlatformInitiator - HHH000489: No JTA platform available (set 'hibernate.transaction.jta.platform' to enable JTA platform integration)
2024-10-14 01:24:47 [main] INFO  o.s.o.j.LocalContainerEntityManagerFactoryBean - Initialized JPA EntityManagerFactory for persistence unit 'default'
2024-10-14 01:24:48 [main] INFO  o.s.s.c.a.a.c.InitializeUserDetailsBeanManagerConfigurer$InitializeUserDetailsManagerConfigurer - Global AuthenticationManager configured with UserDetailsService bean with name userLoginService
2024-10-14 01:24:48 [main] INFO  o.s.b.a.w.s.WelcomePageHandlerMapping - Adding welcome page template: index
2024-10-14 01:24:49 [main] INFO  o.s.b.a.e.web.EndpointLinksResolver - Exposing 15 endpoints beneath base path '/actuator'
2024-10-14 01:24:50 [main] INFO  o.a.coyote.http11.Http11NioProtocol - Starting ProtocolHandler ["http-nio-5000"]
2024-10-14 01:24:51 [main] INFO  o.s.b.w.e.tomcat.TomcatWebServer - Tomcat started on port 5000 (http) with context path '/'
2024-10-14 01:24:51 [main] INFO  g.la.webserver.WebserverApplication - Started WebserverApplication in 11.391 seconds (process running for 11.993)
2024-10-14 01:24:51 [scheduling-1] INFO  g.l.w.u.s.UserChangeLogScheduler - call clearChangeLog
2024-10-14 01:24:51 [scheduling-1] INFO  g.l.w.u.s.UserChangeLogScheduler - clear Logs completed!! true
2024-10-14 01:24:56 [registrationTask1] WARN  d.c.b.a.c.r.ApplicationRegistrator - Failed to register application as Application(name=spring-boot-application, managementUrl=http://172.20.10.7:5000/actuator, healthUrl=http://172.20.10.7:5000/actuator/health, serviceUrl=http://172.20.10.7:5000/) at spring-boot-admin ([http://localhost:8000/instances]): I/O error on POST request for "http://localhost:8000/instances": Connection refused. Further attempts are logged on DEBUG level
2024-10-14 01:24:59 [http-nio-5000-exec-1] INFO  o.a.c.c.C.[Tomcat].[localhost].[/] - Initializing Spring DispatcherServlet 'dispatcherServlet'
2024-10-14 01:24:59 [http-nio-5000-exec-1] INFO  o.s.web.servlet.DispatcherServlet - Initializing Servlet 'dispatcherServlet'
2024-10-14 01:24:59 [http-nio-5000-exec-1] INFO  o.s.web.servlet.DispatcherServlet - Completed initialization in 2 ms
2024-10-14 01:24:59 [http-nio-5000-exec-1] INFO  g.l.w.u.controllers.UserController - call getUsers >>> 1
2024-10-14 01:25:00 [scheduling-1] INFO  g.l.w.u.s.UserChangeLogScheduler - call checkChangeLog
2024-10-14 01:25:00 [scheduling-1] INFO  g.l.w.u.s.UserChangeLogScheduler - check log completed!!
2024-10-14 01:25:51 [scheduling-1] INFO  g.l.w.u.s.UserChangeLogScheduler - call clearChangeLog
2024-10-14 01:25:51 [scheduling-1] INFO  g.l.w.u.s.UserChangeLogScheduler - clear Logs completed!! true
2024-10-14 01:26:00 [scheduling-1] INFO  g.l.w.u.s.UserChangeLogScheduler - call checkChangeLog
2024-10-14 01:26:00 [scheduling-1] INFO  g.l.w.u.s.UserChangeLogScheduler - check log completed!!
2024-10-14 01:26:51 [scheduling-1] INFO  g.l.w.u.s.UserChangeLogScheduler - call clearChangeLog
2024-10-14 01:26:51 [scheduling-1] INFO  g.l.w.u.s.UserChangeLogScheduler - clear Logs completed!! true
2024-10-14 01:27:00 [scheduling-1] INFO  g.l.w.u.s.UserChangeLogScheduler - call checkChangeLog
2024-10-14 01:27:00 [scheduling-1] INFO  g.l.w.u.s.UserChangeLogScheduler - check log completed!!
2024-10-14 01:27:33 [http-nio-5000-exec-9] WARN  o.s.w.s.m.s.DefaultHandlerExceptionResolver - Resolved [org.springframework.web.HttpMediaTypeNotSupportedException: Content-Type 'text/plain;charset=UTF-8' is not supported]
2024-10-14 01:27:47 [http-nio-5000-exec-10] WARN  o.s.w.s.m.s.DefaultHandlerExceptionResolver - Resolved [org.springframework.web.HttpRequestMethodNotSupportedException: Request method 'PATCH' is not supported]
2024-10-14 01:27:51 [scheduling-1] INFO  g.l.w.u.s.UserChangeLogScheduler - call clearChangeLog
2024-10-14 01:27:51 [scheduling-1] INFO  g.l.w.u.s.UserChangeLogScheduler - clear Logs completed!! true
2024-10-14 01:27:57 [http-nio-5000-exec-2] WARN  o.s.w.s.m.s.DefaultHandlerExceptionResolver - Resolved [org.springframework.web.HttpMediaTypeNotSupportedException: Content-Type 'text/plain;charset=UTF-8' is not supported]
2024-10-14 01:28:00 [scheduling-1] INFO  g.l.w.u.s.UserChangeLogScheduler - call checkChangeLog
2024-10-14 01:28:00 [scheduling-1] INFO  g.l.w.u.s.UserChangeLogScheduler - check log completed!!
2024-10-14 01:28:19 [http-nio-5000-exec-1] WARN  o.h.e.jdbc.spi.SqlExceptionHelper - SQL Error: 23503, SQLState: 23503
2024-10-14 01:28:19 [http-nio-5000-exec-1] ERROR o.h.e.jdbc.spi.SqlExceptionHelper - Referential integrity constraint violation: "FKL5IUNAQ5YBFBRCQ6CVQOK6PVD: PUBLIC.REVIEW FOREIGN KEY(FILM_ID) REFERENCES PUBLIC.FILMS_FILM(ID) (CAST(1 AS BIGINT))"; SQL statement:
delete from films_film where id=? [23503-224]
2024-10-14 01:28:19 [http-nio-5000-exec-1] ERROR o.a.c.c.C.[.[.[.[dispatcherServlet] - Servlet.service() for servlet [dispatcherServlet] in context with path [] threw exception [Request processing failed: org.springframework.dao.DataIntegrityViolationException: could not execute statement [Referential integrity constraint violation: "FKL5IUNAQ5YBFBRCQ6CVQOK6PVD: PUBLIC.REVIEW FOREIGN KEY(FILM_ID) REFERENCES PUBLIC.FILMS_FILM(ID) (CAST(1 AS BIGINT))"; SQL statement:
delete from films_film where id=? [23503-224]] [delete from films_film where id=?]; SQL [delete from films_film where id=?]; constraint [FKL5IUNAQ5YBFBRCQ6CVQOK6PVD: PUBLIC.REVIEW FOREIGN KEY(FILM_ID) REFERENCES PUBLIC.FILMS_FILM(ID) (CAST(1 AS BIGINT)); SQL statement:
delete from films_film where id=? [23503-224]]] with root cause
org.h2.jdbc.JdbcSQLIntegrityConstraintViolationException: Referential integrity constraint violation: "FKL5IUNAQ5YBFBRCQ6CVQOK6PVD: PUBLIC.REVIEW FOREIGN KEY(FILM_ID) REFERENCES PUBLIC.FILMS_FILM(ID) (CAST(1 AS BIGINT))"; SQL statement:
delete from films_film where id=? [23503-224]
	at org.h2.message.DbException.getJdbcSQLException(DbException.java:520)
	at org.h2.message.DbException.getJdbcSQLException(DbException.java:489)
	at org.h2.message.DbException.get(DbException.java:223)
	at org.h2.message.DbException.get(DbException.java:199)
	at org.h2.constraint.ConstraintReferential.checkRow(ConstraintReferential.java:365)
	at org.h2.constraint.ConstraintReferential.checkRowRefTable(ConstraintReferential.java:382)
	at org.h2.constraint.ConstraintReferential.checkRow(ConstraintReferential.java:256)
	at org.h2.table.Table.fireConstraints(Table.java:1200)
	at org.h2.table.Table.fireAfterRow(Table.java:1218)
	at org.h2.command.dml.Delete.update(Delete.java:92)
	at org.h2.command.dml.DataChangeStatement.update(DataChangeStatement.java:74)
	at org.h2.command.CommandContainer.update(CommandContainer.java:169)
	at org.h2.command.Command.executeUpdate(Command.java:256)
	at org.h2.jdbc.JdbcPreparedStatement.executeUpdateInternal(JdbcPreparedStatement.java:216)
	at org.h2.jdbc.JdbcPreparedStatement.executeUpdate(JdbcPreparedStatement.java:174)
	at com.zaxxer.hikari.pool.ProxyPreparedStatement.executeUpdate(ProxyPreparedStatement.java:61)
	at com.zaxxer.hikari.pool.HikariProxyPreparedStatement.executeUpdate(HikariProxyPreparedStatement.java)
	at org.hibernate.engine.jdbc.internal.ResultSetReturnImpl.executeUpdate(ResultSetReturnImpl.java:194)
	at org.hibernate.engine.jdbc.mutation.internal.AbstractMutationExecutor.performNonBatchedMutation(AbstractMutationExecutor.java:134)
	at org.hibernate.engine.jdbc.mutation.internal.MutationExecutorSingleNonBatched.performNonBatchedOperations(MutationExecutorSingleNonBatched.java:55)
	at org.hibernate.engine.jdbc.mutation.internal.AbstractMutationExecutor.execute(AbstractMutationExecutor.java:55)
	at org.hibernate.persister.entity.mutation.AbstractDeleteCoordinator.doStaticDelete(AbstractDeleteCoordinator.java:279)
	at org.hibernate.persister.entity.mutation.AbstractDeleteCoordinator.delete(AbstractDeleteCoordinator.java:87)
	at org.hibernate.action.internal.EntityDeleteAction.execute(EntityDeleteAction.java:131)
	at org.hibernate.engine.spi.ActionQueue.executeActions(ActionQueue.java:633)
	at org.hibernate.engine.spi.ActionQueue.executeActions(ActionQueue.java:500)
	at org.hibernate.event.internal.AbstractFlushingEventListener.performExecutions(AbstractFlushingEventListener.java:385)
	at org.hibernate.event.internal.DefaultFlushEventListener.onFlush(DefaultFlushEventListener.java:41)
	at org.hibernate.event.service.internal.EventListenerGroupImpl.fireEventOnEachListener(EventListenerGroupImpl.java:127)
	at org.hibernate.internal.SessionImpl.doFlush(SessionImpl.java:1425)
	at org.hibernate.internal.SessionImpl.managedFlush(SessionImpl.java:487)
	at org.hibernate.internal.SessionImpl.flushBeforeTransactionCompletion(SessionImpl.java:2324)
	at org.hibernate.internal.SessionImpl.beforeTransactionCompletion(SessionImpl.java:1981)
	at org.hibernate.engine.jdbc.internal.JdbcCoordinatorImpl.beforeTransactionCompletion(JdbcCoordinatorImpl.java:439)
	at org.hibernate.resource.transaction.backend.jdbc.internal.JdbcResourceLocalTransactionCoordinatorImpl.beforeCompletionCallback(JdbcResourceLocalTransactionCoordinatorImpl.java:169)
	at org.hibernate.resource.transaction.backend.jdbc.internal.JdbcResourceLocalTransactionCoordinatorImpl$TransactionDriverControlImpl.commit(JdbcResourceLocalTransactionCoordinatorImpl.java:267)
	at org.hibernate.engine.transaction.internal.TransactionImpl.commit(TransactionImpl.java:101)
	at org.springframework.orm.jpa.JpaTransactionManager.doCommit(JpaTransactionManager.java:562)
	at org.springframework.transaction.support.AbstractPlatformTransactionManager.processCommit(AbstractPlatformTransactionManager.java:795)
	at org.springframework.transaction.support.AbstractPlatformTransactionManager.commit(AbstractPlatformTransactionManager.java:758)
	at org.springframework.transaction.interceptor.TransactionAspectSupport.commitTransactionAfterReturning(TransactionAspectSupport.java:663)
	at org.springframework.transaction.interceptor.TransactionAspectSupport.invokeWithinTransaction(TransactionAspectSupport.java:413)
	at org.springframework.transaction.interceptor.TransactionInterceptor.invoke(TransactionInterceptor.java:119)
	at org.springframework.aop.framework.ReflectiveMethodInvocation.proceed(ReflectiveMethodInvocation.java:184)
	at org.springframework.dao.support.PersistenceExceptionTranslationInterceptor.invoke(PersistenceExceptionTranslationInterceptor.java:138)
	at org.springframework.aop.framework.ReflectiveMethodInvocation.proceed(ReflectiveMethodInvocation.java:184)
	at org.springframework.data.jpa.repository.support.CrudMethodMetadataPostProcessor$CrudMethodMetadataPopulatingMethodInterceptor.invoke(CrudMethodMetadataPostProcessor.java:165)
	at org.springframework.aop.framework.ReflectiveMethodInvocation.proceed(ReflectiveMethodInvocation.java:184)
	at org.springframework.aop.interceptor.ExposeInvocationInterceptor.invoke(ExposeInvocationInterceptor.java:97)
	at org.springframework.aop.framework.ReflectiveMethodInvocation.proceed(ReflectiveMethodInvocation.java:184)
	at org.springframework.aop.framework.JdkDynamicAopProxy.invoke(JdkDynamicAopProxy.java:223)
	at jdk.proxy2/jdk.proxy2.$Proxy161.deleteById(Unknown Source)
	at gov.la.webserver.films.service.impl.FilmServiceImpl.deleteFilm(FilmServiceImpl.java:65)
	at gov.la.webserver.films.controllers.FilmController.deleteFilm(FilmController.java:49)
	at java.base/jdk.internal.reflect.NativeMethodAccessorImpl.invoke0(Native Method)
	at java.base/jdk.internal.reflect.NativeMethodAccessorImpl.invoke(NativeMethodAccessorImpl.java:77)
	at java.base/jdk.internal.reflect.DelegatingMethodAccessorImpl.invoke(DelegatingMethodAccessorImpl.java:43)
	at java.base/java.lang.reflect.Method.invoke(Method.java:568)
	at org.springframework.aop.support.AopUtils.invokeJoinpointUsingReflection(AopUtils.java:355)
	at org.springframework.aop.framework.ReflectiveMethodInvocation.invokeJoinpoint(ReflectiveMethodInvocation.java:196)
	at org.springframework.aop.framework.ReflectiveMethodInvocation.proceed(ReflectiveMethodInvocation.java:163)
	at org.springframework.aop.framework.CglibAopProxy$CglibMethodInvocation.proceed(CglibAopProxy.java:768)
	at org.springframework.security.authorization.method.AuthorizationManagerBeforeMethodInterceptor.proceed(AuthorizationManagerBeforeMethodInterceptor.java:269)
	at org.springframework.security.authorization.method.AuthorizationManagerBeforeMethodInterceptor.attemptAuthorization(AuthorizationManagerBeforeMethodInterceptor.java:264)
	at org.springframework.security.authorization.method.AuthorizationManagerBeforeMethodInterceptor.invoke(AuthorizationManagerBeforeMethodInterceptor.java:197)
	at org.springframework.security.config.annotation.method.configuration.DeferringMethodInterceptor.invoke(DeferringMethodInterceptor.java:44)
	at org.springframework.aop.framework.ReflectiveMethodInvocation.proceed(ReflectiveMethodInvocation.java:184)
	at org.springframework.aop.framework.CglibAopProxy$CglibMethodInvocation.proceed(CglibAopProxy.java:768)
	at org.springframework.aop.framework.CglibAopProxy$DynamicAdvisedInterceptor.intercept(CglibAopProxy.java:720)
	at gov.la.webserver.films.controllers.FilmController$$SpringCGLIB$$0.deleteFilm(<generated>)
	at java.base/jdk.internal.reflect.NativeMethodAccessorImpl.invoke0(Native Method)
	at java.base/jdk.internal.reflect.NativeMethodAccessorImpl.invoke(NativeMethodAccessorImpl.java:77)
	at java.base/jdk.internal.reflect.DelegatingMethodAccessorImpl.invoke(DelegatingMethodAccessorImpl.java:43)
	at java.base/java.lang.reflect.Method.invoke(Method.java:568)
	at org.springframework.web.method.support.InvocableHandlerMethod.doInvoke(InvocableHandlerMethod.java:255)
	at org.springframework.web.method.support.InvocableHandlerMethod.invokeForRequest(InvocableHandlerMethod.java:188)
	at org.springframework.web.servlet.mvc.method.annotation.ServletInvocableHandlerMethod.invokeAndHandle(ServletInvocableHandlerMethod.java:118)
	at org.springframework.web.servlet.mvc.method.annotation.RequestMappingHandlerAdapter.invokeHandlerMethod(RequestMappingHandlerAdapter.java:926)
	at org.springframework.web.servlet.mvc.method.annotation.RequestMappingHandlerAdapter.handleInternal(RequestMappingHandlerAdapter.java:831)
	at org.springframework.web.servlet.mvc.method.AbstractHandlerMethodAdapter.handle(AbstractHandlerMethodAdapter.java:87)
	at org.springframework.web.servlet.DispatcherServlet.doDispatch(DispatcherServlet.java:1089)
	at org.springframework.web.servlet.DispatcherServlet.doService(DispatcherServlet.java:979)
	at org.springframework.web.servlet.FrameworkServlet.processRequest(FrameworkServlet.java:1014)
	at org.springframework.web.servlet.FrameworkServlet.doDelete(FrameworkServlet.java:936)
	at jakarta.servlet.http.HttpServlet.service(HttpServlet.java:596)
	at org.springframework.web.servlet.FrameworkServlet.service(FrameworkServlet.java:885)
	at jakarta.servlet.http.HttpServlet.service(HttpServlet.java:658)
	at org.apache.catalina.core.ApplicationFilterChain.internalDoFilter(ApplicationFilterChain.java:195)
	at org.apache.catalina.core.ApplicationFilterChain.doFilter(ApplicationFilterChain.java:140)
	at org.apache.tomcat.websocket.server.WsFilter.doFilter(WsFilter.java:51)
	at org.apache.catalina.core.ApplicationFilterChain.internalDoFilter(ApplicationFilterChain.java:164)
	at org.apache.catalina.core.ApplicationFilterChain.doFilter(ApplicationFilterChain.java:140)
	at org.springframework.web.filter.CompositeFilter$VirtualFilterChain.doFilter(CompositeFilter.java:108)
	at org.springframework.security.web.FilterChainProxy.lambda$doFilterInternal$3(FilterChainProxy.java:231)
	at org.springframework.security.web.ObservationFilterChainDecorator$FilterObservation$SimpleFilterObservation.lambda$wrap$1(ObservationFilterChainDecorator.java:479)
	at org.springframework.security.web.ObservationFilterChainDecorator$AroundFilterObservation$SimpleAroundFilterObservation.lambda$wrap$1(ObservationFilterChainDecorator.java:340)
	at org.springframework.security.web.ObservationFilterChainDecorator.lambda$wrapSecured$0(ObservationFilterChainDecorator.java:82)
	at org.springframework.security.web.ObservationFilterChainDecorator$VirtualFilterChain.doFilter(ObservationFilterChainDecorator.java:128)
	at org.springframework.security.web.access.intercept.AuthorizationFilter.doFilter(AuthorizationFilter.java:100)
	at org.springframework.security.web.ObservationFilterChainDecorator$ObservationFilter.wrapFilter(ObservationFilterChainDecorator.java:240)
	at org.springframework.security.web.ObservationFilterChainDecorator$ObservationFilter.doFilter(ObservationFilterChainDecorator.java:227)
	at org.springframework.security.web.ObservationFilterChainDecorator$VirtualFilterChain.doFilter(ObservationFilterChainDecorator.java:137)
	at org.springframework.security.web.access.ExceptionTranslationFilter.doFilter(ExceptionTranslationFilter.java:126)
	at org.springframework.security.web.access.ExceptionTranslationFilter.doFilter(ExceptionTranslationFilter.java:120)
	at org.springframework.security.web.ObservationFilterChainDecorator$ObservationFilter.wrapFilter(ObservationFilterChainDecorator.java:240)
	at org.springframework.security.web.ObservationFilterChainDecorator$ObservationFilter.doFilter(ObservationFilterChainDecorator.java:227)
	at org.springframework.security.web.ObservationFilterChainDecorator$VirtualFilterChain.doFilter(ObservationFilterChainDecorator.java:137)
	at org.springframework.security.web.authentication.AnonymousAuthenticationFilter.doFilter(AnonymousAuthenticationFilter.java:100)
	at org.springframework.security.web.ObservationFilterChainDecorator$ObservationFilter.wrapFilter(ObservationFilterChainDecorator.java:240)
	at org.springframework.security.web.ObservationFilterChainDecorator$ObservationFilter.doFilter(ObservationFilterChainDecorator.java:227)
	at org.springframework.security.web.ObservationFilterChainDecorator$VirtualFilterChain.doFilter(ObservationFilterChainDecorator.java:137)
	at org.springframework.security.web.servletapi.SecurityContextHolderAwareRequestFilter.doFilter(SecurityContextHolderAwareRequestFilter.java:179)
	at org.springframework.security.web.ObservationFilterChainDecorator$ObservationFilter.wrapFilter(ObservationFilterChainDecorator.java:240)
	at org.springframework.security.web.ObservationFilterChainDecorator$ObservationFilter.doFilter(ObservationFilterChainDecorator.java:227)
	at org.springframework.security.web.ObservationFilterChainDecorator$VirtualFilterChain.doFilter(ObservationFilterChainDecorator.java:137)
	at org.springframework.security.web.savedrequest.RequestCacheAwareFilter.doFilter(RequestCacheAwareFilter.java:63)
	at org.springframework.security.web.ObservationFilterChainDecorator$ObservationFilter.wrapFilter(ObservationFilterChainDecorator.java:240)
	at org.springframework.security.web.ObservationFilterChainDecorator$ObservationFilter.doFilter(ObservationFilterChainDecorator.java:227)
	at org.springframework.security.web.ObservationFilterChainDecorator$VirtualFilterChain.doFilter(ObservationFilterChainDecorator.java:137)
	at org.springframework.security.web.authentication.www.BasicAuthenticationFilter.doFilterInternal(BasicAuthenticationFilter.java:213)
	at org.springframework.web.filter.OncePerRequestFilter.doFilter(OncePerRequestFilter.java:116)
	at org.springframework.security.web.ObservationFilterChainDecorator$ObservationFilter.wrapFilter(ObservationFilterChainDecorator.java:240)
	at org.springframework.security.web.ObservationFilterChainDecorator$ObservationFilter.doFilter(ObservationFilterChainDecorator.java:227)
	at org.springframework.security.web.ObservationFilterChainDecorator$VirtualFilterChain.doFilter(ObservationFilterChainDecorator.java:137)
	at org.springframework.security.web.authentication.ui.DefaultLogoutPageGeneratingFilter.doFilterInternal(DefaultLogoutPageGeneratingFilter.java:58)
	at org.springframework.web.filter.OncePerRequestFilter.doFilter(OncePerRequestFilter.java:116)
	at org.springframework.security.web.ObservationFilterChainDecorator$ObservationFilter.wrapFilter(ObservationFilterChainDecorator.java:240)
	at org.springframework.security.web.ObservationFilterChainDecorator$ObservationFilter.doFilter(ObservationFilterChainDecorator.java:227)
	at org.springframework.security.web.ObservationFilterChainDecorator$VirtualFilterChain.doFilter(ObservationFilterChainDecorator.java:137)
	at org.springframework.security.web.authentication.ui.DefaultLoginPageGeneratingFilter.doFilter(DefaultLoginPageGeneratingFilter.java:189)
	at org.springframework.security.web.authentication.ui.DefaultLoginPageGeneratingFilter.doFilter(DefaultLoginPageGeneratingFilter.java:175)
	at org.springframework.security.web.ObservationFilterChainDecorator$ObservationFilter.wrapFilter(ObservationFilterChainDecorator.java:240)
	at org.springframework.security.web.ObservationFilterChainDecorator$ObservationFilter.doFilter(ObservationFilterChainDecorator.java:227)
	at org.springframework.security.web.ObservationFilterChainDecorator$VirtualFilterChain.doFilter(ObservationFilterChainDecorator.java:137)
	at org.springframework.security.web.authentication.AbstractAuthenticationProcessingFilter.doFilter(AbstractAuthenticationProcessingFilter.java:227)
	at org.springframework.security.web.authentication.AbstractAuthenticationProcessingFilter.doFilter(AbstractAuthenticationProcessingFilter.java:221)
	at org.springframework.security.web.ObservationFilterChainDecorator$ObservationFilter.wrapFilter(ObservationFilterChainDecorator.java:240)
	at org.springframework.security.web.ObservationFilterChainDecorator$ObservationFilter.doFilter(ObservationFilterChainDecorator.java:227)
	at org.springframework.security.web.ObservationFilterChainDecorator$VirtualFilterChain.doFilter(ObservationFilterChainDecorator.java:137)
	at org.springframework.security.web.authentication.logout.LogoutFilter.doFilter(LogoutFilter.java:107)
	at org.springframework.security.web.authentication.logout.LogoutFilter.doFilter(LogoutFilter.java:93)
	at org.springframework.security.web.ObservationFilterChainDecorator$ObservationFilter.wrapFilter(ObservationFilterChainDecorator.java:240)
	at org.springframework.security.web.ObservationFilterChainDecorator$ObservationFilter.doFilter(ObservationFilterChainDecorator.java:227)
	at org.springframework.security.web.ObservationFilterChainDecorator$VirtualFilterChain.doFilter(ObservationFilterChainDecorator.java:137)
	at org.springframework.security.web.header.HeaderWriterFilter.doHeadersAfter(HeaderWriterFilter.java:90)
	at org.springframework.security.web.header.HeaderWriterFilter.doFilterInternal(HeaderWriterFilter.java:75)
	at org.springframework.web.filter.OncePerRequestFilter.doFilter(OncePerRequestFilter.java:116)
	at org.springframework.security.web.ObservationFilterChainDecorator$ObservationFilter.wrapFilter(ObservationFilterChainDecorator.java:240)
	at org.springframework.security.web.ObservationFilterChainDecorator$ObservationFilter.doFilter(ObservationFilterChainDecorator.java:227)
	at org.springframework.security.web.ObservationFilterChainDecorator$VirtualFilterChain.doFilter(ObservationFilterChainDecorator.java:137)
	at org.springframework.security.web.context.SecurityContextHolderFilter.doFilter(SecurityContextHolderFilter.java:82)
	at org.springframework.security.web.context.SecurityContextHolderFilter.doFilter(SecurityContextHolderFilter.java:69)
	at org.springframework.security.web.ObservationFilterChainDecorator$ObservationFilter.wrapFilter(ObservationFilterChainDecorator.java:240)
	at org.springframework.security.web.ObservationFilterChainDecorator$ObservationFilter.doFilter(ObservationFilterChainDecorator.java:227)
	at org.springframework.security.web.ObservationFilterChainDecorator$VirtualFilterChain.doFilter(ObservationFilterChainDecorator.java:137)
	at org.springframework.security.web.context.request.async.WebAsyncManagerIntegrationFilter.doFilterInternal(WebAsyncManagerIntegrationFilter.java:62)
	at org.springframework.web.filter.OncePerRequestFilter.doFilter(OncePerRequestFilter.java:116)
	at org.springframework.security.web.ObservationFilterChainDecorator$ObservationFilter.wrapFilter(ObservationFilterChainDecorator.java:240)
	at org.springframework.security.web.ObservationFilterChainDecorator$ObservationFilter.doFilter(ObservationFilterChainDecorator.java:227)
	at org.springframework.security.web.ObservationFilterChainDecorator$VirtualFilterChain.doFilter(ObservationFilterChainDecorator.java:137)
	at org.springframework.security.web.session.DisableEncodeUrlFilter.doFilterInternal(DisableEncodeUrlFilter.java:42)
	at org.springframework.web.filter.OncePerRequestFilter.doFilter(OncePerRequestFilter.java:116)
	at org.springframework.security.web.ObservationFilterChainDecorator$ObservationFilter.wrapFilter(ObservationFilterChainDecorator.java:240)
	at org.springframework.security.web.ObservationFilterChainDecorator$AroundFilterObservation$SimpleAroundFilterObservation.lambda$wrap$0(ObservationFilterChainDecorator.java:323)
	at org.springframework.security.web.ObservationFilterChainDecorator$ObservationFilter.doFilter(ObservationFilterChainDecorator.java:224)
	at org.springframework.security.web.ObservationFilterChainDecorator$VirtualFilterChain.doFilter(ObservationFilterChainDecorator.java:137)
	at org.springframework.security.web.FilterChainProxy.doFilterInternal(FilterChainProxy.java:233)
	at org.springframework.security.web.FilterChainProxy.doFilter(FilterChainProxy.java:191)
	at org.springframework.web.filter.CompositeFilter$VirtualFilterChain.doFilter(CompositeFilter.java:113)
	at org.springframework.web.servlet.handler.HandlerMappingIntrospector.lambda$createCacheFilter$3(HandlerMappingIntrospector.java:195)
	at org.springframework.web.filter.CompositeFilter$VirtualFilterChain.doFilter(CompositeFilter.java:113)
	at org.springframework.web.filter.CompositeFilter.doFilter(CompositeFilter.java:74)
	at org.springframework.security.config.annotation.web.configuration.WebMvcSecurityConfiguration$CompositeFilterChainProxy.doFilter(WebMvcSecurityConfiguration.java:230)
	at org.springframework.web.filter.DelegatingFilterProxy.invokeDelegate(DelegatingFilterProxy.java:352)
	at org.springframework.web.filter.DelegatingFilterProxy.doFilter(DelegatingFilterProxy.java:268)
	at org.apache.catalina.core.ApplicationFilterChain.internalDoFilter(ApplicationFilterChain.java:164)
	at org.apache.catalina.core.ApplicationFilterChain.doFilter(ApplicationFilterChain.java:140)
	at org.springframework.web.filter.RequestContextFilter.doFilterInternal(RequestContextFilter.java:100)
	at org.springframework.web.filter.OncePerRequestFilter.doFilter(OncePerRequestFilter.java:116)
	at org.apache.catalina.core.ApplicationFilterChain.internalDoFilter(ApplicationFilterChain.java:164)
	at org.apache.catalina.core.ApplicationFilterChain.doFilter(ApplicationFilterChain.java:140)
	at org.springframework.web.filter.FormContentFilter.doFilterInternal(FormContentFilter.java:93)
	at org.springframework.web.filter.OncePerRequestFilter.doFilter(OncePerRequestFilter.java:116)
	at org.apache.catalina.core.ApplicationFilterChain.internalDoFilter(ApplicationFilterChain.java:164)
	at org.apache.catalina.core.ApplicationFilterChain.doFilter(ApplicationFilterChain.java:140)
	at org.springframework.web.filter.ServerHttpObservationFilter.doFilterInternal(ServerHttpObservationFilter.java:113)
	at org.springframework.web.filter.OncePerRequestFilter.doFilter(OncePerRequestFilter.java:116)
	at org.apache.catalina.core.ApplicationFilterChain.internalDoFilter(ApplicationFilterChain.java:164)
	at org.apache.catalina.core.ApplicationFilterChain.doFilter(ApplicationFilterChain.java:140)
	at org.springframework.web.filter.CharacterEncodingFilter.doFilterInternal(CharacterEncodingFilter.java:201)
	at org.springframework.web.filter.OncePerRequestFilter.doFilter(OncePerRequestFilter.java:116)
	at org.apache.catalina.core.ApplicationFilterChain.internalDoFilter(ApplicationFilterChain.java:164)
	at org.apache.catalina.core.ApplicationFilterChain.doFilter(ApplicationFilterChain.java:140)
	at org.apache.catalina.core.StandardWrapperValve.invoke(StandardWrapperValve.java:167)
	at org.apache.catalina.core.StandardContextValve.invoke(StandardContextValve.java:90)
	at org.apache.catalina.authenticator.AuthenticatorBase.invoke(AuthenticatorBase.java:483)
	at org.apache.catalina.core.StandardHostValve.invoke(StandardHostValve.java:115)
	at org.apache.catalina.valves.ErrorReportValve.invoke(ErrorReportValve.java:93)
	at org.apache.catalina.core.StandardEngineValve.invoke(StandardEngineValve.java:74)
	at org.apache.catalina.connector.CoyoteAdapter.service(CoyoteAdapter.java:344)
	at org.apache.coyote.http11.Http11Processor.service(Http11Processor.java:384)
	at org.apache.coyote.AbstractProcessorLight.process(AbstractProcessorLight.java:63)
	at org.apache.coyote.AbstractProtocol$ConnectionHandler.process(AbstractProtocol.java:905)
	at org.apache.tomcat.util.net.NioEndpoint$SocketProcessor.doRun(NioEndpoint.java:1741)
	at org.apache.tomcat.util.net.SocketProcessorBase.run(SocketProcessorBase.java:52)
	at org.apache.tomcat.util.threads.ThreadPoolExecutor.runWorker(ThreadPoolExecutor.java:1190)
	at org.apache.tomcat.util.threads.ThreadPoolExecutor$Worker.run(ThreadPoolExecutor.java:659)
	at org.apache.tomcat.util.threads.TaskThread$WrappingRunnable.run(TaskThread.java:63)
	at java.base/java.lang.Thread.run(Thread.java:842)
2024-10-14 01:28:23 [http-nio-5000-exec-3] WARN  o.h.e.jdbc.spi.SqlExceptionHelper - SQL Error: 23503, SQLState: 23503
2024-10-14 01:28:23 [http-nio-5000-exec-3] ERROR o.h.e.jdbc.spi.SqlExceptionHelper - Referential integrity constraint violation: "FKL5IUNAQ5YBFBRCQ6CVQOK6PVD: PUBLIC.REVIEW FOREIGN KEY(FILM_ID) REFERENCES PUBLIC.FILMS_FILM(ID) (CAST(1 AS BIGINT))"; SQL statement:
delete from films_film where id=? [23503-224]
2024-10-14 01:28:23 [http-nio-5000-exec-3] ERROR o.a.c.c.C.[.[.[.[dispatcherServlet] - Servlet.service() for servlet [dispatcherServlet] in context with path [] threw exception [Request processing failed: org.springframework.dao.DataIntegrityViolationException: could not execute statement [Referential integrity constraint violation: "FKL5IUNAQ5YBFBRCQ6CVQOK6PVD: PUBLIC.REVIEW FOREIGN KEY(FILM_ID) REFERENCES PUBLIC.FILMS_FILM(ID) (CAST(1 AS BIGINT))"; SQL statement:
delete from films_film where id=? [23503-224]] [delete from films_film where id=?]; SQL [delete from films_film where id=?]; constraint [FKL5IUNAQ5YBFBRCQ6CVQOK6PVD: PUBLIC.REVIEW FOREIGN KEY(FILM_ID) REFERENCES PUBLIC.FILMS_FILM(ID) (CAST(1 AS BIGINT)); SQL statement:
delete from films_film where id=? [23503-224]]] with root cause
org.h2.jdbc.JdbcSQLIntegrityConstraintViolationException: Referential integrity constraint violation: "FKL5IUNAQ5YBFBRCQ6CVQOK6PVD: PUBLIC.REVIEW FOREIGN KEY(FILM_ID) REFERENCES PUBLIC.FILMS_FILM(ID) (CAST(1 AS BIGINT))"; SQL statement:
delete from films_film where id=? [23503-224]
	at org.h2.message.DbException.getJdbcSQLException(DbException.java:520)
	at org.h2.message.DbException.getJdbcSQLException(DbException.java:489)
	at org.h2.message.DbException.get(DbException.java:223)
	at org.h2.message.DbException.get(DbException.java:199)
	at org.h2.constraint.ConstraintReferential.checkRow(ConstraintReferential.java:365)
	at org.h2.constraint.ConstraintReferential.checkRowRefTable(ConstraintReferential.java:382)
	at org.h2.constraint.ConstraintReferential.checkRow(ConstraintReferential.java:256)
	at org.h2.table.Table.fireConstraints(Table.java:1200)
	at org.h2.table.Table.fireAfterRow(Table.java:1218)
	at org.h2.command.dml.Delete.update(Delete.java:92)
	at org.h2.command.dml.DataChangeStatement.update(DataChangeStatement.java:74)
	at org.h2.command.CommandContainer.update(CommandContainer.java:169)
	at org.h2.command.Command.executeUpdate(Command.java:256)
	at org.h2.jdbc.JdbcPreparedStatement.executeUpdateInternal(JdbcPreparedStatement.java:216)
	at org.h2.jdbc.JdbcPreparedStatement.executeUpdate(JdbcPreparedStatement.java:174)
	at com.zaxxer.hikari.pool.ProxyPreparedStatement.executeUpdate(ProxyPreparedStatement.java:61)
	at com.zaxxer.hikari.pool.HikariProxyPreparedStatement.executeUpdate(HikariProxyPreparedStatement.java)
	at org.hibernate.engine.jdbc.internal.ResultSetReturnImpl.executeUpdate(ResultSetReturnImpl.java:194)
	at org.hibernate.engine.jdbc.mutation.internal.AbstractMutationExecutor.performNonBatchedMutation(AbstractMutationExecutor.java:134)
	at org.hibernate.engine.jdbc.mutation.internal.MutationExecutorSingleNonBatched.performNonBatchedOperations(MutationExecutorSingleNonBatched.java:55)
	at org.hibernate.engine.jdbc.mutation.internal.AbstractMutationExecutor.execute(AbstractMutationExecutor.java:55)
	at org.hibernate.persister.entity.mutation.AbstractDeleteCoordinator.doStaticDelete(AbstractDeleteCoordinator.java:279)
	at org.hibernate.persister.entity.mutation.AbstractDeleteCoordinator.delete(AbstractDeleteCoordinator.java:87)
	at org.hibernate.action.internal.EntityDeleteAction.execute(EntityDeleteAction.java:131)
	at org.hibernate.engine.spi.ActionQueue.executeActions(ActionQueue.java:633)
	at org.hibernate.engine.spi.ActionQueue.executeActions(ActionQueue.java:500)
	at org.hibernate.event.internal.AbstractFlushingEventListener.performExecutions(AbstractFlushingEventListener.java:385)
	at org.hibernate.event.internal.DefaultFlushEventListener.onFlush(DefaultFlushEventListener.java:41)
	at org.hibernate.event.service.internal.EventListenerGroupImpl.fireEventOnEachListener(EventListenerGroupImpl.java:127)
	at org.hibernate.internal.SessionImpl.doFlush(SessionImpl.java:1425)
	at org.hibernate.internal.SessionImpl.managedFlush(SessionImpl.java:487)
	at org.hibernate.internal.SessionImpl.flushBeforeTransactionCompletion(SessionImpl.java:2324)
	at org.hibernate.internal.SessionImpl.beforeTransactionCompletion(SessionImpl.java:1981)
	at org.hibernate.engine.jdbc.internal.JdbcCoordinatorImpl.beforeTransactionCompletion(JdbcCoordinatorImpl.java:439)
	at org.hibernate.resource.transaction.backend.jdbc.internal.JdbcResourceLocalTransactionCoordinatorImpl.beforeCompletionCallback(JdbcResourceLocalTransactionCoordinatorImpl.java:169)
	at org.hibernate.resource.transaction.backend.jdbc.internal.JdbcResourceLocalTransactionCoordinatorImpl$TransactionDriverControlImpl.commit(JdbcResourceLocalTransactionCoordinatorImpl.java:267)
	at org.hibernate.engine.transaction.internal.TransactionImpl.commit(TransactionImpl.java:101)
	at org.springframework.orm.jpa.JpaTransactionManager.doCommit(JpaTransactionManager.java:562)
	at org.springframework.transaction.support.AbstractPlatformTransactionManager.processCommit(AbstractPlatformTransactionManager.java:795)
	at org.springframework.transaction.support.AbstractPlatformTransactionManager.commit(AbstractPlatformTransactionManager.java:758)
	at org.springframework.transaction.interceptor.TransactionAspectSupport.commitTransactionAfterReturning(TransactionAspectSupport.java:663)
	at org.springframework.transaction.interceptor.TransactionAspectSupport.invokeWithinTransaction(TransactionAspectSupport.java:413)
	at org.springframework.transaction.interceptor.TransactionInterceptor.invoke(TransactionInterceptor.java:119)
	at org.springframework.aop.framework.ReflectiveMethodInvocation.proceed(ReflectiveMethodInvocation.java:184)
	at org.springframework.dao.support.PersistenceExceptionTranslationInterceptor.invoke(PersistenceExceptionTranslationInterceptor.java:138)
	at org.springframework.aop.framework.ReflectiveMethodInvocation.proceed(ReflectiveMethodInvocation.java:184)
	at org.springframework.data.jpa.repository.support.CrudMethodMetadataPostProcessor$CrudMethodMetadataPopulatingMethodInterceptor.invoke(CrudMethodMetadataPostProcessor.java:165)
	at org.springframework.aop.framework.ReflectiveMethodInvocation.proceed(ReflectiveMethodInvocation.java:184)
	at org.springframework.aop.interceptor.ExposeInvocationInterceptor.invoke(ExposeInvocationInterceptor.java:97)
	at org.springframework.aop.framework.ReflectiveMethodInvocation.proceed(ReflectiveMethodInvocation.java:184)
	at org.springframework.aop.framework.JdkDynamicAopProxy.invoke(JdkDynamicAopProxy.java:223)
	at jdk.proxy2/jdk.proxy2.$Proxy161.deleteById(Unknown Source)
	at gov.la.webserver.films.service.impl.FilmServiceImpl.deleteFilm(FilmServiceImpl.java:65)
	at gov.la.webserver.films.controllers.FilmController.deleteFilm(FilmController.java:49)
	at java.base/jdk.internal.reflect.NativeMethodAccessorImpl.invoke0(Native Method)
	at java.base/jdk.internal.reflect.NativeMethodAccessorImpl.invoke(NativeMethodAccessorImpl.java:77)
	at java.base/jdk.internal.reflect.DelegatingMethodAccessorImpl.invoke(DelegatingMethodAccessorImpl.java:43)
	at java.base/java.lang.reflect.Method.invoke(Method.java:568)
	at org.springframework.aop.support.AopUtils.invokeJoinpointUsingReflection(AopUtils.java:355)
	at org.springframework.aop.framework.ReflectiveMethodInvocation.invokeJoinpoint(ReflectiveMethodInvocation.java:196)
	at org.springframework.aop.framework.ReflectiveMethodInvocation.proceed(ReflectiveMethodInvocation.java:163)
	at org.springframework.aop.framework.CglibAopProxy$CglibMethodInvocation.proceed(CglibAopProxy.java:768)
	at org.springframework.security.authorization.method.AuthorizationManagerBeforeMethodInterceptor.proceed(AuthorizationManagerBeforeMethodInterceptor.java:269)
	at org.springframework.security.authorization.method.AuthorizationManagerBeforeMethodInterceptor.attemptAuthorization(AuthorizationManagerBeforeMethodInterceptor.java:264)
	at org.springframework.security.authorization.method.AuthorizationManagerBeforeMethodInterceptor.invoke(AuthorizationManagerBeforeMethodInterceptor.java:197)
	at org.springframework.security.config.annotation.method.configuration.DeferringMethodInterceptor.invoke(DeferringMethodInterceptor.java:44)
	at org.springframework.aop.framework.ReflectiveMethodInvocation.proceed(ReflectiveMethodInvocation.java:184)
	at org.springframework.aop.framework.CglibAopProxy$CglibMethodInvocation.proceed(CglibAopProxy.java:768)
	at org.springframework.aop.framework.CglibAopProxy$DynamicAdvisedInterceptor.intercept(CglibAopProxy.java:720)
	at gov.la.webserver.films.controllers.FilmController$$SpringCGLIB$$0.deleteFilm(<generated>)
	at java.base/jdk.internal.reflect.NativeMethodAccessorImpl.invoke0(Native Method)
	at java.base/jdk.internal.reflect.NativeMethodAccessorImpl.invoke(NativeMethodAccessorImpl.java:77)
	at java.base/jdk.internal.reflect.DelegatingMethodAccessorImpl.invoke(DelegatingMethodAccessorImpl.java:43)
	at java.base/java.lang.reflect.Method.invoke(Method.java:568)
	at org.springframework.web.method.support.InvocableHandlerMethod.doInvoke(InvocableHandlerMethod.java:255)
	at org.springframework.web.method.support.InvocableHandlerMethod.invokeForRequest(InvocableHandlerMethod.java:188)
	at org.springframework.web.servlet.mvc.method.annotation.ServletInvocableHandlerMethod.invokeAndHandle(ServletInvocableHandlerMethod.java:118)
	at org.springframework.web.servlet.mvc.method.annotation.RequestMappingHandlerAdapter.invokeHandlerMethod(RequestMappingHandlerAdapter.java:926)
	at org.springframework.web.servlet.mvc.method.annotation.RequestMappingHandlerAdapter.handleInternal(RequestMappingHandlerAdapter.java:831)
	at org.springframework.web.servlet.mvc.method.AbstractHandlerMethodAdapter.handle(AbstractHandlerMethodAdapter.java:87)
	at org.springframework.web.servlet.DispatcherServlet.doDispatch(DispatcherServlet.java:1089)
	at org.springframework.web.servlet.DispatcherServlet.doService(DispatcherServlet.java:979)
	at org.springframework.web.servlet.FrameworkServlet.processRequest(FrameworkServlet.java:1014)
	at org.springframework.web.servlet.FrameworkServlet.doDelete(FrameworkServlet.java:936)
	at jakarta.servlet.http.HttpServlet.service(HttpServlet.java:596)
	at org.springframework.web.servlet.FrameworkServlet.service(FrameworkServlet.java:885)
	at jakarta.servlet.http.HttpServlet.service(HttpServlet.java:658)
	at org.apache.catalina.core.ApplicationFilterChain.internalDoFilter(ApplicationFilterChain.java:195)
	at org.apache.catalina.core.ApplicationFilterChain.doFilter(ApplicationFilterChain.java:140)
	at org.apache.tomcat.websocket.server.WsFilter.doFilter(WsFilter.java:51)
	at org.apache.catalina.core.ApplicationFilterChain.internalDoFilter(ApplicationFilterChain.java:164)
	at org.apache.catalina.core.ApplicationFilterChain.doFilter(ApplicationFilterChain.java:140)
	at org.springframework.web.filter.CompositeFilter$VirtualFilterChain.doFilter(CompositeFilter.java:108)
	at org.springframework.security.web.FilterChainProxy.lambda$doFilterInternal$3(FilterChainProxy.java:231)
	at org.springframework.security.web.ObservationFilterChainDecorator$FilterObservation$SimpleFilterObservation.lambda$wrap$1(ObservationFilterChainDecorator.java:479)
	at org.springframework.security.web.ObservationFilterChainDecorator$AroundFilterObservation$SimpleAroundFilterObservation.lambda$wrap$1(ObservationFilterChainDecorator.java:340)
	at org.springframework.security.web.ObservationFilterChainDecorator.lambda$wrapSecured$0(ObservationFilterChainDecorator.java:82)
	at org.springframework.security.web.ObservationFilterChainDecorator$VirtualFilterChain.doFilter(ObservationFilterChainDecorator.java:128)
	at org.springframework.security.web.access.intercept.AuthorizationFilter.doFilter(AuthorizationFilter.java:100)
	at org.springframework.security.web.ObservationFilterChainDecorator$ObservationFilter.wrapFilter(ObservationFilterChainDecorator.java:240)
	at org.springframework.security.web.ObservationFilterChainDecorator$ObservationFilter.doFilter(ObservationFilterChainDecorator.java:227)
	at org.springframework.security.web.ObservationFilterChainDecorator$VirtualFilterChain.doFilter(ObservationFilterChainDecorator.java:137)
	at org.springframework.security.web.access.ExceptionTranslationFilter.doFilter(ExceptionTranslationFilter.java:126)
	at org.springframework.security.web.access.ExceptionTranslationFilter.doFilter(ExceptionTranslationFilter.java:120)
	at org.springframework.security.web.ObservationFilterChainDecorator$ObservationFilter.wrapFilter(ObservationFilterChainDecorator.java:240)
	at org.springframework.security.web.ObservationFilterChainDecorator$ObservationFilter.doFilter(ObservationFilterChainDecorator.java:227)
	at org.springframework.security.web.ObservationFilterChainDecorator$VirtualFilterChain.doFilter(ObservationFilterChainDecorator.java:137)
	at org.springframework.security.web.authentication.AnonymousAuthenticationFilter.doFilter(AnonymousAuthenticationFilter.java:100)
	at org.springframework.security.web.ObservationFilterChainDecorator$ObservationFilter.wrapFilter(ObservationFilterChainDecorator.java:240)
	at org.springframework.security.web.ObservationFilterChainDecorator$ObservationFilter.doFilter(ObservationFilterChainDecorator.java:227)
	at org.springframework.security.web.ObservationFilterChainDecorator$VirtualFilterChain.doFilter(ObservationFilterChainDecorator.java:137)
	at org.springframework.security.web.servletapi.SecurityContextHolderAwareRequestFilter.doFilter(SecurityContextHolderAwareRequestFilter.java:179)
	at org.springframework.security.web.ObservationFilterChainDecorator$ObservationFilter.wrapFilter(ObservationFilterChainDecorator.java:240)
	at org.springframework.security.web.ObservationFilterChainDecorator$ObservationFilter.doFilter(ObservationFilterChainDecorator.java:227)
	at org.springframework.security.web.ObservationFilterChainDecorator$VirtualFilterChain.doFilter(ObservationFilterChainDecorator.java:137)
	at org.springframework.security.web.savedrequest.RequestCacheAwareFilter.doFilter(RequestCacheAwareFilter.java:63)
	at org.springframework.security.web.ObservationFilterChainDecorator$ObservationFilter.wrapFilter(ObservationFilterChainDecorator.java:240)
	at org.springframework.security.web.ObservationFilterChainDecorator$ObservationFilter.doFilter(ObservationFilterChainDecorator.java:227)
	at org.springframework.security.web.ObservationFilterChainDecorator$VirtualFilterChain.doFilter(ObservationFilterChainDecorator.java:137)
	at org.springframework.security.web.authentication.www.BasicAuthenticationFilter.doFilterInternal(BasicAuthenticationFilter.java:213)
	at org.springframework.web.filter.OncePerRequestFilter.doFilter(OncePerRequestFilter.java:116)
	at org.springframework.security.web.ObservationFilterChainDecorator$ObservationFilter.wrapFilter(ObservationFilterChainDecorator.java:240)
	at org.springframework.security.web.ObservationFilterChainDecorator$ObservationFilter.doFilter(ObservationFilterChainDecorator.java:227)
	at org.springframework.security.web.ObservationFilterChainDecorator$VirtualFilterChain.doFilter(ObservationFilterChainDecorator.java:137)
	at org.springframework.security.web.authentication.ui.DefaultLogoutPageGeneratingFilter.doFilterInternal(DefaultLogoutPageGeneratingFilter.java:58)
	at org.springframework.web.filter.OncePerRequestFilter.doFilter(OncePerRequestFilter.java:116)
	at org.springframework.security.web.ObservationFilterChainDecorator$ObservationFilter.wrapFilter(ObservationFilterChainDecorator.java:240)
	at org.springframework.security.web.ObservationFilterChainDecorator$ObservationFilter.doFilter(ObservationFilterChainDecorator.java:227)
	at org.springframework.security.web.ObservationFilterChainDecorator$VirtualFilterChain.doFilter(ObservationFilterChainDecorator.java:137)
	at org.springframework.security.web.authentication.ui.DefaultLoginPageGeneratingFilter.doFilter(DefaultLoginPageGeneratingFilter.java:189)
	at org.springframework.security.web.authentication.ui.DefaultLoginPageGeneratingFilter.doFilter(DefaultLoginPageGeneratingFilter.java:175)
	at org.springframework.security.web.ObservationFilterChainDecorator$ObservationFilter.wrapFilter(ObservationFilterChainDecorator.java:240)
	at org.springframework.security.web.ObservationFilterChainDecorator$ObservationFilter.doFilter(ObservationFilterChainDecorator.java:227)
	at org.springframework.security.web.ObservationFilterChainDecorator$VirtualFilterChain.doFilter(ObservationFilterChainDecorator.java:137)
	at org.springframework.security.web.authentication.AbstractAuthenticationProcessingFilter.doFilter(AbstractAuthenticationProcessingFilter.java:227)
	at org.springframework.security.web.authentication.AbstractAuthenticationProcessingFilter.doFilter(AbstractAuthenticationProcessingFilter.java:221)
	at org.springframework.security.web.ObservationFilterChainDecorator$ObservationFilter.wrapFilter(ObservationFilterChainDecorator.java:240)
	at org.springframework.security.web.ObservationFilterChainDecorator$ObservationFilter.doFilter(ObservationFilterChainDecorator.java:227)
	at org.springframework.security.web.ObservationFilterChainDecorator$VirtualFilterChain.doFilter(ObservationFilterChainDecorator.java:137)
	at org.springframework.security.web.authentication.logout.LogoutFilter.doFilter(LogoutFilter.java:107)
	at org.springframework.security.web.authentication.logout.LogoutFilter.doFilter(LogoutFilter.java:93)
	at org.springframework.security.web.ObservationFilterChainDecorator$ObservationFilter.wrapFilter(ObservationFilterChainDecorator.java:240)
	at org.springframework.security.web.ObservationFilterChainDecorator$ObservationFilter.doFilter(ObservationFilterChainDecorator.java:227)
	at org.springframework.security.web.ObservationFilterChainDecorator$VirtualFilterChain.doFilter(ObservationFilterChainDecorator.java:137)
	at org.springframework.security.web.header.HeaderWriterFilter.doHeadersAfter(HeaderWriterFilter.java:90)
	at org.springframework.security.web.header.HeaderWriterFilter.doFilterInternal(HeaderWriterFilter.java:75)
	at org.springframework.web.filter.OncePerRequestFilter.doFilter(OncePerRequestFilter.java:116)
	at org.springframework.security.web.ObservationFilterChainDecorator$ObservationFilter.wrapFilter(ObservationFilterChainDecorator.java:240)
	at org.springframework.security.web.ObservationFilterChainDecorator$ObservationFilter.doFilter(ObservationFilterChainDecorator.java:227)
	at org.springframework.security.web.ObservationFilterChainDecorator$VirtualFilterChain.doFilter(ObservationFilterChainDecorator.java:137)
	at org.springframework.security.web.context.SecurityContextHolderFilter.doFilter(SecurityContextHolderFilter.java:82)
	at org.springframework.security.web.context.SecurityContextHolderFilter.doFilter(SecurityContextHolderFilter.java:69)
	at org.springframework.security.web.ObservationFilterChainDecorator$ObservationFilter.wrapFilter(ObservationFilterChainDecorator.java:240)
	at org.springframework.security.web.ObservationFilterChainDecorator$ObservationFilter.doFilter(ObservationFilterChainDecorator.java:227)
	at org.springframework.security.web.ObservationFilterChainDecorator$VirtualFilterChain.doFilter(ObservationFilterChainDecorator.java:137)
	at org.springframework.security.web.context.request.async.WebAsyncManagerIntegrationFilter.doFilterInternal(WebAsyncManagerIntegrationFilter.java:62)
	at org.springframework.web.filter.OncePerRequestFilter.doFilter(OncePerRequestFilter.java:116)
	at org.springframework.security.web.ObservationFilterChainDecorator$ObservationFilter.wrapFilter(ObservationFilterChainDecorator.java:240)
	at org.springframework.security.web.ObservationFilterChainDecorator$ObservationFilter.doFilter(ObservationFilterChainDecorator.java:227)
	at org.springframework.security.web.ObservationFilterChainDecorator$VirtualFilterChain.doFilter(ObservationFilterChainDecorator.java:137)
	at org.springframework.security.web.session.DisableEncodeUrlFilter.doFilterInternal(DisableEncodeUrlFilter.java:42)
	at org.springframework.web.filter.OncePerRequestFilter.doFilter(OncePerRequestFilter.java:116)
	at org.springframework.security.web.ObservationFilterChainDecorator$ObservationFilter.wrapFilter(ObservationFilterChainDecorator.java:240)
	at org.springframework.security.web.ObservationFilterChainDecorator$AroundFilterObservation$SimpleAroundFilterObservation.lambda$wrap$0(ObservationFilterChainDecorator.java:323)
	at org.springframework.security.web.ObservationFilterChainDecorator$ObservationFilter.doFilter(ObservationFilterChainDecorator.java:224)
	at org.springframework.security.web.ObservationFilterChainDecorator$VirtualFilterChain.doFilter(ObservationFilterChainDecorator.java:137)
	at org.springframework.security.web.FilterChainProxy.doFilterInternal(FilterChainProxy.java:233)
	at org.springframework.security.web.FilterChainProxy.doFilter(FilterChainProxy.java:191)
	at org.springframework.web.filter.CompositeFilter$VirtualFilterChain.doFilter(CompositeFilter.java:113)
	at org.springframework.web.servlet.handler.HandlerMappingIntrospector.lambda$createCacheFilter$3(HandlerMappingIntrospector.java:195)
	at org.springframework.web.filter.CompositeFilter$VirtualFilterChain.doFilter(CompositeFilter.java:113)
	at org.springframework.web.filter.CompositeFilter.doFilter(CompositeFilter.java:74)
	at org.springframework.security.config.annotation.web.configuration.WebMvcSecurityConfiguration$CompositeFilterChainProxy.doFilter(WebMvcSecurityConfiguration.java:230)
	at org.springframework.web.filter.DelegatingFilterProxy.invokeDelegate(DelegatingFilterProxy.java:352)
	at org.springframework.web.filter.DelegatingFilterProxy.doFilter(DelegatingFilterProxy.java:268)
	at org.apache.catalina.core.ApplicationFilterChain.internalDoFilter(ApplicationFilterChain.java:164)
	at org.apache.catalina.core.ApplicationFilterChain.doFilter(ApplicationFilterChain.java:140)
	at org.springframework.web.filter.RequestContextFilter.doFilterInternal(RequestContextFilter.java:100)
	at org.springframework.web.filter.OncePerRequestFilter.doFilter(OncePerRequestFilter.java:116)
	at org.apache.catalina.core.ApplicationFilterChain.internalDoFilter(ApplicationFilterChain.java:164)
	at org.apache.catalina.core.ApplicationFilterChain.doFilter(ApplicationFilterChain.java:140)
	at org.springframework.web.filter.FormContentFilter.doFilterInternal(FormContentFilter.java:93)
	at org.springframework.web.filter.OncePerRequestFilter.doFilter(OncePerRequestFilter.java:116)
	at org.apache.catalina.core.ApplicationFilterChain.internalDoFilter(ApplicationFilterChain.java:164)
	at org.apache.catalina.core.ApplicationFilterChain.doFilter(ApplicationFilterChain.java:140)
	at org.springframework.web.filter.ServerHttpObservationFilter.doFilterInternal(ServerHttpObservationFilter.java:113)
	at org.springframework.web.filter.OncePerRequestFilter.doFilter(OncePerRequestFilter.java:116)
	at org.apache.catalina.core.ApplicationFilterChain.internalDoFilter(ApplicationFilterChain.java:164)
	at org.apache.catalina.core.ApplicationFilterChain.doFilter(ApplicationFilterChain.java:140)
	at org.springframework.web.filter.CharacterEncodingFilter.doFilterInternal(CharacterEncodingFilter.java:201)
	at org.springframework.web.filter.OncePerRequestFilter.doFilter(OncePerRequestFilter.java:116)
	at org.apache.catalina.core.ApplicationFilterChain.internalDoFilter(ApplicationFilterChain.java:164)
	at org.apache.catalina.core.ApplicationFilterChain.doFilter(ApplicationFilterChain.java:140)
	at org.apache.catalina.core.StandardWrapperValve.invoke(StandardWrapperValve.java:167)
	at org.apache.catalina.core.StandardContextValve.invoke(StandardContextValve.java:90)
	at org.apache.catalina.authenticator.AuthenticatorBase.invoke(AuthenticatorBase.java:483)
	at org.apache.catalina.core.StandardHostValve.invoke(StandardHostValve.java:115)
	at org.apache.catalina.valves.ErrorReportValve.invoke(ErrorReportValve.java:93)
	at org.apache.catalina.core.StandardEngineValve.invoke(StandardEngineValve.java:74)
	at org.apache.catalina.connector.CoyoteAdapter.service(CoyoteAdapter.java:344)
	at org.apache.coyote.http11.Http11Processor.service(Http11Processor.java:384)
	at org.apache.coyote.AbstractProcessorLight.process(AbstractProcessorLight.java:63)
	at org.apache.coyote.AbstractProtocol$ConnectionHandler.process(AbstractProtocol.java:905)
	at org.apache.tomcat.util.net.NioEndpoint$SocketProcessor.doRun(NioEndpoint.java:1741)
	at org.apache.tomcat.util.net.SocketProcessorBase.run(SocketProcessorBase.java:52)
	at org.apache.tomcat.util.threads.ThreadPoolExecutor.runWorker(ThreadPoolExecutor.java:1190)
	at org.apache.tomcat.util.threads.ThreadPoolExecutor$Worker.run(ThreadPoolExecutor.java:659)
	at org.apache.tomcat.util.threads.TaskThread$WrappingRunnable.run(TaskThread.java:63)
	at java.base/java.lang.Thread.run(Thread.java:842)
2024-10-14 01:28:46 [SpringApplicationShutdownHook] INFO  o.s.o.j.LocalContainerEntityManagerFactoryBean - Closing JPA EntityManagerFactory for persistence unit 'default'
2024-10-14 01:28:46 [SpringApplicationShutdownHook] INFO  com.zaxxer.hikari.HikariDataSource - HikariPool-1 - Shutdown initiated...
2024-10-14 01:28:46 [SpringApplicationShutdownHook] INFO  com.zaxxer.hikari.HikariDataSource - HikariPool-1 - Shutdown completed.
2024-10-14 09:20:50 [main] INFO  g.la.webserver.WebserverApplication - Starting WebserverApplication using Java 17.0.12 with PID 879 (/Users/kmpc/webserver/build/classes/java/main started by kmpc in /Users/kmpc/webserver)
2024-10-14 09:20:50 [main] DEBUG g.la.webserver.WebserverApplication - Running with Spring Boot v3.3.4, Spring v6.1.13
2024-10-14 09:20:50 [main] INFO  g.la.webserver.WebserverApplication - No active profile set, falling back to 1 default profile: "default"
2024-10-14 09:20:52 [main] INFO  o.s.d.r.c.RepositoryConfigurationDelegate - Bootstrapping Spring Data JPA repositories in DEFAULT mode.
2024-10-14 09:20:53 [main] INFO  o.s.d.r.c.RepositoryConfigurationDelegate - Finished Spring Data repository scanning in 317 ms. Found 4 JPA repository interfaces.
2024-10-14 09:20:54 [main] INFO  o.s.b.w.e.tomcat.TomcatWebServer - Tomcat initialized with port 5000 (http)
2024-10-14 09:20:54 [main] INFO  o.a.coyote.http11.Http11NioProtocol - Initializing ProtocolHandler ["http-nio-5000"]
2024-10-14 09:20:54 [main] INFO  o.a.catalina.core.StandardService - Starting service [Tomcat]
2024-10-14 09:20:54 [main] INFO  o.a.catalina.core.StandardEngine - Starting Servlet engine: [Apache Tomcat/10.1.30]
2024-10-14 09:20:54 [main] INFO  o.a.c.c.C.[Tomcat].[localhost].[/] - Initializing Spring embedded WebApplicationContext
2024-10-14 09:20:54 [main] INFO  o.s.b.w.s.c.ServletWebServerApplicationContext - Root WebApplicationContext: initialization completed in 3707 ms
2024-10-14 09:20:54 [main] INFO  com.zaxxer.hikari.HikariDataSource - HikariPool-1 - Starting...
2024-10-14 09:20:55 [main] INFO  com.zaxxer.hikari.pool.HikariPool - HikariPool-1 - Added connection conn0: url=jdbc:h2:mem:test user=SA
2024-10-14 09:20:55 [main] INFO  com.zaxxer.hikari.HikariDataSource - HikariPool-1 - Start completed.
2024-10-14 09:20:55 [main] INFO  o.s.b.a.h.H2ConsoleAutoConfiguration - H2 console available at '/h2-console'. Database available at 'jdbc:h2:mem:test'
2024-10-14 09:20:55 [main] INFO  o.h.jpa.internal.util.LogHelper - HHH000204: Processing PersistenceUnitInfo [name: default]
2024-10-14 09:20:55 [main] INFO  org.hibernate.Version - HHH000412: Hibernate ORM core version 6.5.3.Final
2024-10-14 09:20:55 [main] INFO  o.h.c.i.RegionFactoryInitiator - HHH000026: Second-level cache disabled
2024-10-14 09:20:56 [main] INFO  o.s.o.j.p.SpringPersistenceUnitInfo - No LoadTimeWeaver setup: ignoring JPA class transformer
2024-10-14 09:20:56 [main] WARN  org.hibernate.orm.deprecation - HHH90000025: H2Dialect does not need to be specified explicitly using 'hibernate.dialect' (remove the property setting and it will be selected by default)
2024-10-14 09:20:58 [main] INFO  o.h.e.t.j.p.i.JtaPlatformInitiator - HHH000489: No JTA platform available (set 'hibernate.transaction.jta.platform' to enable JTA platform integration)
2024-10-14 09:20:58 [main] INFO  o.s.o.j.LocalContainerEntityManagerFactoryBean - Initialized JPA EntityManagerFactory for persistence unit 'default'
2024-10-14 09:20:59 [main] INFO  o.s.s.c.a.a.c.InitializeUserDetailsBeanManagerConfigurer$InitializeUserDetailsManagerConfigurer - Global AuthenticationManager configured with UserDetailsService bean with name userLoginService
2024-10-14 09:20:59 [main] INFO  o.s.b.a.w.s.WelcomePageHandlerMapping - Adding welcome page template: index
2024-10-14 09:21:00 [main] INFO  o.s.b.a.e.web.EndpointLinksResolver - Exposing 15 endpoints beneath base path '/actuator'
2024-10-14 09:21:01 [main] INFO  o.a.coyote.http11.Http11NioProtocol - Starting ProtocolHandler ["http-nio-5000"]
2024-10-14 09:21:01 [main] INFO  o.s.b.w.e.tomcat.TomcatWebServer - Tomcat started on port 5000 (http) with context path '/'
2024-10-14 09:21:01 [main] INFO  g.la.webserver.WebserverApplication - Started WebserverApplication in 12.02 seconds (process running for 12.731)
2024-10-14 09:21:01 [scheduling-1] INFO  g.l.w.u.s.UserChangeLogScheduler - call clearChangeLog
2024-10-14 09:21:02 [scheduling-1] INFO  g.l.w.u.s.UserChangeLogScheduler - clear Logs completed!! true
2024-10-14 09:21:07 [registrationTask1] WARN  d.c.b.a.c.r.ApplicationRegistrator - Failed to register application as Application(name=spring-boot-application, managementUrl=http://172.20.10.7:5000/actuator, healthUrl=http://172.20.10.7:5000/actuator/health, serviceUrl=http://172.20.10.7:5000/) at spring-boot-admin ([http://localhost:8000/instances]): I/O error on POST request for "http://localhost:8000/instances": Connection refused. Further attempts are logged on DEBUG level
2024-10-14 09:22:00 [scheduling-1] INFO  g.l.w.u.s.UserChangeLogScheduler - call checkChangeLog
2024-10-14 09:22:00 [scheduling-1] INFO  g.l.w.u.s.UserChangeLogScheduler - check log completed!!
2024-10-14 09:22:01 [scheduling-1] INFO  g.l.w.u.s.UserChangeLogScheduler - call clearChangeLog
2024-10-14 09:22:01 [scheduling-1] INFO  g.l.w.u.s.UserChangeLogScheduler - clear Logs completed!! true
2024-10-14 09:23:00 [scheduling-1] INFO  g.l.w.u.s.UserChangeLogScheduler - call checkChangeLog
2024-10-14 09:23:00 [scheduling-1] INFO  g.l.w.u.s.UserChangeLogScheduler - check log completed!!
2024-10-14 09:23:02 [scheduling-1] INFO  g.l.w.u.s.UserChangeLogScheduler - call clearChangeLog
2024-10-14 09:23:02 [scheduling-1] INFO  g.l.w.u.s.UserChangeLogScheduler - clear Logs completed!! true
2024-10-14 09:40:17 [HikariPool-1 housekeeper] WARN  com.zaxxer.hikari.pool.HikariPool - HikariPool-1 - Thread starvation or clock leap detected (housekeeper delta=16m40s830ms).
2024-10-14 09:40:21 [scheduling-1] INFO  g.l.w.u.s.UserChangeLogScheduler - call checkChangeLog
2024-10-14 09:40:21 [scheduling-1] INFO  g.l.w.u.s.UserChangeLogScheduler - check log completed!!
2024-10-14 09:40:23 [scheduling-1] INFO  g.l.w.u.s.UserChangeLogScheduler - call clearChangeLog
2024-10-14 09:40:23 [scheduling-1] INFO  g.l.w.u.s.UserChangeLogScheduler - clear Logs completed!! true
2024-10-14 09:41:00 [scheduling-1] INFO  g.l.w.u.s.UserChangeLogScheduler - call checkChangeLog
2024-10-14 09:41:00 [scheduling-1] INFO  g.l.w.u.s.UserChangeLogScheduler - check log completed!!
2024-10-14 09:41:23 [scheduling-1] INFO  g.l.w.u.s.UserChangeLogScheduler - call clearChangeLog
2024-10-14 09:41:23 [scheduling-1] INFO  g.l.w.u.s.UserChangeLogScheduler - clear Logs completed!! true
2024-10-14 09:42:00 [scheduling-1] INFO  g.l.w.u.s.UserChangeLogScheduler - call checkChangeLog
2024-10-14 09:42:00 [scheduling-1] INFO  g.l.w.u.s.UserChangeLogScheduler - check log completed!!
2024-10-14 09:42:23 [scheduling-1] INFO  g.l.w.u.s.UserChangeLogScheduler - call clearChangeLog
2024-10-14 09:42:23 [scheduling-1] INFO  g.l.w.u.s.UserChangeLogScheduler - clear Logs completed!! true
2024-10-14 09:43:00 [scheduling-1] INFO  g.l.w.u.s.UserChangeLogScheduler - call checkChangeLog
2024-10-14 09:43:00 [scheduling-1] INFO  g.l.w.u.s.UserChangeLogScheduler - check log completed!!
2024-10-14 09:43:23 [scheduling-1] INFO  g.l.w.u.s.UserChangeLogScheduler - call clearChangeLog
2024-10-14 09:43:23 [scheduling-1] INFO  g.l.w.u.s.UserChangeLogScheduler - clear Logs completed!! true
2024-10-14 09:44:00 [scheduling-1] INFO  g.l.w.u.s.UserChangeLogScheduler - call checkChangeLog
2024-10-14 09:44:00 [scheduling-1] INFO  g.l.w.u.s.UserChangeLogScheduler - check log completed!!
2024-10-14 09:44:23 [scheduling-1] INFO  g.l.w.u.s.UserChangeLogScheduler - call clearChangeLog
2024-10-14 09:44:23 [scheduling-1] INFO  g.l.w.u.s.UserChangeLogScheduler - clear Logs completed!! true
2024-10-14 09:45:00 [scheduling-1] INFO  g.l.w.u.s.UserChangeLogScheduler - call checkChangeLog
2024-10-14 09:45:00 [scheduling-1] INFO  g.l.w.u.s.UserChangeLogScheduler - check log completed!!
2024-10-14 09:45:23 [scheduling-1] INFO  g.l.w.u.s.UserChangeLogScheduler - call clearChangeLog
2024-10-14 09:45:23 [scheduling-1] INFO  g.l.w.u.s.UserChangeLogScheduler - clear Logs completed!! true
2024-10-14 09:46:00 [scheduling-1] INFO  g.l.w.u.s.UserChangeLogScheduler - call checkChangeLog
2024-10-14 09:46:00 [scheduling-1] INFO  g.l.w.u.s.UserChangeLogScheduler - check log completed!!
2024-10-14 09:46:23 [scheduling-1] INFO  g.l.w.u.s.UserChangeLogScheduler - call clearChangeLog
2024-10-14 09:46:23 [scheduling-1] INFO  g.l.w.u.s.UserChangeLogScheduler - clear Logs completed!! true
2024-10-14 09:47:00 [scheduling-1] INFO  g.l.w.u.s.UserChangeLogScheduler - call checkChangeLog
2024-10-14 09:47:00 [scheduling-1] INFO  g.l.w.u.s.UserChangeLogScheduler - check log completed!!
2024-10-14 09:47:23 [scheduling-1] INFO  g.l.w.u.s.UserChangeLogScheduler - call clearChangeLog
2024-10-14 09:47:23 [scheduling-1] INFO  g.l.w.u.s.UserChangeLogScheduler - clear Logs completed!! true
2024-10-14 09:48:47 [scheduling-1] INFO  g.l.w.u.s.UserChangeLogScheduler - call checkChangeLog
2024-10-14 09:48:47 [scheduling-1] INFO  g.l.w.u.s.UserChangeLogScheduler - check log completed!!
2024-10-14 09:49:00 [scheduling-1] INFO  g.l.w.u.s.UserChangeLogScheduler - call checkChangeLog
2024-10-14 09:49:00 [scheduling-1] INFO  g.l.w.u.s.UserChangeLogScheduler - check log completed!!
2024-10-14 09:49:04 [HikariPool-1 housekeeper] WARN  com.zaxxer.hikari.pool.HikariPool - HikariPool-1 - Thread starvation or clock leap detected (housekeeper delta=1m17s365ms).
2024-10-14 09:49:11 [scheduling-1] INFO  g.l.w.u.s.UserChangeLogScheduler - call clearChangeLog
2024-10-14 09:49:11 [scheduling-1] INFO  g.l.w.u.s.UserChangeLogScheduler - clear Logs completed!! true
2024-10-14 09:50:00 [scheduling-1] INFO  g.l.w.u.s.UserChangeLogScheduler - call checkChangeLog
2024-10-14 09:50:00 [scheduling-1] INFO  g.l.w.u.s.UserChangeLogScheduler - check log completed!!
2024-10-14 09:50:11 [scheduling-1] INFO  g.l.w.u.s.UserChangeLogScheduler - call clearChangeLog
2024-10-14 09:50:11 [scheduling-1] INFO  g.l.w.u.s.UserChangeLogScheduler - clear Logs completed!! true
2024-10-14 09:51:00 [scheduling-1] INFO  g.l.w.u.s.UserChangeLogScheduler - call checkChangeLog
2024-10-14 09:51:00 [scheduling-1] INFO  g.l.w.u.s.UserChangeLogScheduler - check log completed!!
2024-10-14 09:51:11 [scheduling-1] INFO  g.l.w.u.s.UserChangeLogScheduler - call clearChangeLog
2024-10-14 09:51:11 [scheduling-1] INFO  g.l.w.u.s.UserChangeLogScheduler - clear Logs completed!! true
2024-10-14 09:52:00 [scheduling-1] INFO  g.l.w.u.s.UserChangeLogScheduler - call checkChangeLog
2024-10-14 09:52:00 [scheduling-1] INFO  g.l.w.u.s.UserChangeLogScheduler - check log completed!!
2024-10-14 09:52:11 [scheduling-1] INFO  g.l.w.u.s.UserChangeLogScheduler - call clearChangeLog
2024-10-14 09:52:11 [scheduling-1] INFO  g.l.w.u.s.UserChangeLogScheduler - clear Logs completed!! true
2024-10-14 09:53:00 [scheduling-1] INFO  g.l.w.u.s.UserChangeLogScheduler - call checkChangeLog
2024-10-14 09:53:00 [scheduling-1] INFO  g.l.w.u.s.UserChangeLogScheduler - check log completed!!
2024-10-14 09:53:11 [scheduling-1] INFO  g.l.w.u.s.UserChangeLogScheduler - call clearChangeLog
2024-10-14 09:53:11 [scheduling-1] INFO  g.l.w.u.s.UserChangeLogScheduler - clear Logs completed!! true
2024-10-14 09:54:00 [scheduling-1] INFO  g.l.w.u.s.UserChangeLogScheduler - call checkChangeLog
2024-10-14 09:54:00 [scheduling-1] INFO  g.l.w.u.s.UserChangeLogScheduler - check log completed!!
2024-10-14 09:54:11 [scheduling-1] INFO  g.l.w.u.s.UserChangeLogScheduler - call clearChangeLog
2024-10-14 09:54:11 [scheduling-1] INFO  g.l.w.u.s.UserChangeLogScheduler - clear Logs completed!! true
2024-10-14 09:55:00 [scheduling-1] INFO  g.l.w.u.s.UserChangeLogScheduler - call checkChangeLog
2024-10-14 09:55:00 [scheduling-1] INFO  g.l.w.u.s.UserChangeLogScheduler - check log completed!!
2024-10-14 09:55:11 [scheduling-1] INFO  g.l.w.u.s.UserChangeLogScheduler - call clearChangeLog
2024-10-14 09:55:11 [scheduling-1] INFO  g.l.w.u.s.UserChangeLogScheduler - clear Logs completed!! true
2024-10-14 09:56:00 [scheduling-1] INFO  g.l.w.u.s.UserChangeLogScheduler - call checkChangeLog
2024-10-14 09:56:00 [scheduling-1] INFO  g.l.w.u.s.UserChangeLogScheduler - check log completed!!
2024-10-14 09:56:11 [scheduling-1] INFO  g.l.w.u.s.UserChangeLogScheduler - call clearChangeLog
2024-10-14 09:56:11 [scheduling-1] INFO  g.l.w.u.s.UserChangeLogScheduler - clear Logs completed!! true
2024-10-14 09:57:00 [scheduling-1] INFO  g.l.w.u.s.UserChangeLogScheduler - call checkChangeLog
2024-10-14 09:57:00 [scheduling-1] INFO  g.l.w.u.s.UserChangeLogScheduler - check log completed!!
2024-10-14 10:50:50 [HikariPool-1 housekeeper] WARN  com.zaxxer.hikari.pool.HikariPool - HikariPool-1 - Thread starvation or clock leap detected (housekeeper delta=54m16s251ms).
2024-10-14 10:50:57 [scheduling-1] INFO  g.l.w.u.s.UserChangeLogScheduler - call clearChangeLog
2024-10-14 10:50:57 [scheduling-1] INFO  g.l.w.u.s.UserChangeLogScheduler - clear Logs completed!! true
2024-10-14 10:51:46 [scheduling-1] INFO  g.l.w.u.s.UserChangeLogScheduler - call checkChangeLog
2024-10-14 10:51:46 [scheduling-1] INFO  g.l.w.u.s.UserChangeLogScheduler - check log completed!!
2024-10-14 10:51:57 [scheduling-1] INFO  g.l.w.u.s.UserChangeLogScheduler - call clearChangeLog
2024-10-14 10:51:57 [scheduling-1] INFO  g.l.w.u.s.UserChangeLogScheduler - clear Logs completed!! true
2024-10-14 10:52:00 [scheduling-1] INFO  g.l.w.u.s.UserChangeLogScheduler - call checkChangeLog
2024-10-14 10:52:00 [scheduling-1] INFO  g.l.w.u.s.UserChangeLogScheduler - check log completed!!
2024-10-14 10:52:57 [scheduling-1] INFO  g.l.w.u.s.UserChangeLogScheduler - call clearChangeLog
2024-10-14 10:52:57 [scheduling-1] INFO  g.l.w.u.s.UserChangeLogScheduler - clear Logs completed!! true
2024-10-14 10:53:00 [scheduling-1] INFO  g.l.w.u.s.UserChangeLogScheduler - call checkChangeLog
2024-10-14 10:53:00 [scheduling-1] INFO  g.l.w.u.s.UserChangeLogScheduler - check log completed!!
2024-10-14 10:55:05 [HikariPool-1 housekeeper] WARN  com.zaxxer.hikari.pool.HikariPool - HikariPool-1 - Thread starvation or clock leap detected (housekeeper delta=1m44s644ms).
2024-10-14 10:55:12 [scheduling-1] INFO  g.l.w.u.s.UserChangeLogScheduler - call clearChangeLog
2024-10-14 10:55:12 [scheduling-1] INFO  g.l.w.u.s.UserChangeLogScheduler - clear Logs completed!! true
2024-10-14 10:55:14 [scheduling-1] INFO  g.l.w.u.s.UserChangeLogScheduler - call checkChangeLog
2024-10-14 10:55:14 [scheduling-1] INFO  g.l.w.u.s.UserChangeLogScheduler - check log completed!!
2024-10-14 10:56:00 [scheduling-1] INFO  g.l.w.u.s.UserChangeLogScheduler - call checkChangeLog
2024-10-14 10:56:00 [scheduling-1] INFO  g.l.w.u.s.UserChangeLogScheduler - check log completed!!
2024-10-14 10:56:12 [scheduling-1] INFO  g.l.w.u.s.UserChangeLogScheduler - call clearChangeLog
2024-10-14 10:56:12 [scheduling-1] INFO  g.l.w.u.s.UserChangeLogScheduler - clear Logs completed!! true
2024-10-14 10:57:00 [scheduling-1] INFO  g.l.w.u.s.UserChangeLogScheduler - call checkChangeLog
2024-10-14 10:57:00 [scheduling-1] INFO  g.l.w.u.s.UserChangeLogScheduler - check log completed!!
2024-10-14 10:57:12 [scheduling-1] INFO  g.l.w.u.s.UserChangeLogScheduler - call clearChangeLog
2024-10-14 10:57:12 [scheduling-1] INFO  g.l.w.u.s.UserChangeLogScheduler - clear Logs completed!! true
2024-10-14 10:58:00 [scheduling-1] INFO  g.l.w.u.s.UserChangeLogScheduler - call checkChangeLog
2024-10-14 10:58:00 [scheduling-1] INFO  g.l.w.u.s.UserChangeLogScheduler - check log completed!!
2024-10-14 10:58:12 [scheduling-1] INFO  g.l.w.u.s.UserChangeLogScheduler - call clearChangeLog
2024-10-14 10:58:12 [scheduling-1] INFO  g.l.w.u.s.UserChangeLogScheduler - clear Logs completed!! true
2024-10-14 11:01:58 [HikariPool-1 housekeeper] WARN  com.zaxxer.hikari.pool.HikariPool - HikariPool-1 - Thread starvation or clock leap detected (housekeeper delta=3m52s632ms).
2024-10-14 11:02:12 [http-nio-5000-exec-1] INFO  o.a.c.c.C.[Tomcat].[localhost].[/] - Initializing Spring DispatcherServlet 'dispatcherServlet'
2024-10-14 11:02:12 [http-nio-5000-exec-1] INFO  o.s.web.servlet.DispatcherServlet - Initializing Servlet 'dispatcherServlet'
2024-10-14 11:02:12 [http-nio-5000-exec-1] INFO  o.s.web.servlet.DispatcherServlet - Completed initialization in 2 ms
2024-10-14 11:02:22 [http-nio-5000-exec-5] INFO  g.l.w.u.controllers.UserController - call getAllUsers
2024-10-14 11:02:22 [http-nio-5000-exec-7] INFO  g.l.w.u.c.UserChangeLogController - call getAllUsersChangelog
2024-10-14 11:02:22 [scheduling-1] INFO  g.l.w.u.s.UserChangeLogScheduler - call checkChangeLog
2024-10-14 11:02:22 [scheduling-1] INFO  g.l.w.u.s.UserChangeLogScheduler - check log completed!!
2024-10-14 11:02:34 [scheduling-1] INFO  g.l.w.u.s.UserChangeLogScheduler - call clearChangeLog
2024-10-14 11:02:34 [scheduling-1] INFO  g.l.w.u.s.UserChangeLogScheduler - clear Logs completed!! true
2024-10-14 11:03:00 [scheduling-1] INFO  g.l.w.u.s.UserChangeLogScheduler - call checkChangeLog
2024-10-14 11:03:00 [scheduling-1] INFO  g.l.w.u.s.UserChangeLogScheduler - check log completed!!
2024-10-14 11:03:34 [scheduling-1] INFO  g.l.w.u.s.UserChangeLogScheduler - call clearChangeLog
2024-10-14 11:03:34 [scheduling-1] INFO  g.l.w.u.s.UserChangeLogScheduler - clear Logs completed!! true
2024-10-14 11:04:00 [scheduling-1] INFO  g.l.w.u.s.UserChangeLogScheduler - call checkChangeLog
2024-10-14 11:04:00 [scheduling-1] INFO  g.l.w.u.s.UserChangeLogScheduler - check log completed!!
2024-10-14 11:04:34 [scheduling-1] INFO  g.l.w.u.s.UserChangeLogScheduler - call clearChangeLog
2024-10-14 11:04:34 [scheduling-1] INFO  g.l.w.u.s.UserChangeLogScheduler - clear Logs completed!! true
2024-10-14 11:05:00 [scheduling-1] INFO  g.l.w.u.s.UserChangeLogScheduler - call checkChangeLog
2024-10-14 11:05:00 [scheduling-1] INFO  g.l.w.u.s.UserChangeLogScheduler - check log completed!!
2024-10-14 11:05:34 [scheduling-1] INFO  g.l.w.u.s.UserChangeLogScheduler - call clearChangeLog
2024-10-14 11:05:34 [scheduling-1] INFO  g.l.w.u.s.UserChangeLogScheduler - clear Logs completed!! true
2024-10-14 11:05:51 [SpringApplicationShutdownHook] INFO  o.s.o.j.LocalContainerEntityManagerFactoryBean - Closing JPA EntityManagerFactory for persistence unit 'default'
2024-10-14 11:05:51 [SpringApplicationShutdownHook] INFO  com.zaxxer.hikari.HikariDataSource - HikariPool-1 - Shutdown initiated...
2024-10-14 11:05:51 [SpringApplicationShutdownHook] INFO  com.zaxxer.hikari.HikariDataSource - HikariPool-1 - Shutdown completed.
2024-10-14 13:50:18 [main] INFO  g.la.webserver.WebserverApplication - Starting WebserverApplication using Java 17.0.12 with PID 1566 (/Users/kmpc/webserver/build/classes/java/main started by kmpc in /Users/kmpc/webserver)
2024-10-14 13:50:18 [main] DEBUG g.la.webserver.WebserverApplication - Running with Spring Boot v3.3.4, Spring v6.1.13
2024-10-14 13:50:18 [main] INFO  g.la.webserver.WebserverApplication - No active profile set, falling back to 1 default profile: "default"
2024-10-14 13:50:20 [main] INFO  o.s.d.r.c.RepositoryConfigurationDelegate - Bootstrapping Spring Data JPA repositories in DEFAULT mode.
2024-10-14 13:50:21 [main] INFO  o.s.d.r.c.RepositoryConfigurationDelegate - Finished Spring Data repository scanning in 360 ms. Found 4 JPA repository interfaces.
2024-10-14 13:50:22 [main] INFO  o.s.b.w.e.tomcat.TomcatWebServer - Tomcat initialized with port 5000 (http)
2024-10-14 13:50:22 [main] INFO  o.a.coyote.http11.Http11NioProtocol - Initializing ProtocolHandler ["http-nio-5000"]
2024-10-14 13:50:22 [main] INFO  o.a.catalina.core.StandardService - Starting service [Tomcat]
2024-10-14 13:50:22 [main] INFO  o.a.catalina.core.StandardEngine - Starting Servlet engine: [Apache Tomcat/10.1.30]
2024-10-14 13:50:22 [main] INFO  o.a.c.c.C.[Tomcat].[localhost].[/] - Initializing Spring embedded WebApplicationContext
2024-10-14 13:50:22 [main] INFO  o.s.b.w.s.c.ServletWebServerApplicationContext - Root WebApplicationContext: initialization completed in 4098 ms
2024-10-14 13:50:23 [main] INFO  com.zaxxer.hikari.HikariDataSource - HikariPool-1 - Starting...
2024-10-14 13:50:23 [main] INFO  com.zaxxer.hikari.pool.HikariPool - HikariPool-1 - Added connection conn0: url=jdbc:h2:mem:test user=SA
2024-10-14 13:50:23 [main] INFO  com.zaxxer.hikari.HikariDataSource - HikariPool-1 - Start completed.
2024-10-14 13:50:23 [main] INFO  o.s.b.a.h.H2ConsoleAutoConfiguration - H2 console available at '/h2-console'. Database available at 'jdbc:h2:mem:test'
2024-10-14 13:50:24 [main] INFO  o.h.jpa.internal.util.LogHelper - HHH000204: Processing PersistenceUnitInfo [name: default]
2024-10-14 13:50:24 [main] INFO  org.hibernate.Version - HHH000412: Hibernate ORM core version 6.5.3.Final
2024-10-14 13:50:24 [main] INFO  o.h.c.i.RegionFactoryInitiator - HHH000026: Second-level cache disabled
2024-10-14 13:50:24 [main] INFO  o.s.o.j.p.SpringPersistenceUnitInfo - No LoadTimeWeaver setup: ignoring JPA class transformer
2024-10-14 13:50:25 [main] WARN  org.hibernate.orm.deprecation - HHH90000025: H2Dialect does not need to be specified explicitly using 'hibernate.dialect' (remove the property setting and it will be selected by default)
2024-10-14 13:50:26 [main] INFO  o.h.e.t.j.p.i.JtaPlatformInitiator - HHH000489: No JTA platform available (set 'hibernate.transaction.jta.platform' to enable JTA platform integration)
2024-10-14 13:50:27 [main] INFO  o.s.o.j.LocalContainerEntityManagerFactoryBean - Initialized JPA EntityManagerFactory for persistence unit 'default'
2024-10-14 13:50:28 [main] INFO  o.s.s.c.a.a.c.InitializeUserDetailsBeanManagerConfigurer$InitializeUserDetailsManagerConfigurer - Global AuthenticationManager configured with UserDetailsService bean with name userLoginService
2024-10-14 13:50:28 [main] INFO  o.s.b.a.w.s.WelcomePageHandlerMapping - Adding welcome page template: index
2024-10-14 13:50:30 [main] INFO  o.s.b.a.e.web.EndpointLinksResolver - Exposing 15 endpoints beneath base path '/actuator'
2024-10-14 13:50:34 [main] INFO  o.a.coyote.http11.Http11NioProtocol - Starting ProtocolHandler ["http-nio-5000"]
2024-10-14 13:50:34 [main] INFO  o.s.b.w.e.tomcat.TomcatWebServer - Tomcat started on port 5000 (http) with context path '/'
2024-10-14 13:50:34 [main] INFO  g.la.webserver.WebserverApplication - Started WebserverApplication in 17.071 seconds (process running for 17.768)
2024-10-14 13:50:34 [scheduling-1] INFO  g.l.w.u.s.UserChangeLogScheduler - call clearChangeLog
2024-10-14 13:50:34 [scheduling-1] INFO  g.l.w.u.s.UserChangeLogScheduler - clear Logs completed!! true
2024-10-14 13:50:39 [registrationTask1] WARN  d.c.b.a.c.r.ApplicationRegistrator - Failed to register application as Application(name=spring-boot-application, managementUrl=http://192.168.0.107:5000/actuator, healthUrl=http://192.168.0.107:5000/actuator/health, serviceUrl=http://192.168.0.107:5000/) at spring-boot-admin ([http://localhost:8000/instances]): I/O error on POST request for "http://localhost:8000/instances": Connection refused. Further attempts are logged on DEBUG level
2024-10-14 13:51:00 [scheduling-1] INFO  g.l.w.u.s.UserChangeLogScheduler - call checkChangeLog
2024-10-14 13:51:00 [scheduling-1] INFO  g.l.w.u.s.UserChangeLogScheduler - check log completed!!
2024-10-14 13:51:02 [http-nio-5000-exec-2] INFO  o.a.c.c.C.[Tomcat].[localhost].[/] - Initializing Spring DispatcherServlet 'dispatcherServlet'
2024-10-14 13:51:02 [http-nio-5000-exec-2] INFO  o.s.web.servlet.DispatcherServlet - Initializing Servlet 'dispatcherServlet'
2024-10-14 13:51:02 [http-nio-5000-exec-2] INFO  o.s.web.servlet.DispatcherServlet - Completed initialization in 5 ms
2024-10-14 13:51:02 [http-nio-5000-exec-2] ERROR o.a.c.c.C.[.[.[.[dispatcherServlet] - Servlet.service() for servlet [dispatcherServlet] in context with path [] threw exception [Request processing failed: java.lang.NullPointerException: Cannot invoke "gov.la.webserver.review.service.ReviewService.getAllReviews()" because "this.reviewService" is null] with root cause
java.lang.NullPointerException: Cannot invoke "gov.la.webserver.review.service.ReviewService.getAllReviews()" because "this.reviewService" is null
	at gov.la.webserver.review.controller.ReviewController.getAllReviews(ReviewController.java:55)
	at java.base/jdk.internal.reflect.NativeMethodAccessorImpl.invoke0(Native Method)
	at java.base/jdk.internal.reflect.NativeMethodAccessorImpl.invoke(NativeMethodAccessorImpl.java:77)
	at java.base/jdk.internal.reflect.DelegatingMethodAccessorImpl.invoke(DelegatingMethodAccessorImpl.java:43)
	at java.base/java.lang.reflect.Method.invoke(Method.java:568)
	at org.springframework.aop.support.AopUtils.invokeJoinpointUsingReflection(AopUtils.java:355)
	at org.springframework.aop.framework.CglibAopProxy$DynamicAdvisedInterceptor.intercept(CglibAopProxy.java:716)
	at gov.la.webserver.review.controller.ReviewController$$SpringCGLIB$$0.getAllReviews(<generated>)
	at java.base/jdk.internal.reflect.NativeMethodAccessorImpl.invoke0(Native Method)
	at java.base/jdk.internal.reflect.NativeMethodAccessorImpl.invoke(NativeMethodAccessorImpl.java:77)
	at java.base/jdk.internal.reflect.DelegatingMethodAccessorImpl.invoke(DelegatingMethodAccessorImpl.java:43)
	at java.base/java.lang.reflect.Method.invoke(Method.java:568)
	at org.springframework.web.method.support.InvocableHandlerMethod.doInvoke(InvocableHandlerMethod.java:255)
	at org.springframework.web.method.support.InvocableHandlerMethod.invokeForRequest(InvocableHandlerMethod.java:188)
	at org.springframework.web.servlet.mvc.method.annotation.ServletInvocableHandlerMethod.invokeAndHandle(ServletInvocableHandlerMethod.java:118)
	at org.springframework.web.servlet.mvc.method.annotation.RequestMappingHandlerAdapter.invokeHandlerMethod(RequestMappingHandlerAdapter.java:926)
	at org.springframework.web.servlet.mvc.method.annotation.RequestMappingHandlerAdapter.handleInternal(RequestMappingHandlerAdapter.java:831)
	at org.springframework.web.servlet.mvc.method.AbstractHandlerMethodAdapter.handle(AbstractHandlerMethodAdapter.java:87)
	at org.springframework.web.servlet.DispatcherServlet.doDispatch(DispatcherServlet.java:1089)
	at org.springframework.web.servlet.DispatcherServlet.doService(DispatcherServlet.java:979)
	at org.springframework.web.servlet.FrameworkServlet.processRequest(FrameworkServlet.java:1014)
	at org.springframework.web.servlet.FrameworkServlet.doGet(FrameworkServlet.java:903)
	at jakarta.servlet.http.HttpServlet.service(HttpServlet.java:564)
	at org.springframework.web.servlet.FrameworkServlet.service(FrameworkServlet.java:885)
	at jakarta.servlet.http.HttpServlet.service(HttpServlet.java:658)
	at org.apache.catalina.core.ApplicationFilterChain.internalDoFilter(ApplicationFilterChain.java:195)
	at org.apache.catalina.core.ApplicationFilterChain.doFilter(ApplicationFilterChain.java:140)
	at org.apache.tomcat.websocket.server.WsFilter.doFilter(WsFilter.java:51)
	at org.apache.catalina.core.ApplicationFilterChain.internalDoFilter(ApplicationFilterChain.java:164)
	at org.apache.catalina.core.ApplicationFilterChain.doFilter(ApplicationFilterChain.java:140)
	at org.springframework.web.filter.CompositeFilter$VirtualFilterChain.doFilter(CompositeFilter.java:108)
	at org.springframework.security.web.FilterChainProxy.lambda$doFilterInternal$3(FilterChainProxy.java:231)
	at org.springframework.security.web.ObservationFilterChainDecorator$FilterObservation$SimpleFilterObservation.lambda$wrap$1(ObservationFilterChainDecorator.java:479)
	at org.springframework.security.web.ObservationFilterChainDecorator$AroundFilterObservation$SimpleAroundFilterObservation.lambda$wrap$1(ObservationFilterChainDecorator.java:340)
	at org.springframework.security.web.ObservationFilterChainDecorator.lambda$wrapSecured$0(ObservationFilterChainDecorator.java:82)
	at org.springframework.security.web.ObservationFilterChainDecorator$VirtualFilterChain.doFilter(ObservationFilterChainDecorator.java:128)
	at org.springframework.security.web.access.intercept.AuthorizationFilter.doFilter(AuthorizationFilter.java:100)
	at org.springframework.security.web.ObservationFilterChainDecorator$ObservationFilter.wrapFilter(ObservationFilterChainDecorator.java:240)
	at org.springframework.security.web.ObservationFilterChainDecorator$ObservationFilter.doFilter(ObservationFilterChainDecorator.java:227)
	at org.springframework.security.web.ObservationFilterChainDecorator$VirtualFilterChain.doFilter(ObservationFilterChainDecorator.java:137)
	at org.springframework.security.web.access.ExceptionTranslationFilter.doFilter(ExceptionTranslationFilter.java:126)
	at org.springframework.security.web.access.ExceptionTranslationFilter.doFilter(ExceptionTranslationFilter.java:120)
	at org.springframework.security.web.ObservationFilterChainDecorator$ObservationFilter.wrapFilter(ObservationFilterChainDecorator.java:240)
	at org.springframework.security.web.ObservationFilterChainDecorator$ObservationFilter.doFilter(ObservationFilterChainDecorator.java:227)
	at org.springframework.security.web.ObservationFilterChainDecorator$VirtualFilterChain.doFilter(ObservationFilterChainDecorator.java:137)
	at org.springframework.security.web.authentication.AnonymousAuthenticationFilter.doFilter(AnonymousAuthenticationFilter.java:100)
	at org.springframework.security.web.ObservationFilterChainDecorator$ObservationFilter.wrapFilter(ObservationFilterChainDecorator.java:240)
	at org.springframework.security.web.ObservationFilterChainDecorator$ObservationFilter.doFilter(ObservationFilterChainDecorator.java:227)
	at org.springframework.security.web.ObservationFilterChainDecorator$VirtualFilterChain.doFilter(ObservationFilterChainDecorator.java:137)
	at org.springframework.security.web.servletapi.SecurityContextHolderAwareRequestFilter.doFilter(SecurityContextHolderAwareRequestFilter.java:179)
	at org.springframework.security.web.ObservationFilterChainDecorator$ObservationFilter.wrapFilter(ObservationFilterChainDecorator.java:240)
	at org.springframework.security.web.ObservationFilterChainDecorator$ObservationFilter.doFilter(ObservationFilterChainDecorator.java:227)
	at org.springframework.security.web.ObservationFilterChainDecorator$VirtualFilterChain.doFilter(ObservationFilterChainDecorator.java:137)
	at org.springframework.security.web.savedrequest.RequestCacheAwareFilter.doFilter(RequestCacheAwareFilter.java:63)
	at org.springframework.security.web.ObservationFilterChainDecorator$ObservationFilter.wrapFilter(ObservationFilterChainDecorator.java:240)
	at org.springframework.security.web.ObservationFilterChainDecorator$ObservationFilter.doFilter(ObservationFilterChainDecorator.java:227)
	at org.springframework.security.web.ObservationFilterChainDecorator$VirtualFilterChain.doFilter(ObservationFilterChainDecorator.java:137)
	at org.springframework.security.web.authentication.www.BasicAuthenticationFilter.doFilterInternal(BasicAuthenticationFilter.java:213)
	at org.springframework.web.filter.OncePerRequestFilter.doFilter(OncePerRequestFilter.java:116)
	at org.springframework.security.web.ObservationFilterChainDecorator$ObservationFilter.wrapFilter(ObservationFilterChainDecorator.java:240)
	at org.springframework.security.web.ObservationFilterChainDecorator$ObservationFilter.doFilter(ObservationFilterChainDecorator.java:227)
	at org.springframework.security.web.ObservationFilterChainDecorator$VirtualFilterChain.doFilter(ObservationFilterChainDecorator.java:137)
	at org.springframework.security.web.authentication.ui.DefaultLogoutPageGeneratingFilter.doFilterInternal(DefaultLogoutPageGeneratingFilter.java:58)
	at org.springframework.web.filter.OncePerRequestFilter.doFilter(OncePerRequestFilter.java:116)
	at org.springframework.security.web.ObservationFilterChainDecorator$ObservationFilter.wrapFilter(ObservationFilterChainDecorator.java:240)
	at org.springframework.security.web.ObservationFilterChainDecorator$ObservationFilter.doFilter(ObservationFilterChainDecorator.java:227)
	at org.springframework.security.web.ObservationFilterChainDecorator$VirtualFilterChain.doFilter(ObservationFilterChainDecorator.java:137)
	at org.springframework.security.web.authentication.ui.DefaultLoginPageGeneratingFilter.doFilter(DefaultLoginPageGeneratingFilter.java:189)
	at org.springframework.security.web.authentication.ui.DefaultLoginPageGeneratingFilter.doFilter(DefaultLoginPageGeneratingFilter.java:175)
	at org.springframework.security.web.ObservationFilterChainDecorator$ObservationFilter.wrapFilter(ObservationFilterChainDecorator.java:240)
	at org.springframework.security.web.ObservationFilterChainDecorator$ObservationFilter.doFilter(ObservationFilterChainDecorator.java:227)
	at org.springframework.security.web.ObservationFilterChainDecorator$VirtualFilterChain.doFilter(ObservationFilterChainDecorator.java:137)
	at org.springframework.security.web.authentication.AbstractAuthenticationProcessingFilter.doFilter(AbstractAuthenticationProcessingFilter.java:227)
	at org.springframework.security.web.authentication.AbstractAuthenticationProcessingFilter.doFilter(AbstractAuthenticationProcessingFilter.java:221)
	at org.springframework.security.web.ObservationFilterChainDecorator$ObservationFilter.wrapFilter(ObservationFilterChainDecorator.java:240)
	at org.springframework.security.web.ObservationFilterChainDecorator$ObservationFilter.doFilter(ObservationFilterChainDecorator.java:227)
	at org.springframework.security.web.ObservationFilterChainDecorator$VirtualFilterChain.doFilter(ObservationFilterChainDecorator.java:137)
	at org.springframework.security.web.authentication.logout.LogoutFilter.doFilter(LogoutFilter.java:107)
	at org.springframework.security.web.authentication.logout.LogoutFilter.doFilter(LogoutFilter.java:93)
	at org.springframework.security.web.ObservationFilterChainDecorator$ObservationFilter.wrapFilter(ObservationFilterChainDecorator.java:240)
	at org.springframework.security.web.ObservationFilterChainDecorator$ObservationFilter.doFilter(ObservationFilterChainDecorator.java:227)
	at org.springframework.security.web.ObservationFilterChainDecorator$VirtualFilterChain.doFilter(ObservationFilterChainDecorator.java:137)
	at org.springframework.security.web.header.HeaderWriterFilter.doHeadersAfter(HeaderWriterFilter.java:90)
	at org.springframework.security.web.header.HeaderWriterFilter.doFilterInternal(HeaderWriterFilter.java:75)
	at org.springframework.web.filter.OncePerRequestFilter.doFilter(OncePerRequestFilter.java:116)
	at org.springframework.security.web.ObservationFilterChainDecorator$ObservationFilter.wrapFilter(ObservationFilterChainDecorator.java:240)
	at org.springframework.security.web.ObservationFilterChainDecorator$ObservationFilter.doFilter(ObservationFilterChainDecorator.java:227)
	at org.springframework.security.web.ObservationFilterChainDecorator$VirtualFilterChain.doFilter(ObservationFilterChainDecorator.java:137)
	at org.springframework.security.web.context.SecurityContextHolderFilter.doFilter(SecurityContextHolderFilter.java:82)
	at org.springframework.security.web.context.SecurityContextHolderFilter.doFilter(SecurityContextHolderFilter.java:69)
	at org.springframework.security.web.ObservationFilterChainDecorator$ObservationFilter.wrapFilter(ObservationFilterChainDecorator.java:240)
	at org.springframework.security.web.ObservationFilterChainDecorator$ObservationFilter.doFilter(ObservationFilterChainDecorator.java:227)
	at org.springframework.security.web.ObservationFilterChainDecorator$VirtualFilterChain.doFilter(ObservationFilterChainDecorator.java:137)
	at org.springframework.security.web.context.request.async.WebAsyncManagerIntegrationFilter.doFilterInternal(WebAsyncManagerIntegrationFilter.java:62)
	at org.springframework.web.filter.OncePerRequestFilter.doFilter(OncePerRequestFilter.java:116)
	at org.springframework.security.web.ObservationFilterChainDecorator$ObservationFilter.wrapFilter(ObservationFilterChainDecorator.java:240)
	at org.springframework.security.web.ObservationFilterChainDecorator$ObservationFilter.doFilter(ObservationFilterChainDecorator.java:227)
	at org.springframework.security.web.ObservationFilterChainDecorator$VirtualFilterChain.doFilter(ObservationFilterChainDecorator.java:137)
	at org.springframework.security.web.session.DisableEncodeUrlFilter.doFilterInternal(DisableEncodeUrlFilter.java:42)
	at org.springframework.web.filter.OncePerRequestFilter.doFilter(OncePerRequestFilter.java:116)
	at org.springframework.security.web.ObservationFilterChainDecorator$ObservationFilter.wrapFilter(ObservationFilterChainDecorator.java:240)
	at org.springframework.security.web.ObservationFilterChainDecorator$AroundFilterObservation$SimpleAroundFilterObservation.lambda$wrap$0(ObservationFilterChainDecorator.java:323)
	at org.springframework.security.web.ObservationFilterChainDecorator$ObservationFilter.doFilter(ObservationFilterChainDecorator.java:224)
	at org.springframework.security.web.ObservationFilterChainDecorator$VirtualFilterChain.doFilter(ObservationFilterChainDecorator.java:137)
	at org.springframework.security.web.FilterChainProxy.doFilterInternal(FilterChainProxy.java:233)
	at org.springframework.security.web.FilterChainProxy.doFilter(FilterChainProxy.java:191)
	at org.springframework.web.filter.CompositeFilter$VirtualFilterChain.doFilter(CompositeFilter.java:113)
	at org.springframework.web.servlet.handler.HandlerMappingIntrospector.lambda$createCacheFilter$3(HandlerMappingIntrospector.java:195)
	at org.springframework.web.filter.CompositeFilter$VirtualFilterChain.doFilter(CompositeFilter.java:113)
	at org.springframework.web.filter.CompositeFilter.doFilter(CompositeFilter.java:74)
	at org.springframework.security.config.annotation.web.configuration.WebMvcSecurityConfiguration$CompositeFilterChainProxy.doFilter(WebMvcSecurityConfiguration.java:230)
	at org.springframework.web.filter.DelegatingFilterProxy.invokeDelegate(DelegatingFilterProxy.java:352)
	at org.springframework.web.filter.DelegatingFilterProxy.doFilter(DelegatingFilterProxy.java:268)
	at org.apache.catalina.core.ApplicationFilterChain.internalDoFilter(ApplicationFilterChain.java:164)
	at org.apache.catalina.core.ApplicationFilterChain.doFilter(ApplicationFilterChain.java:140)
	at org.springframework.web.filter.RequestContextFilter.doFilterInternal(RequestContextFilter.java:100)
	at org.springframework.web.filter.OncePerRequestFilter.doFilter(OncePerRequestFilter.java:116)
	at org.apache.catalina.core.ApplicationFilterChain.internalDoFilter(ApplicationFilterChain.java:164)
	at org.apache.catalina.core.ApplicationFilterChain.doFilter(ApplicationFilterChain.java:140)
	at org.springframework.web.filter.FormContentFilter.doFilterInternal(FormContentFilter.java:93)
	at org.springframework.web.filter.OncePerRequestFilter.doFilter(OncePerRequestFilter.java:116)
	at org.apache.catalina.core.ApplicationFilterChain.internalDoFilter(ApplicationFilterChain.java:164)
	at org.apache.catalina.core.ApplicationFilterChain.doFilter(ApplicationFilterChain.java:140)
	at org.springframework.web.filter.ServerHttpObservationFilter.doFilterInternal(ServerHttpObservationFilter.java:113)
	at org.springframework.web.filter.OncePerRequestFilter.doFilter(OncePerRequestFilter.java:116)
	at org.apache.catalina.core.ApplicationFilterChain.internalDoFilter(ApplicationFilterChain.java:164)
	at org.apache.catalina.core.ApplicationFilterChain.doFilter(ApplicationFilterChain.java:140)
	at org.springframework.web.filter.CharacterEncodingFilter.doFilterInternal(CharacterEncodingFilter.java:201)
	at org.springframework.web.filter.OncePerRequestFilter.doFilter(OncePerRequestFilter.java:116)
	at org.apache.catalina.core.ApplicationFilterChain.internalDoFilter(ApplicationFilterChain.java:164)
	at org.apache.catalina.core.ApplicationFilterChain.doFilter(ApplicationFilterChain.java:140)
	at org.apache.catalina.core.StandardWrapperValve.invoke(StandardWrapperValve.java:167)
	at org.apache.catalina.core.StandardContextValve.invoke(StandardContextValve.java:90)
	at org.apache.catalina.authenticator.AuthenticatorBase.invoke(AuthenticatorBase.java:483)
	at org.apache.catalina.core.StandardHostValve.invoke(StandardHostValve.java:115)
	at org.apache.catalina.valves.ErrorReportValve.invoke(ErrorReportValve.java:93)
	at org.apache.catalina.core.StandardEngineValve.invoke(StandardEngineValve.java:74)
	at org.apache.catalina.connector.CoyoteAdapter.service(CoyoteAdapter.java:344)
	at org.apache.coyote.http11.Http11Processor.service(Http11Processor.java:384)
	at org.apache.coyote.AbstractProcessorLight.process(AbstractProcessorLight.java:63)
	at org.apache.coyote.AbstractProtocol$ConnectionHandler.process(AbstractProtocol.java:905)
	at org.apache.tomcat.util.net.NioEndpoint$SocketProcessor.doRun(NioEndpoint.java:1741)
	at org.apache.tomcat.util.net.SocketProcessorBase.run(SocketProcessorBase.java:52)
	at org.apache.tomcat.util.threads.ThreadPoolExecutor.runWorker(ThreadPoolExecutor.java:1190)
	at org.apache.tomcat.util.threads.ThreadPoolExecutor$Worker.run(ThreadPoolExecutor.java:659)
	at org.apache.tomcat.util.threads.TaskThread$WrappingRunnable.run(TaskThread.java:63)
	at java.base/java.lang.Thread.run(Thread.java:842)
2024-10-14 13:51:08 [http-nio-5000-exec-3] ERROR o.a.c.c.C.[.[.[.[dispatcherServlet] - Servlet.service() for servlet [dispatcherServlet] in context with path [] threw exception [Request processing failed: java.lang.NullPointerException: Cannot invoke "gov.la.webserver.review.service.ReviewService.getAllReviews()" because "this.reviewService" is null] with root cause
java.lang.NullPointerException: Cannot invoke "gov.la.webserver.review.service.ReviewService.getAllReviews()" because "this.reviewService" is null
	at gov.la.webserver.review.controller.ReviewController.getAllReviews(ReviewController.java:55)
	at java.base/jdk.internal.reflect.NativeMethodAccessorImpl.invoke0(Native Method)
	at java.base/jdk.internal.reflect.NativeMethodAccessorImpl.invoke(NativeMethodAccessorImpl.java:77)
	at java.base/jdk.internal.reflect.DelegatingMethodAccessorImpl.invoke(DelegatingMethodAccessorImpl.java:43)
	at java.base/java.lang.reflect.Method.invoke(Method.java:568)
	at org.springframework.aop.support.AopUtils.invokeJoinpointUsingReflection(AopUtils.java:355)
	at org.springframework.aop.framework.CglibAopProxy$DynamicAdvisedInterceptor.intercept(CglibAopProxy.java:716)
	at gov.la.webserver.review.controller.ReviewController$$SpringCGLIB$$0.getAllReviews(<generated>)
	at java.base/jdk.internal.reflect.NativeMethodAccessorImpl.invoke0(Native Method)
	at java.base/jdk.internal.reflect.NativeMethodAccessorImpl.invoke(NativeMethodAccessorImpl.java:77)
	at java.base/jdk.internal.reflect.DelegatingMethodAccessorImpl.invoke(DelegatingMethodAccessorImpl.java:43)
	at java.base/java.lang.reflect.Method.invoke(Method.java:568)
	at org.springframework.web.method.support.InvocableHandlerMethod.doInvoke(InvocableHandlerMethod.java:255)
	at org.springframework.web.method.support.InvocableHandlerMethod.invokeForRequest(InvocableHandlerMethod.java:188)
	at org.springframework.web.servlet.mvc.method.annotation.ServletInvocableHandlerMethod.invokeAndHandle(ServletInvocableHandlerMethod.java:118)
	at org.springframework.web.servlet.mvc.method.annotation.RequestMappingHandlerAdapter.invokeHandlerMethod(RequestMappingHandlerAdapter.java:926)
	at org.springframework.web.servlet.mvc.method.annotation.RequestMappingHandlerAdapter.handleInternal(RequestMappingHandlerAdapter.java:831)
	at org.springframework.web.servlet.mvc.method.AbstractHandlerMethodAdapter.handle(AbstractHandlerMethodAdapter.java:87)
	at org.springframework.web.servlet.DispatcherServlet.doDispatch(DispatcherServlet.java:1089)
	at org.springframework.web.servlet.DispatcherServlet.doService(DispatcherServlet.java:979)
	at org.springframework.web.servlet.FrameworkServlet.processRequest(FrameworkServlet.java:1014)
	at org.springframework.web.servlet.FrameworkServlet.doGet(FrameworkServlet.java:903)
	at jakarta.servlet.http.HttpServlet.service(HttpServlet.java:564)
	at org.springframework.web.servlet.FrameworkServlet.service(FrameworkServlet.java:885)
	at jakarta.servlet.http.HttpServlet.service(HttpServlet.java:658)
	at org.apache.catalina.core.ApplicationFilterChain.internalDoFilter(ApplicationFilterChain.java:195)
	at org.apache.catalina.core.ApplicationFilterChain.doFilter(ApplicationFilterChain.java:140)
	at org.apache.tomcat.websocket.server.WsFilter.doFilter(WsFilter.java:51)
	at org.apache.catalina.core.ApplicationFilterChain.internalDoFilter(ApplicationFilterChain.java:164)
	at org.apache.catalina.core.ApplicationFilterChain.doFilter(ApplicationFilterChain.java:140)
	at org.springframework.web.filter.CompositeFilter$VirtualFilterChain.doFilter(CompositeFilter.java:108)
	at org.springframework.security.web.FilterChainProxy.lambda$doFilterInternal$3(FilterChainProxy.java:231)
	at org.springframework.security.web.ObservationFilterChainDecorator$FilterObservation$SimpleFilterObservation.lambda$wrap$1(ObservationFilterChainDecorator.java:479)
	at org.springframework.security.web.ObservationFilterChainDecorator$AroundFilterObservation$SimpleAroundFilterObservation.lambda$wrap$1(ObservationFilterChainDecorator.java:340)
	at org.springframework.security.web.ObservationFilterChainDecorator.lambda$wrapSecured$0(ObservationFilterChainDecorator.java:82)
	at org.springframework.security.web.ObservationFilterChainDecorator$VirtualFilterChain.doFilter(ObservationFilterChainDecorator.java:128)
	at org.springframework.security.web.access.intercept.AuthorizationFilter.doFilter(AuthorizationFilter.java:100)
	at org.springframework.security.web.ObservationFilterChainDecorator$ObservationFilter.wrapFilter(ObservationFilterChainDecorator.java:240)
	at org.springframework.security.web.ObservationFilterChainDecorator$ObservationFilter.doFilter(ObservationFilterChainDecorator.java:227)
	at org.springframework.security.web.ObservationFilterChainDecorator$VirtualFilterChain.doFilter(ObservationFilterChainDecorator.java:137)
	at org.springframework.security.web.access.ExceptionTranslationFilter.doFilter(ExceptionTranslationFilter.java:126)
	at org.springframework.security.web.access.ExceptionTranslationFilter.doFilter(ExceptionTranslationFilter.java:120)
	at org.springframework.security.web.ObservationFilterChainDecorator$ObservationFilter.wrapFilter(ObservationFilterChainDecorator.java:240)
	at org.springframework.security.web.ObservationFilterChainDecorator$ObservationFilter.doFilter(ObservationFilterChainDecorator.java:227)
	at org.springframework.security.web.ObservationFilterChainDecorator$VirtualFilterChain.doFilter(ObservationFilterChainDecorator.java:137)
	at org.springframework.security.web.authentication.AnonymousAuthenticationFilter.doFilter(AnonymousAuthenticationFilter.java:100)
	at org.springframework.security.web.ObservationFilterChainDecorator$ObservationFilter.wrapFilter(ObservationFilterChainDecorator.java:240)
	at org.springframework.security.web.ObservationFilterChainDecorator$ObservationFilter.doFilter(ObservationFilterChainDecorator.java:227)
	at org.springframework.security.web.ObservationFilterChainDecorator$VirtualFilterChain.doFilter(ObservationFilterChainDecorator.java:137)
	at org.springframework.security.web.servletapi.SecurityContextHolderAwareRequestFilter.doFilter(SecurityContextHolderAwareRequestFilter.java:179)
	at org.springframework.security.web.ObservationFilterChainDecorator$ObservationFilter.wrapFilter(ObservationFilterChainDecorator.java:240)
	at org.springframework.security.web.ObservationFilterChainDecorator$ObservationFilter.doFilter(ObservationFilterChainDecorator.java:227)
	at org.springframework.security.web.ObservationFilterChainDecorator$VirtualFilterChain.doFilter(ObservationFilterChainDecorator.java:137)
	at org.springframework.security.web.savedrequest.RequestCacheAwareFilter.doFilter(RequestCacheAwareFilter.java:63)
	at org.springframework.security.web.ObservationFilterChainDecorator$ObservationFilter.wrapFilter(ObservationFilterChainDecorator.java:240)
	at org.springframework.security.web.ObservationFilterChainDecorator$ObservationFilter.doFilter(ObservationFilterChainDecorator.java:227)
	at org.springframework.security.web.ObservationFilterChainDecorator$VirtualFilterChain.doFilter(ObservationFilterChainDecorator.java:137)
	at org.springframework.security.web.authentication.www.BasicAuthenticationFilter.doFilterInternal(BasicAuthenticationFilter.java:213)
	at org.springframework.web.filter.OncePerRequestFilter.doFilter(OncePerRequestFilter.java:116)
	at org.springframework.security.web.ObservationFilterChainDecorator$ObservationFilter.wrapFilter(ObservationFilterChainDecorator.java:240)
	at org.springframework.security.web.ObservationFilterChainDecorator$ObservationFilter.doFilter(ObservationFilterChainDecorator.java:227)
	at org.springframework.security.web.ObservationFilterChainDecorator$VirtualFilterChain.doFilter(ObservationFilterChainDecorator.java:137)
	at org.springframework.security.web.authentication.ui.DefaultLogoutPageGeneratingFilter.doFilterInternal(DefaultLogoutPageGeneratingFilter.java:58)
	at org.springframework.web.filter.OncePerRequestFilter.doFilter(OncePerRequestFilter.java:116)
	at org.springframework.security.web.ObservationFilterChainDecorator$ObservationFilter.wrapFilter(ObservationFilterChainDecorator.java:240)
	at org.springframework.security.web.ObservationFilterChainDecorator$ObservationFilter.doFilter(ObservationFilterChainDecorator.java:227)
	at org.springframework.security.web.ObservationFilterChainDecorator$VirtualFilterChain.doFilter(ObservationFilterChainDecorator.java:137)
	at org.springframework.security.web.authentication.ui.DefaultLoginPageGeneratingFilter.doFilter(DefaultLoginPageGeneratingFilter.java:189)
	at org.springframework.security.web.authentication.ui.DefaultLoginPageGeneratingFilter.doFilter(DefaultLoginPageGeneratingFilter.java:175)
	at org.springframework.security.web.ObservationFilterChainDecorator$ObservationFilter.wrapFilter(ObservationFilterChainDecorator.java:240)
	at org.springframework.security.web.ObservationFilterChainDecorator$ObservationFilter.doFilter(ObservationFilterChainDecorator.java:227)
	at org.springframework.security.web.ObservationFilterChainDecorator$VirtualFilterChain.doFilter(ObservationFilterChainDecorator.java:137)
	at org.springframework.security.web.authentication.AbstractAuthenticationProcessingFilter.doFilter(AbstractAuthenticationProcessingFilter.java:227)
	at org.springframework.security.web.authentication.AbstractAuthenticationProcessingFilter.doFilter(AbstractAuthenticationProcessingFilter.java:221)
	at org.springframework.security.web.ObservationFilterChainDecorator$ObservationFilter.wrapFilter(ObservationFilterChainDecorator.java:240)
	at org.springframework.security.web.ObservationFilterChainDecorator$ObservationFilter.doFilter(ObservationFilterChainDecorator.java:227)
	at org.springframework.security.web.ObservationFilterChainDecorator$VirtualFilterChain.doFilter(ObservationFilterChainDecorator.java:137)
	at org.springframework.security.web.authentication.logout.LogoutFilter.doFilter(LogoutFilter.java:107)
	at org.springframework.security.web.authentication.logout.LogoutFilter.doFilter(LogoutFilter.java:93)
	at org.springframework.security.web.ObservationFilterChainDecorator$ObservationFilter.wrapFilter(ObservationFilterChainDecorator.java:240)
	at org.springframework.security.web.ObservationFilterChainDecorator$ObservationFilter.doFilter(ObservationFilterChainDecorator.java:227)
	at org.springframework.security.web.ObservationFilterChainDecorator$VirtualFilterChain.doFilter(ObservationFilterChainDecorator.java:137)
	at org.springframework.security.web.header.HeaderWriterFilter.doHeadersAfter(HeaderWriterFilter.java:90)
	at org.springframework.security.web.header.HeaderWriterFilter.doFilterInternal(HeaderWriterFilter.java:75)
	at org.springframework.web.filter.OncePerRequestFilter.doFilter(OncePerRequestFilter.java:116)
	at org.springframework.security.web.ObservationFilterChainDecorator$ObservationFilter.wrapFilter(ObservationFilterChainDecorator.java:240)
	at org.springframework.security.web.ObservationFilterChainDecorator$ObservationFilter.doFilter(ObservationFilterChainDecorator.java:227)
	at org.springframework.security.web.ObservationFilterChainDecorator$VirtualFilterChain.doFilter(ObservationFilterChainDecorator.java:137)
	at org.springframework.security.web.context.SecurityContextHolderFilter.doFilter(SecurityContextHolderFilter.java:82)
	at org.springframework.security.web.context.SecurityContextHolderFilter.doFilter(SecurityContextHolderFilter.java:69)
	at org.springframework.security.web.ObservationFilterChainDecorator$ObservationFilter.wrapFilter(ObservationFilterChainDecorator.java:240)
	at org.springframework.security.web.ObservationFilterChainDecorator$ObservationFilter.doFilter(ObservationFilterChainDecorator.java:227)
	at org.springframework.security.web.ObservationFilterChainDecorator$VirtualFilterChain.doFilter(ObservationFilterChainDecorator.java:137)
	at org.springframework.security.web.context.request.async.WebAsyncManagerIntegrationFilter.doFilterInternal(WebAsyncManagerIntegrationFilter.java:62)
	at org.springframework.web.filter.OncePerRequestFilter.doFilter(OncePerRequestFilter.java:116)
	at org.springframework.security.web.ObservationFilterChainDecorator$ObservationFilter.wrapFilter(ObservationFilterChainDecorator.java:240)
	at org.springframework.security.web.ObservationFilterChainDecorator$ObservationFilter.doFilter(ObservationFilterChainDecorator.java:227)
	at org.springframework.security.web.ObservationFilterChainDecorator$VirtualFilterChain.doFilter(ObservationFilterChainDecorator.java:137)
	at org.springframework.security.web.session.DisableEncodeUrlFilter.doFilterInternal(DisableEncodeUrlFilter.java:42)
	at org.springframework.web.filter.OncePerRequestFilter.doFilter(OncePerRequestFilter.java:116)
	at org.springframework.security.web.ObservationFilterChainDecorator$ObservationFilter.wrapFilter(ObservationFilterChainDecorator.java:240)
	at org.springframework.security.web.ObservationFilterChainDecorator$AroundFilterObservation$SimpleAroundFilterObservation.lambda$wrap$0(ObservationFilterChainDecorator.java:323)
	at org.springframework.security.web.ObservationFilterChainDecorator$ObservationFilter.doFilter(ObservationFilterChainDecorator.java:224)
	at org.springframework.security.web.ObservationFilterChainDecorator$VirtualFilterChain.doFilter(ObservationFilterChainDecorator.java:137)
	at org.springframework.security.web.FilterChainProxy.doFilterInternal(FilterChainProxy.java:233)
	at org.springframework.security.web.FilterChainProxy.doFilter(FilterChainProxy.java:191)
	at org.springframework.web.filter.CompositeFilter$VirtualFilterChain.doFilter(CompositeFilter.java:113)
	at org.springframework.web.servlet.handler.HandlerMappingIntrospector.lambda$createCacheFilter$3(HandlerMappingIntrospector.java:195)
	at org.springframework.web.filter.CompositeFilter$VirtualFilterChain.doFilter(CompositeFilter.java:113)
	at org.springframework.web.filter.CompositeFilter.doFilter(CompositeFilter.java:74)
	at org.springframework.security.config.annotation.web.configuration.WebMvcSecurityConfiguration$CompositeFilterChainProxy.doFilter(WebMvcSecurityConfiguration.java:230)
	at org.springframework.web.filter.DelegatingFilterProxy.invokeDelegate(DelegatingFilterProxy.java:352)
	at org.springframework.web.filter.DelegatingFilterProxy.doFilter(DelegatingFilterProxy.java:268)
	at org.apache.catalina.core.ApplicationFilterChain.internalDoFilter(ApplicationFilterChain.java:164)
	at org.apache.catalina.core.ApplicationFilterChain.doFilter(ApplicationFilterChain.java:140)
	at org.springframework.web.filter.RequestContextFilter.doFilterInternal(RequestContextFilter.java:100)
	at org.springframework.web.filter.OncePerRequestFilter.doFilter(OncePerRequestFilter.java:116)
	at org.apache.catalina.core.ApplicationFilterChain.internalDoFilter(ApplicationFilterChain.java:164)
	at org.apache.catalina.core.ApplicationFilterChain.doFilter(ApplicationFilterChain.java:140)
	at org.springframework.web.filter.FormContentFilter.doFilterInternal(FormContentFilter.java:93)
	at org.springframework.web.filter.OncePerRequestFilter.doFilter(OncePerRequestFilter.java:116)
	at org.apache.catalina.core.ApplicationFilterChain.internalDoFilter(ApplicationFilterChain.java:164)
	at org.apache.catalina.core.ApplicationFilterChain.doFilter(ApplicationFilterChain.java:140)
	at org.springframework.web.filter.ServerHttpObservationFilter.doFilterInternal(ServerHttpObservationFilter.java:113)
	at org.springframework.web.filter.OncePerRequestFilter.doFilter(OncePerRequestFilter.java:116)
	at org.apache.catalina.core.ApplicationFilterChain.internalDoFilter(ApplicationFilterChain.java:164)
	at org.apache.catalina.core.ApplicationFilterChain.doFilter(ApplicationFilterChain.java:140)
	at org.springframework.web.filter.CharacterEncodingFilter.doFilterInternal(CharacterEncodingFilter.java:201)
	at org.springframework.web.filter.OncePerRequestFilter.doFilter(OncePerRequestFilter.java:116)
	at org.apache.catalina.core.ApplicationFilterChain.internalDoFilter(ApplicationFilterChain.java:164)
	at org.apache.catalina.core.ApplicationFilterChain.doFilter(ApplicationFilterChain.java:140)
	at org.apache.catalina.core.StandardWrapperValve.invoke(StandardWrapperValve.java:167)
	at org.apache.catalina.core.StandardContextValve.invoke(StandardContextValve.java:90)
	at org.apache.catalina.authenticator.AuthenticatorBase.invoke(AuthenticatorBase.java:483)
	at org.apache.catalina.core.StandardHostValve.invoke(StandardHostValve.java:115)
	at org.apache.catalina.valves.ErrorReportValve.invoke(ErrorReportValve.java:93)
	at org.apache.catalina.core.StandardEngineValve.invoke(StandardEngineValve.java:74)
	at org.apache.catalina.connector.CoyoteAdapter.service(CoyoteAdapter.java:344)
	at org.apache.coyote.http11.Http11Processor.service(Http11Processor.java:384)
	at org.apache.coyote.AbstractProcessorLight.process(AbstractProcessorLight.java:63)
	at org.apache.coyote.AbstractProtocol$ConnectionHandler.process(AbstractProtocol.java:905)
	at org.apache.tomcat.util.net.NioEndpoint$SocketProcessor.doRun(NioEndpoint.java:1741)
	at org.apache.tomcat.util.net.SocketProcessorBase.run(SocketProcessorBase.java:52)
	at org.apache.tomcat.util.threads.ThreadPoolExecutor.runWorker(ThreadPoolExecutor.java:1190)
	at org.apache.tomcat.util.threads.ThreadPoolExecutor$Worker.run(ThreadPoolExecutor.java:659)
	at org.apache.tomcat.util.threads.TaskThread$WrappingRunnable.run(TaskThread.java:63)
	at java.base/java.lang.Thread.run(Thread.java:842)
2024-10-14 13:51:11 [http-nio-5000-exec-5] ERROR o.a.c.c.C.[.[.[.[dispatcherServlet] - Servlet.service() for servlet [dispatcherServlet] in context with path [] threw exception [Request processing failed: java.lang.NullPointerException: Cannot invoke "gov.la.webserver.review.service.ReviewService.getAllReviews()" because "this.reviewService" is null] with root cause
java.lang.NullPointerException: Cannot invoke "gov.la.webserver.review.service.ReviewService.getAllReviews()" because "this.reviewService" is null
	at gov.la.webserver.review.controller.ReviewController.getAllReviews(ReviewController.java:55)
	at java.base/jdk.internal.reflect.NativeMethodAccessorImpl.invoke0(Native Method)
	at java.base/jdk.internal.reflect.NativeMethodAccessorImpl.invoke(NativeMethodAccessorImpl.java:77)
	at java.base/jdk.internal.reflect.DelegatingMethodAccessorImpl.invoke(DelegatingMethodAccessorImpl.java:43)
	at java.base/java.lang.reflect.Method.invoke(Method.java:568)
	at org.springframework.aop.support.AopUtils.invokeJoinpointUsingReflection(AopUtils.java:355)
	at org.springframework.aop.framework.CglibAopProxy$DynamicAdvisedInterceptor.intercept(CglibAopProxy.java:716)
	at gov.la.webserver.review.controller.ReviewController$$SpringCGLIB$$0.getAllReviews(<generated>)
	at java.base/jdk.internal.reflect.NativeMethodAccessorImpl.invoke0(Native Method)
	at java.base/jdk.internal.reflect.NativeMethodAccessorImpl.invoke(NativeMethodAccessorImpl.java:77)
	at java.base/jdk.internal.reflect.DelegatingMethodAccessorImpl.invoke(DelegatingMethodAccessorImpl.java:43)
	at java.base/java.lang.reflect.Method.invoke(Method.java:568)
	at org.springframework.web.method.support.InvocableHandlerMethod.doInvoke(InvocableHandlerMethod.java:255)
	at org.springframework.web.method.support.InvocableHandlerMethod.invokeForRequest(InvocableHandlerMethod.java:188)
	at org.springframework.web.servlet.mvc.method.annotation.ServletInvocableHandlerMethod.invokeAndHandle(ServletInvocableHandlerMethod.java:118)
	at org.springframework.web.servlet.mvc.method.annotation.RequestMappingHandlerAdapter.invokeHandlerMethod(RequestMappingHandlerAdapter.java:926)
	at org.springframework.web.servlet.mvc.method.annotation.RequestMappingHandlerAdapter.handleInternal(RequestMappingHandlerAdapter.java:831)
	at org.springframework.web.servlet.mvc.method.AbstractHandlerMethodAdapter.handle(AbstractHandlerMethodAdapter.java:87)
	at org.springframework.web.servlet.DispatcherServlet.doDispatch(DispatcherServlet.java:1089)
	at org.springframework.web.servlet.DispatcherServlet.doService(DispatcherServlet.java:979)
	at org.springframework.web.servlet.FrameworkServlet.processRequest(FrameworkServlet.java:1014)
	at org.springframework.web.servlet.FrameworkServlet.doGet(FrameworkServlet.java:903)
	at jakarta.servlet.http.HttpServlet.service(HttpServlet.java:564)
	at org.springframework.web.servlet.FrameworkServlet.service(FrameworkServlet.java:885)
	at jakarta.servlet.http.HttpServlet.service(HttpServlet.java:658)
	at org.apache.catalina.core.ApplicationFilterChain.internalDoFilter(ApplicationFilterChain.java:195)
	at org.apache.catalina.core.ApplicationFilterChain.doFilter(ApplicationFilterChain.java:140)
	at org.apache.tomcat.websocket.server.WsFilter.doFilter(WsFilter.java:51)
	at org.apache.catalina.core.ApplicationFilterChain.internalDoFilter(ApplicationFilterChain.java:164)
	at org.apache.catalina.core.ApplicationFilterChain.doFilter(ApplicationFilterChain.java:140)
	at org.springframework.web.filter.CompositeFilter$VirtualFilterChain.doFilter(CompositeFilter.java:108)
	at org.springframework.security.web.FilterChainProxy.lambda$doFilterInternal$3(FilterChainProxy.java:231)
	at org.springframework.security.web.ObservationFilterChainDecorator$FilterObservation$SimpleFilterObservation.lambda$wrap$1(ObservationFilterChainDecorator.java:479)
	at org.springframework.security.web.ObservationFilterChainDecorator$AroundFilterObservation$SimpleAroundFilterObservation.lambda$wrap$1(ObservationFilterChainDecorator.java:340)
	at org.springframework.security.web.ObservationFilterChainDecorator.lambda$wrapSecured$0(ObservationFilterChainDecorator.java:82)
	at org.springframework.security.web.ObservationFilterChainDecorator$VirtualFilterChain.doFilter(ObservationFilterChainDecorator.java:128)
	at org.springframework.security.web.access.intercept.AuthorizationFilter.doFilter(AuthorizationFilter.java:100)
	at org.springframework.security.web.ObservationFilterChainDecorator$ObservationFilter.wrapFilter(ObservationFilterChainDecorator.java:240)
	at org.springframework.security.web.ObservationFilterChainDecorator$ObservationFilter.doFilter(ObservationFilterChainDecorator.java:227)
	at org.springframework.security.web.ObservationFilterChainDecorator$VirtualFilterChain.doFilter(ObservationFilterChainDecorator.java:137)
	at org.springframework.security.web.access.ExceptionTranslationFilter.doFilter(ExceptionTranslationFilter.java:126)
	at org.springframework.security.web.access.ExceptionTranslationFilter.doFilter(ExceptionTranslationFilter.java:120)
	at org.springframework.security.web.ObservationFilterChainDecorator$ObservationFilter.wrapFilter(ObservationFilterChainDecorator.java:240)
	at org.springframework.security.web.ObservationFilterChainDecorator$ObservationFilter.doFilter(ObservationFilterChainDecorator.java:227)
	at org.springframework.security.web.ObservationFilterChainDecorator$VirtualFilterChain.doFilter(ObservationFilterChainDecorator.java:137)
	at org.springframework.security.web.authentication.AnonymousAuthenticationFilter.doFilter(AnonymousAuthenticationFilter.java:100)
	at org.springframework.security.web.ObservationFilterChainDecorator$ObservationFilter.wrapFilter(ObservationFilterChainDecorator.java:240)
	at org.springframework.security.web.ObservationFilterChainDecorator$ObservationFilter.doFilter(ObservationFilterChainDecorator.java:227)
	at org.springframework.security.web.ObservationFilterChainDecorator$VirtualFilterChain.doFilter(ObservationFilterChainDecorator.java:137)
	at org.springframework.security.web.servletapi.SecurityContextHolderAwareRequestFilter.doFilter(SecurityContextHolderAwareRequestFilter.java:179)
	at org.springframework.security.web.ObservationFilterChainDecorator$ObservationFilter.wrapFilter(ObservationFilterChainDecorator.java:240)
	at org.springframework.security.web.ObservationFilterChainDecorator$ObservationFilter.doFilter(ObservationFilterChainDecorator.java:227)
	at org.springframework.security.web.ObservationFilterChainDecorator$VirtualFilterChain.doFilter(ObservationFilterChainDecorator.java:137)
	at org.springframework.security.web.savedrequest.RequestCacheAwareFilter.doFilter(RequestCacheAwareFilter.java:63)
	at org.springframework.security.web.ObservationFilterChainDecorator$ObservationFilter.wrapFilter(ObservationFilterChainDecorator.java:240)
	at org.springframework.security.web.ObservationFilterChainDecorator$ObservationFilter.doFilter(ObservationFilterChainDecorator.java:227)
	at org.springframework.security.web.ObservationFilterChainDecorator$VirtualFilterChain.doFilter(ObservationFilterChainDecorator.java:137)
	at org.springframework.security.web.authentication.www.BasicAuthenticationFilter.doFilterInternal(BasicAuthenticationFilter.java:213)
	at org.springframework.web.filter.OncePerRequestFilter.doFilter(OncePerRequestFilter.java:116)
	at org.springframework.security.web.ObservationFilterChainDecorator$ObservationFilter.wrapFilter(ObservationFilterChainDecorator.java:240)
	at org.springframework.security.web.ObservationFilterChainDecorator$ObservationFilter.doFilter(ObservationFilterChainDecorator.java:227)
	at org.springframework.security.web.ObservationFilterChainDecorator$VirtualFilterChain.doFilter(ObservationFilterChainDecorator.java:137)
	at org.springframework.security.web.authentication.ui.DefaultLogoutPageGeneratingFilter.doFilterInternal(DefaultLogoutPageGeneratingFilter.java:58)
	at org.springframework.web.filter.OncePerRequestFilter.doFilter(OncePerRequestFilter.java:116)
	at org.springframework.security.web.ObservationFilterChainDecorator$ObservationFilter.wrapFilter(ObservationFilterChainDecorator.java:240)
	at org.springframework.security.web.ObservationFilterChainDecorator$ObservationFilter.doFilter(ObservationFilterChainDecorator.java:227)
	at org.springframework.security.web.ObservationFilterChainDecorator$VirtualFilterChain.doFilter(ObservationFilterChainDecorator.java:137)
	at org.springframework.security.web.authentication.ui.DefaultLoginPageGeneratingFilter.doFilter(DefaultLoginPageGeneratingFilter.java:189)
	at org.springframework.security.web.authentication.ui.DefaultLoginPageGeneratingFilter.doFilter(DefaultLoginPageGeneratingFilter.java:175)
	at org.springframework.security.web.ObservationFilterChainDecorator$ObservationFilter.wrapFilter(ObservationFilterChainDecorator.java:240)
	at org.springframework.security.web.ObservationFilterChainDecorator$ObservationFilter.doFilter(ObservationFilterChainDecorator.java:227)
	at org.springframework.security.web.ObservationFilterChainDecorator$VirtualFilterChain.doFilter(ObservationFilterChainDecorator.java:137)
	at org.springframework.security.web.authentication.AbstractAuthenticationProcessingFilter.doFilter(AbstractAuthenticationProcessingFilter.java:227)
	at org.springframework.security.web.authentication.AbstractAuthenticationProcessingFilter.doFilter(AbstractAuthenticationProcessingFilter.java:221)
	at org.springframework.security.web.ObservationFilterChainDecorator$ObservationFilter.wrapFilter(ObservationFilterChainDecorator.java:240)
	at org.springframework.security.web.ObservationFilterChainDecorator$ObservationFilter.doFilter(ObservationFilterChainDecorator.java:227)
	at org.springframework.security.web.ObservationFilterChainDecorator$VirtualFilterChain.doFilter(ObservationFilterChainDecorator.java:137)
	at org.springframework.security.web.authentication.logout.LogoutFilter.doFilter(LogoutFilter.java:107)
	at org.springframework.security.web.authentication.logout.LogoutFilter.doFilter(LogoutFilter.java:93)
	at org.springframework.security.web.ObservationFilterChainDecorator$ObservationFilter.wrapFilter(ObservationFilterChainDecorator.java:240)
	at org.springframework.security.web.ObservationFilterChainDecorator$ObservationFilter.doFilter(ObservationFilterChainDecorator.java:227)
	at org.springframework.security.web.ObservationFilterChainDecorator$VirtualFilterChain.doFilter(ObservationFilterChainDecorator.java:137)
	at org.springframework.security.web.header.HeaderWriterFilter.doHeadersAfter(HeaderWriterFilter.java:90)
	at org.springframework.security.web.header.HeaderWriterFilter.doFilterInternal(HeaderWriterFilter.java:75)
	at org.springframework.web.filter.OncePerRequestFilter.doFilter(OncePerRequestFilter.java:116)
	at org.springframework.security.web.ObservationFilterChainDecorator$ObservationFilter.wrapFilter(ObservationFilterChainDecorator.java:240)
	at org.springframework.security.web.ObservationFilterChainDecorator$ObservationFilter.doFilter(ObservationFilterChainDecorator.java:227)
	at org.springframework.security.web.ObservationFilterChainDecorator$VirtualFilterChain.doFilter(ObservationFilterChainDecorator.java:137)
	at org.springframework.security.web.context.SecurityContextHolderFilter.doFilter(SecurityContextHolderFilter.java:82)
	at org.springframework.security.web.context.SecurityContextHolderFilter.doFilter(SecurityContextHolderFilter.java:69)
	at org.springframework.security.web.ObservationFilterChainDecorator$ObservationFilter.wrapFilter(ObservationFilterChainDecorator.java:240)
	at org.springframework.security.web.ObservationFilterChainDecorator$ObservationFilter.doFilter(ObservationFilterChainDecorator.java:227)
	at org.springframework.security.web.ObservationFilterChainDecorator$VirtualFilterChain.doFilter(ObservationFilterChainDecorator.java:137)
	at org.springframework.security.web.context.request.async.WebAsyncManagerIntegrationFilter.doFilterInternal(WebAsyncManagerIntegrationFilter.java:62)
	at org.springframework.web.filter.OncePerRequestFilter.doFilter(OncePerRequestFilter.java:116)
	at org.springframework.security.web.ObservationFilterChainDecorator$ObservationFilter.wrapFilter(ObservationFilterChainDecorator.java:240)
	at org.springframework.security.web.ObservationFilterChainDecorator$ObservationFilter.doFilter(ObservationFilterChainDecorator.java:227)
	at org.springframework.security.web.ObservationFilterChainDecorator$VirtualFilterChain.doFilter(ObservationFilterChainDecorator.java:137)
	at org.springframework.security.web.session.DisableEncodeUrlFilter.doFilterInternal(DisableEncodeUrlFilter.java:42)
	at org.springframework.web.filter.OncePerRequestFilter.doFilter(OncePerRequestFilter.java:116)
	at org.springframework.security.web.ObservationFilterChainDecorator$ObservationFilter.wrapFilter(ObservationFilterChainDecorator.java:240)
	at org.springframework.security.web.ObservationFilterChainDecorator$AroundFilterObservation$SimpleAroundFilterObservation.lambda$wrap$0(ObservationFilterChainDecorator.java:323)
	at org.springframework.security.web.ObservationFilterChainDecorator$ObservationFilter.doFilter(ObservationFilterChainDecorator.java:224)
	at org.springframework.security.web.ObservationFilterChainDecorator$VirtualFilterChain.doFilter(ObservationFilterChainDecorator.java:137)
	at org.springframework.security.web.FilterChainProxy.doFilterInternal(FilterChainProxy.java:233)
	at org.springframework.security.web.FilterChainProxy.doFilter(FilterChainProxy.java:191)
	at org.springframework.web.filter.CompositeFilter$VirtualFilterChain.doFilter(CompositeFilter.java:113)
	at org.springframework.web.servlet.handler.HandlerMappingIntrospector.lambda$createCacheFilter$3(HandlerMappingIntrospector.java:195)
	at org.springframework.web.filter.CompositeFilter$VirtualFilterChain.doFilter(CompositeFilter.java:113)
	at org.springframework.web.filter.CompositeFilter.doFilter(CompositeFilter.java:74)
	at org.springframework.security.config.annotation.web.configuration.WebMvcSecurityConfiguration$CompositeFilterChainProxy.doFilter(WebMvcSecurityConfiguration.java:230)
	at org.springframework.web.filter.DelegatingFilterProxy.invokeDelegate(DelegatingFilterProxy.java:352)
	at org.springframework.web.filter.DelegatingFilterProxy.doFilter(DelegatingFilterProxy.java:268)
	at org.apache.catalina.core.ApplicationFilterChain.internalDoFilter(ApplicationFilterChain.java:164)
	at org.apache.catalina.core.ApplicationFilterChain.doFilter(ApplicationFilterChain.java:140)
	at org.springframework.web.filter.RequestContextFilter.doFilterInternal(RequestContextFilter.java:100)
	at org.springframework.web.filter.OncePerRequestFilter.doFilter(OncePerRequestFilter.java:116)
	at org.apache.catalina.core.ApplicationFilterChain.internalDoFilter(ApplicationFilterChain.java:164)
	at org.apache.catalina.core.ApplicationFilterChain.doFilter(ApplicationFilterChain.java:140)
	at org.springframework.web.filter.FormContentFilter.doFilterInternal(FormContentFilter.java:93)
	at org.springframework.web.filter.OncePerRequestFilter.doFilter(OncePerRequestFilter.java:116)
	at org.apache.catalina.core.ApplicationFilterChain.internalDoFilter(ApplicationFilterChain.java:164)
	at org.apache.catalina.core.ApplicationFilterChain.doFilter(ApplicationFilterChain.java:140)
	at org.springframework.web.filter.ServerHttpObservationFilter.doFilterInternal(ServerHttpObservationFilter.java:113)
	at org.springframework.web.filter.OncePerRequestFilter.doFilter(OncePerRequestFilter.java:116)
	at org.apache.catalina.core.ApplicationFilterChain.internalDoFilter(ApplicationFilterChain.java:164)
	at org.apache.catalina.core.ApplicationFilterChain.doFilter(ApplicationFilterChain.java:140)
	at org.springframework.web.filter.CharacterEncodingFilter.doFilterInternal(CharacterEncodingFilter.java:201)
	at org.springframework.web.filter.OncePerRequestFilter.doFilter(OncePerRequestFilter.java:116)
	at org.apache.catalina.core.ApplicationFilterChain.internalDoFilter(ApplicationFilterChain.java:164)
	at org.apache.catalina.core.ApplicationFilterChain.doFilter(ApplicationFilterChain.java:140)
	at org.apache.catalina.core.StandardWrapperValve.invoke(StandardWrapperValve.java:167)
	at org.apache.catalina.core.StandardContextValve.invoke(StandardContextValve.java:90)
	at org.apache.catalina.authenticator.AuthenticatorBase.invoke(AuthenticatorBase.java:483)
	at org.apache.catalina.core.StandardHostValve.invoke(StandardHostValve.java:115)
	at org.apache.catalina.valves.ErrorReportValve.invoke(ErrorReportValve.java:93)
	at org.apache.catalina.core.StandardEngineValve.invoke(StandardEngineValve.java:74)
	at org.apache.catalina.connector.CoyoteAdapter.service(CoyoteAdapter.java:344)
	at org.apache.coyote.http11.Http11Processor.service(Http11Processor.java:384)
	at org.apache.coyote.AbstractProcessorLight.process(AbstractProcessorLight.java:63)
	at org.apache.coyote.AbstractProtocol$ConnectionHandler.process(AbstractProtocol.java:905)
	at org.apache.tomcat.util.net.NioEndpoint$SocketProcessor.doRun(NioEndpoint.java:1741)
	at org.apache.tomcat.util.net.SocketProcessorBase.run(SocketProcessorBase.java:52)
	at org.apache.tomcat.util.threads.ThreadPoolExecutor.runWorker(ThreadPoolExecutor.java:1190)
	at org.apache.tomcat.util.threads.ThreadPoolExecutor$Worker.run(ThreadPoolExecutor.java:659)
	at org.apache.tomcat.util.threads.TaskThread$WrappingRunnable.run(TaskThread.java:63)
	at java.base/java.lang.Thread.run(Thread.java:842)
2024-10-14 13:51:34 [scheduling-1] INFO  g.l.w.u.s.UserChangeLogScheduler - call clearChangeLog
2024-10-14 13:51:34 [scheduling-1] INFO  g.l.w.u.s.UserChangeLogScheduler - clear Logs completed!! true
2024-10-14 13:52:00 [scheduling-1] INFO  g.l.w.u.s.UserChangeLogScheduler - call checkChangeLog
2024-10-14 13:52:00 [scheduling-1] INFO  g.l.w.u.s.UserChangeLogScheduler - check log completed!!
2024-10-14 13:52:33 [SpringApplicationShutdownHook] INFO  o.s.o.j.LocalContainerEntityManagerFactoryBean - Closing JPA EntityManagerFactory for persistence unit 'default'
2024-10-14 13:52:33 [SpringApplicationShutdownHook] INFO  com.zaxxer.hikari.HikariDataSource - HikariPool-1 - Shutdown initiated...
2024-10-14 13:52:33 [SpringApplicationShutdownHook] INFO  com.zaxxer.hikari.HikariDataSource - HikariPool-1 - Shutdown completed.
2024-10-14 13:52:41 [main] INFO  g.la.webserver.WebserverApplication - Starting WebserverApplication using Java 17.0.12 with PID 1609 (/Users/kmpc/webserver/build/classes/java/main started by kmpc in /Users/kmpc/webserver)
2024-10-14 13:52:41 [main] DEBUG g.la.webserver.WebserverApplication - Running with Spring Boot v3.3.4, Spring v6.1.13
2024-10-14 13:52:41 [main] INFO  g.la.webserver.WebserverApplication - No active profile set, falling back to 1 default profile: "default"
2024-10-14 13:52:43 [main] INFO  o.s.d.r.c.RepositoryConfigurationDelegate - Bootstrapping Spring Data JPA repositories in DEFAULT mode.
2024-10-14 13:52:43 [main] INFO  o.s.d.r.c.RepositoryConfigurationDelegate - Finished Spring Data repository scanning in 333 ms. Found 4 JPA repository interfaces.
2024-10-14 13:52:44 [main] INFO  o.s.b.w.e.tomcat.TomcatWebServer - Tomcat initialized with port 5000 (http)
2024-10-14 13:52:44 [main] INFO  o.a.coyote.http11.Http11NioProtocol - Initializing ProtocolHandler ["http-nio-5000"]
2024-10-14 13:52:45 [main] INFO  o.a.catalina.core.StandardService - Starting service [Tomcat]
2024-10-14 13:52:45 [main] INFO  o.a.catalina.core.StandardEngine - Starting Servlet engine: [Apache Tomcat/10.1.30]
2024-10-14 13:52:45 [main] INFO  o.a.c.c.C.[Tomcat].[localhost].[/] - Initializing Spring embedded WebApplicationContext
2024-10-14 13:52:45 [main] INFO  o.s.b.w.s.c.ServletWebServerApplicationContext - Root WebApplicationContext: initialization completed in 3278 ms
2024-10-14 13:52:45 [main] INFO  com.zaxxer.hikari.HikariDataSource - HikariPool-1 - Starting...
2024-10-14 13:52:45 [main] INFO  com.zaxxer.hikari.pool.HikariPool - HikariPool-1 - Added connection conn0: url=jdbc:h2:mem:test user=SA
2024-10-14 13:52:45 [main] INFO  com.zaxxer.hikari.HikariDataSource - HikariPool-1 - Start completed.
2024-10-14 13:52:45 [main] INFO  o.s.b.a.h.H2ConsoleAutoConfiguration - H2 console available at '/h2-console'. Database available at 'jdbc:h2:mem:test'
2024-10-14 13:52:46 [main] INFO  o.h.jpa.internal.util.LogHelper - HHH000204: Processing PersistenceUnitInfo [name: default]
2024-10-14 13:52:46 [main] INFO  org.hibernate.Version - HHH000412: Hibernate ORM core version 6.5.3.Final
2024-10-14 13:52:46 [main] INFO  o.h.c.i.RegionFactoryInitiator - HHH000026: Second-level cache disabled
2024-10-14 13:52:46 [main] INFO  o.s.o.j.p.SpringPersistenceUnitInfo - No LoadTimeWeaver setup: ignoring JPA class transformer
2024-10-14 13:52:46 [main] WARN  org.hibernate.orm.deprecation - HHH90000025: H2Dialect does not need to be specified explicitly using 'hibernate.dialect' (remove the property setting and it will be selected by default)
2024-10-14 13:52:48 [main] INFO  o.h.e.t.j.p.i.JtaPlatformInitiator - HHH000489: No JTA platform available (set 'hibernate.transaction.jta.platform' to enable JTA platform integration)
2024-10-14 13:52:48 [main] INFO  o.s.o.j.LocalContainerEntityManagerFactoryBean - Initialized JPA EntityManagerFactory for persistence unit 'default'
2024-10-14 13:52:49 [main] INFO  o.s.s.c.a.a.c.InitializeUserDetailsBeanManagerConfigurer$InitializeUserDetailsManagerConfigurer - Global AuthenticationManager configured with UserDetailsService bean with name userLoginService
2024-10-14 13:52:49 [main] INFO  o.s.b.a.w.s.WelcomePageHandlerMapping - Adding welcome page template: index
2024-10-14 13:52:50 [main] INFO  o.s.b.a.e.web.EndpointLinksResolver - Exposing 15 endpoints beneath base path '/actuator'
2024-10-14 13:52:52 [main] INFO  o.a.coyote.http11.Http11NioProtocol - Starting ProtocolHandler ["http-nio-5000"]
2024-10-14 13:52:52 [main] INFO  o.s.b.w.e.tomcat.TomcatWebServer - Tomcat started on port 5000 (http) with context path '/'
2024-10-14 13:52:52 [main] INFO  g.la.webserver.WebserverApplication - Started WebserverApplication in 11.484 seconds (process running for 12.353)
2024-10-14 13:52:52 [scheduling-1] INFO  g.l.w.u.s.UserChangeLogScheduler - call clearChangeLog
2024-10-14 13:52:52 [scheduling-1] INFO  g.l.w.u.s.UserChangeLogScheduler - clear Logs completed!! true
2024-10-14 13:52:56 [http-nio-5000-exec-1] INFO  o.a.c.c.C.[Tomcat].[localhost].[/] - Initializing Spring DispatcherServlet 'dispatcherServlet'
2024-10-14 13:52:56 [http-nio-5000-exec-1] INFO  o.s.web.servlet.DispatcherServlet - Initializing Servlet 'dispatcherServlet'
2024-10-14 13:52:56 [http-nio-5000-exec-1] INFO  o.s.web.servlet.DispatcherServlet - Completed initialization in 2 ms
2024-10-14 13:52:56 [http-nio-5000-exec-1] WARN  o.s.w.s.m.s.DefaultHandlerExceptionResolver - Resolved [org.springframework.web.HttpRequestMethodNotSupportedException: Request method 'GET' is not supported]
2024-10-14 13:52:57 [registrationTask1] WARN  d.c.b.a.c.r.ApplicationRegistrator - Failed to register application as Application(name=spring-boot-application, managementUrl=http://192.168.0.107:5000/actuator, healthUrl=http://192.168.0.107:5000/actuator/health, serviceUrl=http://192.168.0.107:5000/) at spring-boot-admin ([http://localhost:8000/instances]): I/O error on POST request for "http://localhost:8000/instances": Connection refused. Further attempts are logged on DEBUG level
2024-10-14 13:52:59 [http-nio-5000-exec-3] WARN  o.s.w.s.m.s.DefaultHandlerExceptionResolver - Resolved [org.springframework.web.HttpRequestMethodNotSupportedException: Request method 'GET' is not supported]
2024-10-14 13:53:00 [scheduling-1] INFO  g.l.w.u.s.UserChangeLogScheduler - call checkChangeLog
2024-10-14 13:53:00 [scheduling-1] INFO  g.l.w.u.s.UserChangeLogScheduler - check log completed!!
2024-10-14 13:53:17 [http-nio-5000-exec-6] WARN  o.s.w.s.m.s.DefaultHandlerExceptionResolver - Resolved [org.springframework.web.HttpRequestMethodNotSupportedException: Request method 'GET' is not supported]
2024-10-14 13:53:52 [scheduling-1] INFO  g.l.w.u.s.UserChangeLogScheduler - call clearChangeLog
2024-10-14 13:53:52 [scheduling-1] INFO  g.l.w.u.s.UserChangeLogScheduler - clear Logs completed!! true
2024-10-14 13:54:00 [scheduling-1] INFO  g.l.w.u.s.UserChangeLogScheduler - call checkChangeLog
2024-10-14 13:54:00 [scheduling-1] INFO  g.l.w.u.s.UserChangeLogScheduler - check log completed!!
2024-10-14 13:54:52 [scheduling-1] INFO  g.l.w.u.s.UserChangeLogScheduler - call clearChangeLog
2024-10-14 13:54:52 [scheduling-1] INFO  g.l.w.u.s.UserChangeLogScheduler - clear Logs completed!! true
2024-10-14 13:55:00 [scheduling-1] INFO  g.l.w.u.s.UserChangeLogScheduler - call checkChangeLog
2024-10-14 13:55:00 [scheduling-1] INFO  g.l.w.u.s.UserChangeLogScheduler - check log completed!!
2024-10-14 13:55:52 [scheduling-1] INFO  g.l.w.u.s.UserChangeLogScheduler - call clearChangeLog
2024-10-14 13:55:52 [scheduling-1] INFO  g.l.w.u.s.UserChangeLogScheduler - clear Logs completed!! true
2024-10-14 13:56:00 [scheduling-1] INFO  g.l.w.u.s.UserChangeLogScheduler - call checkChangeLog
2024-10-14 13:56:00 [scheduling-1] INFO  g.l.w.u.s.UserChangeLogScheduler - check log completed!!
2024-10-14 13:56:52 [scheduling-1] INFO  g.l.w.u.s.UserChangeLogScheduler - call clearChangeLog
2024-10-14 13:56:52 [scheduling-1] INFO  g.l.w.u.s.UserChangeLogScheduler - clear Logs completed!! true
2024-10-14 13:57:00 [scheduling-1] INFO  g.l.w.u.s.UserChangeLogScheduler - call checkChangeLog
2024-10-14 13:57:00 [scheduling-1] INFO  g.l.w.u.s.UserChangeLogScheduler - check log completed!!
2024-10-14 13:57:52 [scheduling-1] INFO  g.l.w.u.s.UserChangeLogScheduler - call clearChangeLog
2024-10-14 13:57:52 [scheduling-1] INFO  g.l.w.u.s.UserChangeLogScheduler - clear Logs completed!! true
2024-10-14 13:58:00 [scheduling-1] INFO  g.l.w.u.s.UserChangeLogScheduler - call checkChangeLog
2024-10-14 13:58:00 [scheduling-1] INFO  g.l.w.u.s.UserChangeLogScheduler - check log completed!!
2024-10-14 13:58:52 [scheduling-1] INFO  g.l.w.u.s.UserChangeLogScheduler - call clearChangeLog
2024-10-14 13:58:52 [scheduling-1] INFO  g.l.w.u.s.UserChangeLogScheduler - clear Logs completed!! true
2024-10-14 13:59:00 [scheduling-1] INFO  g.l.w.u.s.UserChangeLogScheduler - call checkChangeLog
2024-10-14 13:59:00 [scheduling-1] INFO  g.l.w.u.s.UserChangeLogScheduler - check log completed!!
2024-10-14 13:59:52 [scheduling-1] INFO  g.l.w.u.s.UserChangeLogScheduler - call clearChangeLog
2024-10-14 13:59:52 [scheduling-1] INFO  g.l.w.u.s.UserChangeLogScheduler - clear Logs completed!! true
2024-10-14 14:00:00 [scheduling-1] INFO  g.l.w.u.s.UserChangeLogScheduler - call checkChangeLog
2024-10-14 14:00:00 [scheduling-1] INFO  g.l.w.u.s.UserChangeLogScheduler - check log completed!!
2024-10-14 14:00:52 [scheduling-1] INFO  g.l.w.u.s.UserChangeLogScheduler - call clearChangeLog
2024-10-14 14:00:52 [scheduling-1] INFO  g.l.w.u.s.UserChangeLogScheduler - clear Logs completed!! true
2024-10-14 14:01:00 [scheduling-1] INFO  g.l.w.u.s.UserChangeLogScheduler - call checkChangeLog
2024-10-14 14:01:00 [scheduling-1] INFO  g.l.w.u.s.UserChangeLogScheduler - check log completed!!
2024-10-14 14:01:52 [scheduling-1] INFO  g.l.w.u.s.UserChangeLogScheduler - call clearChangeLog
2024-10-14 14:01:52 [scheduling-1] INFO  g.l.w.u.s.UserChangeLogScheduler - clear Logs completed!! true
2024-10-14 14:02:00 [scheduling-1] INFO  g.l.w.u.s.UserChangeLogScheduler - call checkChangeLog
2024-10-14 14:02:00 [scheduling-1] INFO  g.l.w.u.s.UserChangeLogScheduler - check log completed!!
2024-10-14 14:02:52 [scheduling-1] INFO  g.l.w.u.s.UserChangeLogScheduler - call clearChangeLog
2024-10-14 14:02:52 [scheduling-1] INFO  g.l.w.u.s.UserChangeLogScheduler - clear Logs completed!! true
2024-10-14 14:03:00 [scheduling-1] INFO  g.l.w.u.s.UserChangeLogScheduler - call checkChangeLog
2024-10-14 14:03:00 [scheduling-1] INFO  g.l.w.u.s.UserChangeLogScheduler - check log completed!!
2024-10-14 14:03:52 [scheduling-1] INFO  g.l.w.u.s.UserChangeLogScheduler - call clearChangeLog
2024-10-14 14:03:52 [scheduling-1] INFO  g.l.w.u.s.UserChangeLogScheduler - clear Logs completed!! true
2024-10-14 14:04:00 [scheduling-1] INFO  g.l.w.u.s.UserChangeLogScheduler - call checkChangeLog
2024-10-14 14:04:00 [scheduling-1] INFO  g.l.w.u.s.UserChangeLogScheduler - check log completed!!
2024-10-14 14:04:52 [scheduling-1] INFO  g.l.w.u.s.UserChangeLogScheduler - call clearChangeLog
2024-10-14 14:04:52 [scheduling-1] INFO  g.l.w.u.s.UserChangeLogScheduler - clear Logs completed!! true
2024-10-14 14:05:00 [scheduling-1] INFO  g.l.w.u.s.UserChangeLogScheduler - call checkChangeLog
2024-10-14 14:05:00 [scheduling-1] INFO  g.l.w.u.s.UserChangeLogScheduler - check log completed!!
2024-10-14 14:05:52 [scheduling-1] INFO  g.l.w.u.s.UserChangeLogScheduler - call clearChangeLog
2024-10-14 14:05:52 [scheduling-1] INFO  g.l.w.u.s.UserChangeLogScheduler - clear Logs completed!! true
2024-10-14 14:06:00 [scheduling-1] INFO  g.l.w.u.s.UserChangeLogScheduler - call checkChangeLog
2024-10-14 14:06:00 [scheduling-1] INFO  g.l.w.u.s.UserChangeLogScheduler - check log completed!!
2024-10-14 14:06:52 [scheduling-1] INFO  g.l.w.u.s.UserChangeLogScheduler - call clearChangeLog
2024-10-14 14:06:52 [scheduling-1] INFO  g.l.w.u.s.UserChangeLogScheduler - clear Logs completed!! true
2024-10-14 14:07:00 [scheduling-1] INFO  g.l.w.u.s.UserChangeLogScheduler - call checkChangeLog
2024-10-14 14:07:00 [scheduling-1] INFO  g.l.w.u.s.UserChangeLogScheduler - check log completed!!
2024-10-14 14:07:52 [scheduling-1] INFO  g.l.w.u.s.UserChangeLogScheduler - call clearChangeLog
2024-10-14 14:07:52 [scheduling-1] INFO  g.l.w.u.s.UserChangeLogScheduler - clear Logs completed!! true
2024-10-14 14:08:00 [scheduling-1] INFO  g.l.w.u.s.UserChangeLogScheduler - call checkChangeLog
2024-10-14 14:08:00 [scheduling-1] INFO  g.l.w.u.s.UserChangeLogScheduler - check log completed!!
2024-10-14 14:08:52 [scheduling-1] INFO  g.l.w.u.s.UserChangeLogScheduler - call clearChangeLog
2024-10-14 14:08:52 [scheduling-1] INFO  g.l.w.u.s.UserChangeLogScheduler - clear Logs completed!! true
2024-10-14 14:09:00 [scheduling-1] INFO  g.l.w.u.s.UserChangeLogScheduler - call checkChangeLog
2024-10-14 14:09:00 [scheduling-1] INFO  g.l.w.u.s.UserChangeLogScheduler - check log completed!!
2024-10-14 14:09:52 [scheduling-1] INFO  g.l.w.u.s.UserChangeLogScheduler - call clearChangeLog
2024-10-14 14:09:52 [scheduling-1] INFO  g.l.w.u.s.UserChangeLogScheduler - clear Logs completed!! true
2024-10-14 14:10:00 [scheduling-1] INFO  g.l.w.u.s.UserChangeLogScheduler - call checkChangeLog
2024-10-14 14:10:00 [scheduling-1] INFO  g.l.w.u.s.UserChangeLogScheduler - check log completed!!
2024-10-14 14:10:52 [scheduling-1] INFO  g.l.w.u.s.UserChangeLogScheduler - call clearChangeLog
2024-10-14 14:10:52 [scheduling-1] INFO  g.l.w.u.s.UserChangeLogScheduler - clear Logs completed!! true
2024-10-14 14:11:00 [scheduling-1] INFO  g.l.w.u.s.UserChangeLogScheduler - call checkChangeLog
2024-10-14 14:11:00 [scheduling-1] INFO  g.l.w.u.s.UserChangeLogScheduler - check log completed!!
2024-10-14 14:11:52 [scheduling-1] INFO  g.l.w.u.s.UserChangeLogScheduler - call clearChangeLog
2024-10-14 14:11:52 [scheduling-1] INFO  g.l.w.u.s.UserChangeLogScheduler - clear Logs completed!! true
2024-10-14 14:12:00 [scheduling-1] INFO  g.l.w.u.s.UserChangeLogScheduler - call checkChangeLog
2024-10-14 14:12:00 [scheduling-1] INFO  g.l.w.u.s.UserChangeLogScheduler - check log completed!!
2024-10-14 14:12:52 [scheduling-1] INFO  g.l.w.u.s.UserChangeLogScheduler - call clearChangeLog
2024-10-14 14:12:52 [scheduling-1] INFO  g.l.w.u.s.UserChangeLogScheduler - clear Logs completed!! true
2024-10-14 14:13:00 [scheduling-1] INFO  g.l.w.u.s.UserChangeLogScheduler - call checkChangeLog
2024-10-14 14:13:00 [scheduling-1] INFO  g.l.w.u.s.UserChangeLogScheduler - check log completed!!
2024-10-14 14:13:52 [scheduling-1] INFO  g.l.w.u.s.UserChangeLogScheduler - call clearChangeLog
2024-10-14 14:13:52 [scheduling-1] INFO  g.l.w.u.s.UserChangeLogScheduler - clear Logs completed!! true
2024-10-14 14:14:00 [scheduling-1] INFO  g.l.w.u.s.UserChangeLogScheduler - call checkChangeLog
2024-10-14 14:14:00 [scheduling-1] INFO  g.l.w.u.s.UserChangeLogScheduler - check log completed!!
2024-10-14 14:14:52 [scheduling-1] INFO  g.l.w.u.s.UserChangeLogScheduler - call clearChangeLog
2024-10-14 14:14:52 [scheduling-1] INFO  g.l.w.u.s.UserChangeLogScheduler - clear Logs completed!! true
2024-10-14 14:15:00 [scheduling-1] INFO  g.l.w.u.s.UserChangeLogScheduler - call checkChangeLog
2024-10-14 14:15:00 [scheduling-1] INFO  g.l.w.u.s.UserChangeLogScheduler - check log completed!!
2024-10-14 14:15:52 [scheduling-1] INFO  g.l.w.u.s.UserChangeLogScheduler - call clearChangeLog
2024-10-14 14:15:52 [scheduling-1] INFO  g.l.w.u.s.UserChangeLogScheduler - clear Logs completed!! true
2024-10-14 14:16:00 [scheduling-1] INFO  g.l.w.u.s.UserChangeLogScheduler - call checkChangeLog
2024-10-14 14:16:00 [scheduling-1] INFO  g.l.w.u.s.UserChangeLogScheduler - check log completed!!
2024-10-14 14:16:52 [scheduling-1] INFO  g.l.w.u.s.UserChangeLogScheduler - call clearChangeLog
2024-10-14 14:16:52 [scheduling-1] INFO  g.l.w.u.s.UserChangeLogScheduler - clear Logs completed!! true
2024-10-14 14:17:00 [scheduling-1] INFO  g.l.w.u.s.UserChangeLogScheduler - call checkChangeLog
2024-10-14 14:17:00 [scheduling-1] INFO  g.l.w.u.s.UserChangeLogScheduler - check log completed!!
2024-10-14 14:17:52 [scheduling-1] INFO  g.l.w.u.s.UserChangeLogScheduler - call clearChangeLog
2024-10-14 14:17:52 [scheduling-1] INFO  g.l.w.u.s.UserChangeLogScheduler - clear Logs completed!! true
2024-10-14 14:18:00 [scheduling-1] INFO  g.l.w.u.s.UserChangeLogScheduler - call checkChangeLog
2024-10-14 14:18:00 [scheduling-1] INFO  g.l.w.u.s.UserChangeLogScheduler - check log completed!!
2024-10-14 14:18:52 [scheduling-1] INFO  g.l.w.u.s.UserChangeLogScheduler - call clearChangeLog
2024-10-14 14:18:52 [scheduling-1] INFO  g.l.w.u.s.UserChangeLogScheduler - clear Logs completed!! true
2024-10-14 14:19:00 [scheduling-1] INFO  g.l.w.u.s.UserChangeLogScheduler - call checkChangeLog
2024-10-14 14:19:00 [scheduling-1] INFO  g.l.w.u.s.UserChangeLogScheduler - check log completed!!
2024-10-14 14:19:52 [scheduling-1] INFO  g.l.w.u.s.UserChangeLogScheduler - call clearChangeLog
2024-10-14 14:19:52 [scheduling-1] INFO  g.l.w.u.s.UserChangeLogScheduler - clear Logs completed!! true
2024-10-14 14:20:00 [scheduling-1] INFO  g.l.w.u.s.UserChangeLogScheduler - call checkChangeLog
2024-10-14 14:20:00 [scheduling-1] INFO  g.l.w.u.s.UserChangeLogScheduler - check log completed!!
2024-10-14 14:20:52 [scheduling-1] INFO  g.l.w.u.s.UserChangeLogScheduler - call clearChangeLog
2024-10-14 14:20:52 [scheduling-1] INFO  g.l.w.u.s.UserChangeLogScheduler - clear Logs completed!! true
2024-10-14 14:21:00 [scheduling-1] INFO  g.l.w.u.s.UserChangeLogScheduler - call checkChangeLog
2024-10-14 14:21:00 [scheduling-1] INFO  g.l.w.u.s.UserChangeLogScheduler - check log completed!!
2024-10-14 14:21:52 [scheduling-1] INFO  g.l.w.u.s.UserChangeLogScheduler - call clearChangeLog
2024-10-14 14:21:52 [scheduling-1] INFO  g.l.w.u.s.UserChangeLogScheduler - clear Logs completed!! true
2024-10-14 14:22:00 [scheduling-1] INFO  g.l.w.u.s.UserChangeLogScheduler - call checkChangeLog
2024-10-14 14:22:00 [scheduling-1] INFO  g.l.w.u.s.UserChangeLogScheduler - check log completed!!
2024-10-14 14:22:52 [scheduling-1] INFO  g.l.w.u.s.UserChangeLogScheduler - call clearChangeLog
2024-10-14 14:22:52 [scheduling-1] INFO  g.l.w.u.s.UserChangeLogScheduler - clear Logs completed!! true
2024-10-14 14:22:59 [scheduling-1] INFO  g.l.w.u.s.UserChangeLogScheduler - call checkChangeLog
2024-10-14 14:22:59 [scheduling-1] INFO  g.l.w.u.s.UserChangeLogScheduler - check log completed!!
2024-10-14 14:23:52 [scheduling-1] INFO  g.l.w.u.s.UserChangeLogScheduler - call clearChangeLog
2024-10-14 14:23:52 [scheduling-1] INFO  g.l.w.u.s.UserChangeLogScheduler - clear Logs completed!! true
2024-10-14 14:23:59 [scheduling-1] INFO  g.l.w.u.s.UserChangeLogScheduler - call checkChangeLog
2024-10-14 14:23:59 [scheduling-1] INFO  g.l.w.u.s.UserChangeLogScheduler - check log completed!!
2024-10-14 14:24:52 [scheduling-1] INFO  g.l.w.u.s.UserChangeLogScheduler - call clearChangeLog
2024-10-14 14:24:52 [scheduling-1] INFO  g.l.w.u.s.UserChangeLogScheduler - clear Logs completed!! true
2024-10-14 14:25:00 [scheduling-1] INFO  g.l.w.u.s.UserChangeLogScheduler - call checkChangeLog
2024-10-14 14:25:00 [scheduling-1] INFO  g.l.w.u.s.UserChangeLogScheduler - check log completed!!
2024-10-14 14:25:52 [scheduling-1] INFO  g.l.w.u.s.UserChangeLogScheduler - call clearChangeLog
2024-10-14 14:25:52 [scheduling-1] INFO  g.l.w.u.s.UserChangeLogScheduler - clear Logs completed!! true
2024-10-14 14:26:00 [scheduling-1] INFO  g.l.w.u.s.UserChangeLogScheduler - call checkChangeLog
2024-10-14 14:26:00 [scheduling-1] INFO  g.l.w.u.s.UserChangeLogScheduler - check log completed!!
2024-10-14 14:26:52 [scheduling-1] INFO  g.l.w.u.s.UserChangeLogScheduler - call clearChangeLog
2024-10-14 14:26:52 [scheduling-1] INFO  g.l.w.u.s.UserChangeLogScheduler - clear Logs completed!! true
2024-10-14 14:27:00 [scheduling-1] INFO  g.l.w.u.s.UserChangeLogScheduler - call checkChangeLog
2024-10-14 14:27:00 [scheduling-1] INFO  g.l.w.u.s.UserChangeLogScheduler - check log completed!!
2024-10-14 14:27:52 [scheduling-1] INFO  g.l.w.u.s.UserChangeLogScheduler - call clearChangeLog
2024-10-14 14:27:52 [scheduling-1] INFO  g.l.w.u.s.UserChangeLogScheduler - clear Logs completed!! true
2024-10-14 14:28:00 [scheduling-1] INFO  g.l.w.u.s.UserChangeLogScheduler - call checkChangeLog
2024-10-14 14:28:00 [scheduling-1] INFO  g.l.w.u.s.UserChangeLogScheduler - check log completed!!
2024-10-14 14:28:52 [scheduling-1] INFO  g.l.w.u.s.UserChangeLogScheduler - call clearChangeLog
2024-10-14 14:28:52 [scheduling-1] INFO  g.l.w.u.s.UserChangeLogScheduler - clear Logs completed!! true
2024-10-14 14:29:00 [scheduling-1] INFO  g.l.w.u.s.UserChangeLogScheduler - call checkChangeLog
2024-10-14 14:29:00 [scheduling-1] INFO  g.l.w.u.s.UserChangeLogScheduler - check log completed!!
2024-10-14 14:29:52 [scheduling-1] INFO  g.l.w.u.s.UserChangeLogScheduler - call clearChangeLog
2024-10-14 14:29:52 [scheduling-1] INFO  g.l.w.u.s.UserChangeLogScheduler - clear Logs completed!! true
2024-10-14 14:30:00 [scheduling-1] INFO  g.l.w.u.s.UserChangeLogScheduler - call checkChangeLog
2024-10-14 14:30:00 [scheduling-1] INFO  g.l.w.u.s.UserChangeLogScheduler - check log completed!!
2024-10-14 14:30:52 [scheduling-1] INFO  g.l.w.u.s.UserChangeLogScheduler - call clearChangeLog
2024-10-14 14:30:52 [scheduling-1] INFO  g.l.w.u.s.UserChangeLogScheduler - clear Logs completed!! true
2024-10-14 14:31:00 [scheduling-1] INFO  g.l.w.u.s.UserChangeLogScheduler - call checkChangeLog
2024-10-14 14:31:00 [scheduling-1] INFO  g.l.w.u.s.UserChangeLogScheduler - check log completed!!
2024-10-14 14:31:52 [scheduling-1] INFO  g.l.w.u.s.UserChangeLogScheduler - call clearChangeLog
2024-10-14 14:31:52 [scheduling-1] INFO  g.l.w.u.s.UserChangeLogScheduler - clear Logs completed!! true
2024-10-14 14:32:00 [scheduling-1] INFO  g.l.w.u.s.UserChangeLogScheduler - call checkChangeLog
2024-10-14 14:32:00 [scheduling-1] INFO  g.l.w.u.s.UserChangeLogScheduler - check log completed!!
2024-10-14 14:32:52 [scheduling-1] INFO  g.l.w.u.s.UserChangeLogScheduler - call clearChangeLog
2024-10-14 14:32:52 [scheduling-1] INFO  g.l.w.u.s.UserChangeLogScheduler - clear Logs completed!! true
2024-10-14 14:33:00 [scheduling-1] INFO  g.l.w.u.s.UserChangeLogScheduler - call checkChangeLog
2024-10-14 14:33:00 [scheduling-1] INFO  g.l.w.u.s.UserChangeLogScheduler - check log completed!!
2024-10-14 14:33:52 [scheduling-1] INFO  g.l.w.u.s.UserChangeLogScheduler - call clearChangeLog
2024-10-14 14:33:52 [scheduling-1] INFO  g.l.w.u.s.UserChangeLogScheduler - clear Logs completed!! true
2024-10-14 14:34:00 [scheduling-1] INFO  g.l.w.u.s.UserChangeLogScheduler - call checkChangeLog
2024-10-14 14:34:00 [scheduling-1] INFO  g.l.w.u.s.UserChangeLogScheduler - check log completed!!
2024-10-14 14:34:52 [scheduling-1] INFO  g.l.w.u.s.UserChangeLogScheduler - call clearChangeLog
2024-10-14 14:34:52 [scheduling-1] INFO  g.l.w.u.s.UserChangeLogScheduler - clear Logs completed!! true
2024-10-14 14:35:00 [scheduling-1] INFO  g.l.w.u.s.UserChangeLogScheduler - call checkChangeLog
2024-10-14 14:35:00 [scheduling-1] INFO  g.l.w.u.s.UserChangeLogScheduler - check log completed!!
2024-10-14 14:35:52 [scheduling-1] INFO  g.l.w.u.s.UserChangeLogScheduler - call clearChangeLog
2024-10-14 14:35:52 [scheduling-1] INFO  g.l.w.u.s.UserChangeLogScheduler - clear Logs completed!! true
2024-10-14 14:35:54 [SpringApplicationShutdownHook] INFO  o.s.o.j.LocalContainerEntityManagerFactoryBean - Closing JPA EntityManagerFactory for persistence unit 'default'
2024-10-14 14:35:54 [SpringApplicationShutdownHook] INFO  com.zaxxer.hikari.HikariDataSource - HikariPool-1 - Shutdown initiated...
2024-10-14 14:35:54 [SpringApplicationShutdownHook] INFO  com.zaxxer.hikari.HikariDataSource - HikariPool-1 - Shutdown completed.
2024-10-14 14:36:01 [main] INFO  g.la.webserver.WebserverApplication - Starting WebserverApplication using Java 17.0.12 with PID 1741 (/Users/kmpc/webserver/build/classes/java/main started by kmpc in /Users/kmpc/webserver)
2024-10-14 14:36:01 [main] DEBUG g.la.webserver.WebserverApplication - Running with Spring Boot v3.3.4, Spring v6.1.13
2024-10-14 14:36:01 [main] INFO  g.la.webserver.WebserverApplication - No active profile set, falling back to 1 default profile: "default"
2024-10-14 14:36:03 [main] INFO  o.s.d.r.c.RepositoryConfigurationDelegate - Bootstrapping Spring Data JPA repositories in DEFAULT mode.
2024-10-14 14:36:03 [main] INFO  o.s.d.r.c.RepositoryConfigurationDelegate - Finished Spring Data repository scanning in 278 ms. Found 4 JPA repository interfaces.
2024-10-14 14:36:04 [main] INFO  o.s.b.w.e.tomcat.TomcatWebServer - Tomcat initialized with port 5000 (http)
2024-10-14 14:36:04 [main] INFO  o.a.coyote.http11.Http11NioProtocol - Initializing ProtocolHandler ["http-nio-5000"]
2024-10-14 14:36:04 [main] INFO  o.a.catalina.core.StandardService - Starting service [Tomcat]
2024-10-14 14:36:04 [main] INFO  o.a.catalina.core.StandardEngine - Starting Servlet engine: [Apache Tomcat/10.1.30]
2024-10-14 14:36:04 [main] INFO  o.a.c.c.C.[Tomcat].[localhost].[/] - Initializing Spring embedded WebApplicationContext
2024-10-14 14:36:04 [main] INFO  o.s.b.w.s.c.ServletWebServerApplicationContext - Root WebApplicationContext: initialization completed in 3148 ms
2024-10-14 14:36:04 [main] INFO  com.zaxxer.hikari.HikariDataSource - HikariPool-1 - Starting...
2024-10-14 14:36:05 [main] INFO  com.zaxxer.hikari.pool.HikariPool - HikariPool-1 - Added connection conn0: url=jdbc:h2:mem:test user=SA
2024-10-14 14:36:05 [main] INFO  com.zaxxer.hikari.HikariDataSource - HikariPool-1 - Start completed.
2024-10-14 14:36:05 [main] INFO  o.s.b.a.h.H2ConsoleAutoConfiguration - H2 console available at '/h2-console'. Database available at 'jdbc:h2:mem:test'
2024-10-14 14:36:05 [main] INFO  o.h.jpa.internal.util.LogHelper - HHH000204: Processing PersistenceUnitInfo [name: default]
2024-10-14 14:36:05 [main] INFO  org.hibernate.Version - HHH000412: Hibernate ORM core version 6.5.3.Final
2024-10-14 14:36:05 [main] INFO  o.h.c.i.RegionFactoryInitiator - HHH000026: Second-level cache disabled
2024-10-14 14:36:06 [main] INFO  o.s.o.j.p.SpringPersistenceUnitInfo - No LoadTimeWeaver setup: ignoring JPA class transformer
2024-10-14 14:36:06 [main] WARN  org.hibernate.orm.deprecation - HHH90000025: H2Dialect does not need to be specified explicitly using 'hibernate.dialect' (remove the property setting and it will be selected by default)
2024-10-14 14:36:07 [main] INFO  o.h.m.i.EntityInstantiatorPojoStandard - HHH000182: No default (no-argument) constructor for class: gov.la.webserver.review.entity.Review (class must be instantiated by Interceptor)
2024-10-14 14:36:07 [main] INFO  o.h.e.t.j.p.i.JtaPlatformInitiator - HHH000489: No JTA platform available (set 'hibernate.transaction.jta.platform' to enable JTA platform integration)
2024-10-14 14:36:07 [main] INFO  o.s.o.j.LocalContainerEntityManagerFactoryBean - Initialized JPA EntityManagerFactory for persistence unit 'default'
2024-10-14 14:36:08 [main] INFO  o.s.s.c.a.a.c.InitializeUserDetailsBeanManagerConfigurer$InitializeUserDetailsManagerConfigurer - Global AuthenticationManager configured with UserDetailsService bean with name userLoginService
2024-10-14 14:36:08 [main] INFO  o.s.b.a.w.s.WelcomePageHandlerMapping - Adding welcome page template: index
2024-10-14 14:36:09 [main] INFO  o.s.b.a.e.web.EndpointLinksResolver - Exposing 15 endpoints beneath base path '/actuator'
2024-10-14 14:36:10 [main] INFO  o.a.coyote.http11.Http11NioProtocol - Starting ProtocolHandler ["http-nio-5000"]
2024-10-14 14:36:10 [main] INFO  o.s.b.w.e.tomcat.TomcatWebServer - Tomcat started on port 5000 (http) with context path '/'
2024-10-14 14:36:10 [main] INFO  g.la.webserver.WebserverApplication - Started WebserverApplication in 10.4 seconds (process running for 11.168)
2024-10-14 14:36:10 [scheduling-1] INFO  g.l.w.u.s.UserChangeLogScheduler - call clearChangeLog
2024-10-14 14:36:11 [scheduling-1] INFO  g.l.w.u.s.UserChangeLogScheduler - clear Logs completed!! true
2024-10-14 14:36:16 [registrationTask1] WARN  d.c.b.a.c.r.ApplicationRegistrator - Failed to register application as Application(name=spring-boot-application, managementUrl=http://192.168.0.107:5000/actuator, healthUrl=http://192.168.0.107:5000/actuator/health, serviceUrl=http://192.168.0.107:5000/) at spring-boot-admin ([http://localhost:8000/instances]): I/O error on POST request for "http://localhost:8000/instances": Connection refused. Further attempts are logged on DEBUG level
2024-10-14 14:36:58 [http-nio-5000-exec-1] INFO  o.a.c.c.C.[Tomcat].[localhost].[/] - Initializing Spring DispatcherServlet 'dispatcherServlet'
2024-10-14 14:36:58 [http-nio-5000-exec-1] INFO  o.s.web.servlet.DispatcherServlet - Initializing Servlet 'dispatcherServlet'
2024-10-14 14:36:58 [http-nio-5000-exec-1] INFO  o.s.web.servlet.DispatcherServlet - Completed initialization in 2 ms
2024-10-14 14:36:59 [http-nio-5000-exec-1] ERROR o.a.c.c.C.[.[.[.[dispatcherServlet] - Servlet.service() for servlet [dispatcherServlet] in context with path [] threw exception [Request processing failed: org.springframework.orm.jpa.JpaSystemException: No default constructor for entity 'gov.la.webserver.review.entity.Review'] with root cause
org.hibernate.InstantiationException: No default constructor for entity 'gov.la.webserver.review.entity.Review'
	at org.hibernate.metamodel.internal.EntityInstantiatorPojoStandard.instantiate(EntityInstantiatorPojoStandard.java:93)
	at org.hibernate.persister.entity.AbstractEntityPersister.instantiate(AbstractEntityPersister.java:4585)
	at org.hibernate.internal.SessionImpl.instantiate(SessionImpl.java:1485)
	at org.hibernate.sql.results.graph.entity.AbstractEntityInitializer.instantiateEntity(AbstractEntityInitializer.java:694)
	at org.hibernate.sql.results.graph.entity.AbstractEntityInitializer.resolveEntityInstance(AbstractEntityInitializer.java:687)
	at org.hibernate.sql.results.graph.entity.AbstractEntityInitializer.resolveInstance(AbstractEntityInitializer.java:637)
	at org.hibernate.sql.results.graph.entity.AbstractEntityInitializer.resolveEntityInstance(AbstractEntityInitializer.java:559)
	at org.hibernate.sql.results.graph.entity.AbstractEntityInitializer.resolveInstance(AbstractEntityInitializer.java:458)
	at org.hibernate.sql.results.internal.InitializersList.resolveInstances(InitializersList.java:97)
	at org.hibernate.sql.results.internal.StandardRowReader.coordinateInitializers(StandardRowReader.java:112)
	at org.hibernate.sql.results.internal.StandardRowReader.readRow(StandardRowReader.java:87)
	at org.hibernate.sql.results.spi.ListResultsConsumer.consume(ListResultsConsumer.java:205)
	at org.hibernate.sql.results.spi.ListResultsConsumer.consume(ListResultsConsumer.java:33)
	at org.hibernate.sql.exec.internal.JdbcSelectExecutorStandardImpl.doExecuteQuery(JdbcSelectExecutorStandardImpl.java:211)
	at org.hibernate.sql.exec.internal.JdbcSelectExecutorStandardImpl.executeQuery(JdbcSelectExecutorStandardImpl.java:83)
	at org.hibernate.sql.exec.spi.JdbcSelectExecutor.list(JdbcSelectExecutor.java:76)
	at org.hibernate.sql.exec.spi.JdbcSelectExecutor.list(JdbcSelectExecutor.java:65)
	at org.hibernate.query.sqm.internal.ConcreteSqmSelectQueryPlan.lambda$new$2(ConcreteSqmSelectQueryPlan.java:139)
	at org.hibernate.query.sqm.internal.ConcreteSqmSelectQueryPlan.withCacheableSqmInterpretation(ConcreteSqmSelectQueryPlan.java:382)
	at org.hibernate.query.sqm.internal.ConcreteSqmSelectQueryPlan.performList(ConcreteSqmSelectQueryPlan.java:302)
	at org.hibernate.query.sqm.internal.QuerySqmImpl.doList(QuerySqmImpl.java:526)
	at org.hibernate.query.spi.AbstractSelectionQuery.list(AbstractSelectionQuery.java:423)
	at org.hibernate.query.Query.getResultList(Query.java:120)
	at org.springframework.data.jpa.repository.support.SimpleJpaRepository.findAll(SimpleJpaRepository.java:387)
	at java.base/jdk.internal.reflect.NativeMethodAccessorImpl.invoke0(Native Method)
	at java.base/jdk.internal.reflect.NativeMethodAccessorImpl.invoke(NativeMethodAccessorImpl.java:77)
	at java.base/jdk.internal.reflect.DelegatingMethodAccessorImpl.invoke(DelegatingMethodAccessorImpl.java:43)
	at java.base/java.lang.reflect.Method.invoke(Method.java:568)
	at org.springframework.aop.support.AopUtils.invokeJoinpointUsingReflection(AopUtils.java:355)
	at org.springframework.data.repository.core.support.RepositoryMethodInvoker$RepositoryFragmentMethodInvoker.lambda$new$0(RepositoryMethodInvoker.java:277)
	at org.springframework.data.repository.core.support.RepositoryMethodInvoker.doInvoke(RepositoryMethodInvoker.java:170)
	at org.springframework.data.repository.core.support.RepositoryMethodInvoker.invoke(RepositoryMethodInvoker.java:158)
	at org.springframework.data.repository.core.support.RepositoryComposition$RepositoryFragments.invoke(RepositoryComposition.java:516)
	at org.springframework.data.repository.core.support.RepositoryComposition.invoke(RepositoryComposition.java:285)
	at org.springframework.data.repository.core.support.RepositoryFactorySupport$ImplementationMethodExecutionInterceptor.invoke(RepositoryFactorySupport.java:628)
	at org.springframework.aop.framework.ReflectiveMethodInvocation.proceed(ReflectiveMethodInvocation.java:184)
	at org.springframework.data.repository.core.support.QueryExecutorMethodInterceptor.doInvoke(QueryExecutorMethodInterceptor.java:173)
	at org.springframework.data.repository.core.support.QueryExecutorMethodInterceptor.invoke(QueryExecutorMethodInterceptor.java:148)
	at org.springframework.aop.framework.ReflectiveMethodInvocation.proceed(ReflectiveMethodInvocation.java:184)
	at org.springframework.data.projection.DefaultMethodInvokingMethodInterceptor.invoke(DefaultMethodInvokingMethodInterceptor.java:70)
	at org.springframework.aop.framework.ReflectiveMethodInvocation.proceed(ReflectiveMethodInvocation.java:184)
	at org.springframework.transaction.interceptor.TransactionAspectSupport.invokeWithinTransaction(TransactionAspectSupport.java:379)
	at org.springframework.transaction.interceptor.TransactionInterceptor.invoke(TransactionInterceptor.java:119)
	at org.springframework.aop.framework.ReflectiveMethodInvocation.proceed(ReflectiveMethodInvocation.java:184)
	at org.springframework.dao.support.PersistenceExceptionTranslationInterceptor.invoke(PersistenceExceptionTranslationInterceptor.java:138)
	at org.springframework.aop.framework.ReflectiveMethodInvocation.proceed(ReflectiveMethodInvocation.java:184)
	at org.springframework.data.jpa.repository.support.CrudMethodMetadataPostProcessor$CrudMethodMetadataPopulatingMethodInterceptor.invoke(CrudMethodMetadataPostProcessor.java:165)
	at org.springframework.aop.framework.ReflectiveMethodInvocation.proceed(ReflectiveMethodInvocation.java:184)
	at org.springframework.aop.interceptor.ExposeInvocationInterceptor.invoke(ExposeInvocationInterceptor.java:97)
	at org.springframework.aop.framework.ReflectiveMethodInvocation.proceed(ReflectiveMethodInvocation.java:184)
	at org.springframework.aop.framework.JdkDynamicAopProxy.invoke(JdkDynamicAopProxy.java:223)
	at jdk.proxy2/jdk.proxy2.$Proxy162.findAll(Unknown Source)
	at gov.la.webserver.review.service.impl.ReviewServiceImpl.getAllReviews(ReviewServiceImpl.java:22)
	at gov.la.webserver.review.controller.ReviewController.getAllReviews(ReviewController.java:55)
	at java.base/jdk.internal.reflect.NativeMethodAccessorImpl.invoke0(Native Method)
	at java.base/jdk.internal.reflect.NativeMethodAccessorImpl.invoke(NativeMethodAccessorImpl.java:77)
	at java.base/jdk.internal.reflect.DelegatingMethodAccessorImpl.invoke(DelegatingMethodAccessorImpl.java:43)
	at java.base/java.lang.reflect.Method.invoke(Method.java:568)
	at org.springframework.aop.support.AopUtils.invokeJoinpointUsingReflection(AopUtils.java:355)
	at org.springframework.aop.framework.CglibAopProxy$DynamicAdvisedInterceptor.intercept(CglibAopProxy.java:716)
	at gov.la.webserver.review.controller.ReviewController$$SpringCGLIB$$0.getAllReviews(<generated>)
	at java.base/jdk.internal.reflect.NativeMethodAccessorImpl.invoke0(Native Method)
	at java.base/jdk.internal.reflect.NativeMethodAccessorImpl.invoke(NativeMethodAccessorImpl.java:77)
	at java.base/jdk.internal.reflect.DelegatingMethodAccessorImpl.invoke(DelegatingMethodAccessorImpl.java:43)
	at java.base/java.lang.reflect.Method.invoke(Method.java:568)
	at org.springframework.web.method.support.InvocableHandlerMethod.doInvoke(InvocableHandlerMethod.java:255)
	at org.springframework.web.method.support.InvocableHandlerMethod.invokeForRequest(InvocableHandlerMethod.java:188)
	at org.springframework.web.servlet.mvc.method.annotation.ServletInvocableHandlerMethod.invokeAndHandle(ServletInvocableHandlerMethod.java:118)
	at org.springframework.web.servlet.mvc.method.annotation.RequestMappingHandlerAdapter.invokeHandlerMethod(RequestMappingHandlerAdapter.java:926)
	at org.springframework.web.servlet.mvc.method.annotation.RequestMappingHandlerAdapter.handleInternal(RequestMappingHandlerAdapter.java:831)
	at org.springframework.web.servlet.mvc.method.AbstractHandlerMethodAdapter.handle(AbstractHandlerMethodAdapter.java:87)
	at org.springframework.web.servlet.DispatcherServlet.doDispatch(DispatcherServlet.java:1089)
	at org.springframework.web.servlet.DispatcherServlet.doService(DispatcherServlet.java:979)
	at org.springframework.web.servlet.FrameworkServlet.processRequest(FrameworkServlet.java:1014)
	at org.springframework.web.servlet.FrameworkServlet.doGet(FrameworkServlet.java:903)
	at jakarta.servlet.http.HttpServlet.service(HttpServlet.java:564)
	at org.springframework.web.servlet.FrameworkServlet.service(FrameworkServlet.java:885)
	at jakarta.servlet.http.HttpServlet.service(HttpServlet.java:658)
	at org.apache.catalina.core.ApplicationFilterChain.internalDoFilter(ApplicationFilterChain.java:195)
	at org.apache.catalina.core.ApplicationFilterChain.doFilter(ApplicationFilterChain.java:140)
	at org.apache.tomcat.websocket.server.WsFilter.doFilter(WsFilter.java:51)
	at org.apache.catalina.core.ApplicationFilterChain.internalDoFilter(ApplicationFilterChain.java:164)
	at org.apache.catalina.core.ApplicationFilterChain.doFilter(ApplicationFilterChain.java:140)
	at org.springframework.web.filter.CompositeFilter$VirtualFilterChain.doFilter(CompositeFilter.java:108)
	at org.springframework.security.web.FilterChainProxy.lambda$doFilterInternal$3(FilterChainProxy.java:231)
	at org.springframework.security.web.ObservationFilterChainDecorator$FilterObservation$SimpleFilterObservation.lambda$wrap$1(ObservationFilterChainDecorator.java:479)
	at org.springframework.security.web.ObservationFilterChainDecorator$AroundFilterObservation$SimpleAroundFilterObservation.lambda$wrap$1(ObservationFilterChainDecorator.java:340)
	at org.springframework.security.web.ObservationFilterChainDecorator.lambda$wrapSecured$0(ObservationFilterChainDecorator.java:82)
	at org.springframework.security.web.ObservationFilterChainDecorator$VirtualFilterChain.doFilter(ObservationFilterChainDecorator.java:128)
	at org.springframework.security.web.access.intercept.AuthorizationFilter.doFilter(AuthorizationFilter.java:100)
	at org.springframework.security.web.ObservationFilterChainDecorator$ObservationFilter.wrapFilter(ObservationFilterChainDecorator.java:240)
	at org.springframework.security.web.ObservationFilterChainDecorator$ObservationFilter.doFilter(ObservationFilterChainDecorator.java:227)
	at org.springframework.security.web.ObservationFilterChainDecorator$VirtualFilterChain.doFilter(ObservationFilterChainDecorator.java:137)
	at org.springframework.security.web.access.ExceptionTranslationFilter.doFilter(ExceptionTranslationFilter.java:126)
	at org.springframework.security.web.access.ExceptionTranslationFilter.doFilter(ExceptionTranslationFilter.java:120)
	at org.springframework.security.web.ObservationFilterChainDecorator$ObservationFilter.wrapFilter(ObservationFilterChainDecorator.java:240)
	at org.springframework.security.web.ObservationFilterChainDecorator$ObservationFilter.doFilter(ObservationFilterChainDecorator.java:227)
	at org.springframework.security.web.ObservationFilterChainDecorator$VirtualFilterChain.doFilter(ObservationFilterChainDecorator.java:137)
	at org.springframework.security.web.authentication.AnonymousAuthenticationFilter.doFilter(AnonymousAuthenticationFilter.java:100)
	at org.springframework.security.web.ObservationFilterChainDecorator$ObservationFilter.wrapFilter(ObservationFilterChainDecorator.java:240)
	at org.springframework.security.web.ObservationFilterChainDecorator$ObservationFilter.doFilter(ObservationFilterChainDecorator.java:227)
	at org.springframework.security.web.ObservationFilterChainDecorator$VirtualFilterChain.doFilter(ObservationFilterChainDecorator.java:137)
	at org.springframework.security.web.servletapi.SecurityContextHolderAwareRequestFilter.doFilter(SecurityContextHolderAwareRequestFilter.java:179)
	at org.springframework.security.web.ObservationFilterChainDecorator$ObservationFilter.wrapFilter(ObservationFilterChainDecorator.java:240)
	at org.springframework.security.web.ObservationFilterChainDecorator$ObservationFilter.doFilter(ObservationFilterChainDecorator.java:227)
	at org.springframework.security.web.ObservationFilterChainDecorator$VirtualFilterChain.doFilter(ObservationFilterChainDecorator.java:137)
	at org.springframework.security.web.savedrequest.RequestCacheAwareFilter.doFilter(RequestCacheAwareFilter.java:63)
	at org.springframework.security.web.ObservationFilterChainDecorator$ObservationFilter.wrapFilter(ObservationFilterChainDecorator.java:240)
	at org.springframework.security.web.ObservationFilterChainDecorator$ObservationFilter.doFilter(ObservationFilterChainDecorator.java:227)
	at org.springframework.security.web.ObservationFilterChainDecorator$VirtualFilterChain.doFilter(ObservationFilterChainDecorator.java:137)
	at org.springframework.security.web.authentication.www.BasicAuthenticationFilter.doFilterInternal(BasicAuthenticationFilter.java:213)
	at org.springframework.web.filter.OncePerRequestFilter.doFilter(OncePerRequestFilter.java:116)
	at org.springframework.security.web.ObservationFilterChainDecorator$ObservationFilter.wrapFilter(ObservationFilterChainDecorator.java:240)
	at org.springframework.security.web.ObservationFilterChainDecorator$ObservationFilter.doFilter(ObservationFilterChainDecorator.java:227)
	at org.springframework.security.web.ObservationFilterChainDecorator$VirtualFilterChain.doFilter(ObservationFilterChainDecorator.java:137)
	at org.springframework.security.web.authentication.ui.DefaultLogoutPageGeneratingFilter.doFilterInternal(DefaultLogoutPageGeneratingFilter.java:58)
	at org.springframework.web.filter.OncePerRequestFilter.doFilter(OncePerRequestFilter.java:116)
	at org.springframework.security.web.ObservationFilterChainDecorator$ObservationFilter.wrapFilter(ObservationFilterChainDecorator.java:240)
	at org.springframework.security.web.ObservationFilterChainDecorator$ObservationFilter.doFilter(ObservationFilterChainDecorator.java:227)
	at org.springframework.security.web.ObservationFilterChainDecorator$VirtualFilterChain.doFilter(ObservationFilterChainDecorator.java:137)
	at org.springframework.security.web.authentication.ui.DefaultLoginPageGeneratingFilter.doFilter(DefaultLoginPageGeneratingFilter.java:189)
	at org.springframework.security.web.authentication.ui.DefaultLoginPageGeneratingFilter.doFilter(DefaultLoginPageGeneratingFilter.java:175)
	at org.springframework.security.web.ObservationFilterChainDecorator$ObservationFilter.wrapFilter(ObservationFilterChainDecorator.java:240)
	at org.springframework.security.web.ObservationFilterChainDecorator$ObservationFilter.doFilter(ObservationFilterChainDecorator.java:227)
	at org.springframework.security.web.ObservationFilterChainDecorator$VirtualFilterChain.doFilter(ObservationFilterChainDecorator.java:137)
	at org.springframework.security.web.authentication.AbstractAuthenticationProcessingFilter.doFilter(AbstractAuthenticationProcessingFilter.java:227)
	at org.springframework.security.web.authentication.AbstractAuthenticationProcessingFilter.doFilter(AbstractAuthenticationProcessingFilter.java:221)
	at org.springframework.security.web.ObservationFilterChainDecorator$ObservationFilter.wrapFilter(ObservationFilterChainDecorator.java:240)
	at org.springframework.security.web.ObservationFilterChainDecorator$ObservationFilter.doFilter(ObservationFilterChainDecorator.java:227)
	at org.springframework.security.web.ObservationFilterChainDecorator$VirtualFilterChain.doFilter(ObservationFilterChainDecorator.java:137)
	at org.springframework.security.web.authentication.logout.LogoutFilter.doFilter(LogoutFilter.java:107)
	at org.springframework.security.web.authentication.logout.LogoutFilter.doFilter(LogoutFilter.java:93)
	at org.springframework.security.web.ObservationFilterChainDecorator$ObservationFilter.wrapFilter(ObservationFilterChainDecorator.java:240)
	at org.springframework.security.web.ObservationFilterChainDecorator$ObservationFilter.doFilter(ObservationFilterChainDecorator.java:227)
	at org.springframework.security.web.ObservationFilterChainDecorator$VirtualFilterChain.doFilter(ObservationFilterChainDecorator.java:137)
	at org.springframework.security.web.header.HeaderWriterFilter.doHeadersAfter(HeaderWriterFilter.java:90)
	at org.springframework.security.web.header.HeaderWriterFilter.doFilterInternal(HeaderWriterFilter.java:75)
	at org.springframework.web.filter.OncePerRequestFilter.doFilter(OncePerRequestFilter.java:116)
	at org.springframework.security.web.ObservationFilterChainDecorator$ObservationFilter.wrapFilter(ObservationFilterChainDecorator.java:240)
	at org.springframework.security.web.ObservationFilterChainDecorator$ObservationFilter.doFilter(ObservationFilterChainDecorator.java:227)
	at org.springframework.security.web.ObservationFilterChainDecorator$VirtualFilterChain.doFilter(ObservationFilterChainDecorator.java:137)
	at org.springframework.security.web.context.SecurityContextHolderFilter.doFilter(SecurityContextHolderFilter.java:82)
	at org.springframework.security.web.context.SecurityContextHolderFilter.doFilter(SecurityContextHolderFilter.java:69)
	at org.springframework.security.web.ObservationFilterChainDecorator$ObservationFilter.wrapFilter(ObservationFilterChainDecorator.java:240)
	at org.springframework.security.web.ObservationFilterChainDecorator$ObservationFilter.doFilter(ObservationFilterChainDecorator.java:227)
	at org.springframework.security.web.ObservationFilterChainDecorator$VirtualFilterChain.doFilter(ObservationFilterChainDecorator.java:137)
	at org.springframework.security.web.context.request.async.WebAsyncManagerIntegrationFilter.doFilterInternal(WebAsyncManagerIntegrationFilter.java:62)
	at org.springframework.web.filter.OncePerRequestFilter.doFilter(OncePerRequestFilter.java:116)
	at org.springframework.security.web.ObservationFilterChainDecorator$ObservationFilter.wrapFilter(ObservationFilterChainDecorator.java:240)
	at org.springframework.security.web.ObservationFilterChainDecorator$ObservationFilter.doFilter(ObservationFilterChainDecorator.java:227)
	at org.springframework.security.web.ObservationFilterChainDecorator$VirtualFilterChain.doFilter(ObservationFilterChainDecorator.java:137)
	at org.springframework.security.web.session.DisableEncodeUrlFilter.doFilterInternal(DisableEncodeUrlFilter.java:42)
	at org.springframework.web.filter.OncePerRequestFilter.doFilter(OncePerRequestFilter.java:116)
	at org.springframework.security.web.ObservationFilterChainDecorator$ObservationFilter.wrapFilter(ObservationFilterChainDecorator.java:240)
	at org.springframework.security.web.ObservationFilterChainDecorator$AroundFilterObservation$SimpleAroundFilterObservation.lambda$wrap$0(ObservationFilterChainDecorator.java:323)
	at org.springframework.security.web.ObservationFilterChainDecorator$ObservationFilter.doFilter(ObservationFilterChainDecorator.java:224)
	at org.springframework.security.web.ObservationFilterChainDecorator$VirtualFilterChain.doFilter(ObservationFilterChainDecorator.java:137)
	at org.springframework.security.web.FilterChainProxy.doFilterInternal(FilterChainProxy.java:233)
	at org.springframework.security.web.FilterChainProxy.doFilter(FilterChainProxy.java:191)
	at org.springframework.web.filter.CompositeFilter$VirtualFilterChain.doFilter(CompositeFilter.java:113)
	at org.springframework.web.servlet.handler.HandlerMappingIntrospector.lambda$createCacheFilter$3(HandlerMappingIntrospector.java:195)
	at org.springframework.web.filter.CompositeFilter$VirtualFilterChain.doFilter(CompositeFilter.java:113)
	at org.springframework.web.filter.CompositeFilter.doFilter(CompositeFilter.java:74)
	at org.springframework.security.config.annotation.web.configuration.WebMvcSecurityConfiguration$CompositeFilterChainProxy.doFilter(WebMvcSecurityConfiguration.java:230)
	at org.springframework.web.filter.DelegatingFilterProxy.invokeDelegate(DelegatingFilterProxy.java:352)
	at org.springframework.web.filter.DelegatingFilterProxy.doFilter(DelegatingFilterProxy.java:268)
	at org.apache.catalina.core.ApplicationFilterChain.internalDoFilter(ApplicationFilterChain.java:164)
	at org.apache.catalina.core.ApplicationFilterChain.doFilter(ApplicationFilterChain.java:140)
	at org.springframework.web.filter.RequestContextFilter.doFilterInternal(RequestContextFilter.java:100)
	at org.springframework.web.filter.OncePerRequestFilter.doFilter(OncePerRequestFilter.java:116)
	at org.apache.catalina.core.ApplicationFilterChain.internalDoFilter(ApplicationFilterChain.java:164)
	at org.apache.catalina.core.ApplicationFilterChain.doFilter(ApplicationFilterChain.java:140)
	at org.springframework.web.filter.FormContentFilter.doFilterInternal(FormContentFilter.java:93)
	at org.springframework.web.filter.OncePerRequestFilter.doFilter(OncePerRequestFilter.java:116)
	at org.apache.catalina.core.ApplicationFilterChain.internalDoFilter(ApplicationFilterChain.java:164)
	at org.apache.catalina.core.ApplicationFilterChain.doFilter(ApplicationFilterChain.java:140)
	at org.springframework.web.filter.ServerHttpObservationFilter.doFilterInternal(ServerHttpObservationFilter.java:113)
	at org.springframework.web.filter.OncePerRequestFilter.doFilter(OncePerRequestFilter.java:116)
	at org.apache.catalina.core.ApplicationFilterChain.internalDoFilter(ApplicationFilterChain.java:164)
	at org.apache.catalina.core.ApplicationFilterChain.doFilter(ApplicationFilterChain.java:140)
	at org.springframework.web.filter.CharacterEncodingFilter.doFilterInternal(CharacterEncodingFilter.java:201)
	at org.springframework.web.filter.OncePerRequestFilter.doFilter(OncePerRequestFilter.java:116)
	at org.apache.catalina.core.ApplicationFilterChain.internalDoFilter(ApplicationFilterChain.java:164)
	at org.apache.catalina.core.ApplicationFilterChain.doFilter(ApplicationFilterChain.java:140)
	at org.apache.catalina.core.StandardWrapperValve.invoke(StandardWrapperValve.java:167)
	at org.apache.catalina.core.StandardContextValve.invoke(StandardContextValve.java:90)
	at org.apache.catalina.authenticator.AuthenticatorBase.invoke(AuthenticatorBase.java:483)
	at org.apache.catalina.core.StandardHostValve.invoke(StandardHostValve.java:115)
	at org.apache.catalina.valves.ErrorReportValve.invoke(ErrorReportValve.java:93)
	at org.apache.catalina.core.StandardEngineValve.invoke(StandardEngineValve.java:74)
	at org.apache.catalina.connector.CoyoteAdapter.service(CoyoteAdapter.java:344)
	at org.apache.coyote.http11.Http11Processor.service(Http11Processor.java:384)
	at org.apache.coyote.AbstractProcessorLight.process(AbstractProcessorLight.java:63)
	at org.apache.coyote.AbstractProtocol$ConnectionHandler.process(AbstractProtocol.java:905)
	at org.apache.tomcat.util.net.NioEndpoint$SocketProcessor.doRun(NioEndpoint.java:1741)
	at org.apache.tomcat.util.net.SocketProcessorBase.run(SocketProcessorBase.java:52)
	at org.apache.tomcat.util.threads.ThreadPoolExecutor.runWorker(ThreadPoolExecutor.java:1190)
	at org.apache.tomcat.util.threads.ThreadPoolExecutor$Worker.run(ThreadPoolExecutor.java:659)
	at org.apache.tomcat.util.threads.TaskThread$WrappingRunnable.run(TaskThread.java:63)
	at java.base/java.lang.Thread.run(Thread.java:842)
2024-10-14 14:37:00 [scheduling-1] INFO  g.l.w.u.s.UserChangeLogScheduler - call checkChangeLog
2024-10-14 14:37:00 [scheduling-1] INFO  g.l.w.u.s.UserChangeLogScheduler - check log completed!!
2024-10-14 14:37:05 [http-nio-5000-exec-3] ERROR o.a.c.c.C.[.[.[.[dispatcherServlet] - Servlet.service() for servlet [dispatcherServlet] in context with path [] threw exception [Request processing failed: org.springframework.orm.jpa.JpaSystemException: No default constructor for entity 'gov.la.webserver.review.entity.Review'] with root cause
org.hibernate.InstantiationException: No default constructor for entity 'gov.la.webserver.review.entity.Review'
	at org.hibernate.metamodel.internal.EntityInstantiatorPojoStandard.instantiate(EntityInstantiatorPojoStandard.java:93)
	at org.hibernate.persister.entity.AbstractEntityPersister.instantiate(AbstractEntityPersister.java:4585)
	at org.hibernate.internal.SessionImpl.instantiate(SessionImpl.java:1485)
	at org.hibernate.sql.results.graph.entity.AbstractEntityInitializer.instantiateEntity(AbstractEntityInitializer.java:694)
	at org.hibernate.sql.results.graph.entity.AbstractEntityInitializer.resolveEntityInstance(AbstractEntityInitializer.java:687)
	at org.hibernate.sql.results.graph.entity.AbstractEntityInitializer.resolveInstance(AbstractEntityInitializer.java:637)
	at org.hibernate.sql.results.graph.entity.AbstractEntityInitializer.resolveEntityInstance(AbstractEntityInitializer.java:559)
	at org.hibernate.sql.results.graph.entity.AbstractEntityInitializer.resolveInstance(AbstractEntityInitializer.java:458)
	at org.hibernate.sql.results.internal.InitializersList.resolveInstances(InitializersList.java:97)
	at org.hibernate.sql.results.internal.StandardRowReader.coordinateInitializers(StandardRowReader.java:112)
	at org.hibernate.sql.results.internal.StandardRowReader.readRow(StandardRowReader.java:87)
	at org.hibernate.sql.results.spi.ListResultsConsumer.consume(ListResultsConsumer.java:205)
	at org.hibernate.sql.results.spi.ListResultsConsumer.consume(ListResultsConsumer.java:33)
	at org.hibernate.sql.exec.internal.JdbcSelectExecutorStandardImpl.doExecuteQuery(JdbcSelectExecutorStandardImpl.java:211)
	at org.hibernate.sql.exec.internal.JdbcSelectExecutorStandardImpl.executeQuery(JdbcSelectExecutorStandardImpl.java:83)
	at org.hibernate.sql.exec.spi.JdbcSelectExecutor.list(JdbcSelectExecutor.java:76)
	at org.hibernate.sql.exec.spi.JdbcSelectExecutor.list(JdbcSelectExecutor.java:65)
	at org.hibernate.query.sqm.internal.ConcreteSqmSelectQueryPlan.lambda$new$2(ConcreteSqmSelectQueryPlan.java:139)
	at org.hibernate.query.sqm.internal.ConcreteSqmSelectQueryPlan.withCacheableSqmInterpretation(ConcreteSqmSelectQueryPlan.java:382)
	at org.hibernate.query.sqm.internal.ConcreteSqmSelectQueryPlan.performList(ConcreteSqmSelectQueryPlan.java:302)
	at org.hibernate.query.sqm.internal.QuerySqmImpl.doList(QuerySqmImpl.java:526)
	at org.hibernate.query.spi.AbstractSelectionQuery.list(AbstractSelectionQuery.java:423)
	at org.hibernate.query.Query.getResultList(Query.java:120)
	at org.springframework.data.jpa.repository.support.SimpleJpaRepository.findAll(SimpleJpaRepository.java:387)
	at java.base/jdk.internal.reflect.NativeMethodAccessorImpl.invoke0(Native Method)
	at java.base/jdk.internal.reflect.NativeMethodAccessorImpl.invoke(NativeMethodAccessorImpl.java:77)
	at java.base/jdk.internal.reflect.DelegatingMethodAccessorImpl.invoke(DelegatingMethodAccessorImpl.java:43)
	at java.base/java.lang.reflect.Method.invoke(Method.java:568)
	at org.springframework.aop.support.AopUtils.invokeJoinpointUsingReflection(AopUtils.java:355)
	at org.springframework.data.repository.core.support.RepositoryMethodInvoker$RepositoryFragmentMethodInvoker.lambda$new$0(RepositoryMethodInvoker.java:277)
	at org.springframework.data.repository.core.support.RepositoryMethodInvoker.doInvoke(RepositoryMethodInvoker.java:170)
	at org.springframework.data.repository.core.support.RepositoryMethodInvoker.invoke(RepositoryMethodInvoker.java:158)
	at org.springframework.data.repository.core.support.RepositoryComposition$RepositoryFragments.invoke(RepositoryComposition.java:516)
	at org.springframework.data.repository.core.support.RepositoryComposition.invoke(RepositoryComposition.java:285)
	at org.springframework.data.repository.core.support.RepositoryFactorySupport$ImplementationMethodExecutionInterceptor.invoke(RepositoryFactorySupport.java:628)
	at org.springframework.aop.framework.ReflectiveMethodInvocation.proceed(ReflectiveMethodInvocation.java:184)
	at org.springframework.data.repository.core.support.QueryExecutorMethodInterceptor.doInvoke(QueryExecutorMethodInterceptor.java:173)
	at org.springframework.data.repository.core.support.QueryExecutorMethodInterceptor.invoke(QueryExecutorMethodInterceptor.java:148)
	at org.springframework.aop.framework.ReflectiveMethodInvocation.proceed(ReflectiveMethodInvocation.java:184)
	at org.springframework.data.projection.DefaultMethodInvokingMethodInterceptor.invoke(DefaultMethodInvokingMethodInterceptor.java:70)
	at org.springframework.aop.framework.ReflectiveMethodInvocation.proceed(ReflectiveMethodInvocation.java:184)
	at org.springframework.transaction.interceptor.TransactionAspectSupport.invokeWithinTransaction(TransactionAspectSupport.java:379)
	at org.springframework.transaction.interceptor.TransactionInterceptor.invoke(TransactionInterceptor.java:119)
	at org.springframework.aop.framework.ReflectiveMethodInvocation.proceed(ReflectiveMethodInvocation.java:184)
	at org.springframework.dao.support.PersistenceExceptionTranslationInterceptor.invoke(PersistenceExceptionTranslationInterceptor.java:138)
	at org.springframework.aop.framework.ReflectiveMethodInvocation.proceed(ReflectiveMethodInvocation.java:184)
	at org.springframework.data.jpa.repository.support.CrudMethodMetadataPostProcessor$CrudMethodMetadataPopulatingMethodInterceptor.invoke(CrudMethodMetadataPostProcessor.java:165)
	at org.springframework.aop.framework.ReflectiveMethodInvocation.proceed(ReflectiveMethodInvocation.java:184)
	at org.springframework.aop.interceptor.ExposeInvocationInterceptor.invoke(ExposeInvocationInterceptor.java:97)
	at org.springframework.aop.framework.ReflectiveMethodInvocation.proceed(ReflectiveMethodInvocation.java:184)
	at org.springframework.aop.framework.JdkDynamicAopProxy.invoke(JdkDynamicAopProxy.java:223)
	at jdk.proxy2/jdk.proxy2.$Proxy162.findAll(Unknown Source)
	at gov.la.webserver.review.service.impl.ReviewServiceImpl.getAllReviews(ReviewServiceImpl.java:22)
	at gov.la.webserver.review.controller.ReviewController.getAllReviews(ReviewController.java:55)
	at java.base/jdk.internal.reflect.NativeMethodAccessorImpl.invoke0(Native Method)
	at java.base/jdk.internal.reflect.NativeMethodAccessorImpl.invoke(NativeMethodAccessorImpl.java:77)
	at java.base/jdk.internal.reflect.DelegatingMethodAccessorImpl.invoke(DelegatingMethodAccessorImpl.java:43)
	at java.base/java.lang.reflect.Method.invoke(Method.java:568)
	at org.springframework.aop.support.AopUtils.invokeJoinpointUsingReflection(AopUtils.java:355)
	at org.springframework.aop.framework.CglibAopProxy$DynamicAdvisedInterceptor.intercept(CglibAopProxy.java:716)
	at gov.la.webserver.review.controller.ReviewController$$SpringCGLIB$$0.getAllReviews(<generated>)
	at java.base/jdk.internal.reflect.NativeMethodAccessorImpl.invoke0(Native Method)
	at java.base/jdk.internal.reflect.NativeMethodAccessorImpl.invoke(NativeMethodAccessorImpl.java:77)
	at java.base/jdk.internal.reflect.DelegatingMethodAccessorImpl.invoke(DelegatingMethodAccessorImpl.java:43)
	at java.base/java.lang.reflect.Method.invoke(Method.java:568)
	at org.springframework.web.method.support.InvocableHandlerMethod.doInvoke(InvocableHandlerMethod.java:255)
	at org.springframework.web.method.support.InvocableHandlerMethod.invokeForRequest(InvocableHandlerMethod.java:188)
	at org.springframework.web.servlet.mvc.method.annotation.ServletInvocableHandlerMethod.invokeAndHandle(ServletInvocableHandlerMethod.java:118)
	at org.springframework.web.servlet.mvc.method.annotation.RequestMappingHandlerAdapter.invokeHandlerMethod(RequestMappingHandlerAdapter.java:926)
	at org.springframework.web.servlet.mvc.method.annotation.RequestMappingHandlerAdapter.handleInternal(RequestMappingHandlerAdapter.java:831)
	at org.springframework.web.servlet.mvc.method.AbstractHandlerMethodAdapter.handle(AbstractHandlerMethodAdapter.java:87)
	at org.springframework.web.servlet.DispatcherServlet.doDispatch(DispatcherServlet.java:1089)
	at org.springframework.web.servlet.DispatcherServlet.doService(DispatcherServlet.java:979)
	at org.springframework.web.servlet.FrameworkServlet.processRequest(FrameworkServlet.java:1014)
	at org.springframework.web.servlet.FrameworkServlet.doGet(FrameworkServlet.java:903)
	at jakarta.servlet.http.HttpServlet.service(HttpServlet.java:564)
	at org.springframework.web.servlet.FrameworkServlet.service(FrameworkServlet.java:885)
	at jakarta.servlet.http.HttpServlet.service(HttpServlet.java:658)
	at org.apache.catalina.core.ApplicationFilterChain.internalDoFilter(ApplicationFilterChain.java:195)
	at org.apache.catalina.core.ApplicationFilterChain.doFilter(ApplicationFilterChain.java:140)
	at org.apache.tomcat.websocket.server.WsFilter.doFilter(WsFilter.java:51)
	at org.apache.catalina.core.ApplicationFilterChain.internalDoFilter(ApplicationFilterChain.java:164)
	at org.apache.catalina.core.ApplicationFilterChain.doFilter(ApplicationFilterChain.java:140)
	at org.springframework.web.filter.CompositeFilter$VirtualFilterChain.doFilter(CompositeFilter.java:108)
	at org.springframework.security.web.FilterChainProxy.lambda$doFilterInternal$3(FilterChainProxy.java:231)
	at org.springframework.security.web.ObservationFilterChainDecorator$FilterObservation$SimpleFilterObservation.lambda$wrap$1(ObservationFilterChainDecorator.java:479)
	at org.springframework.security.web.ObservationFilterChainDecorator$AroundFilterObservation$SimpleAroundFilterObservation.lambda$wrap$1(ObservationFilterChainDecorator.java:340)
	at org.springframework.security.web.ObservationFilterChainDecorator.lambda$wrapSecured$0(ObservationFilterChainDecorator.java:82)
	at org.springframework.security.web.ObservationFilterChainDecorator$VirtualFilterChain.doFilter(ObservationFilterChainDecorator.java:128)
	at org.springframework.security.web.access.intercept.AuthorizationFilter.doFilter(AuthorizationFilter.java:100)
	at org.springframework.security.web.ObservationFilterChainDecorator$ObservationFilter.wrapFilter(ObservationFilterChainDecorator.java:240)
	at org.springframework.security.web.ObservationFilterChainDecorator$ObservationFilter.doFilter(ObservationFilterChainDecorator.java:227)
	at org.springframework.security.web.ObservationFilterChainDecorator$VirtualFilterChain.doFilter(ObservationFilterChainDecorator.java:137)
	at org.springframework.security.web.access.ExceptionTranslationFilter.doFilter(ExceptionTranslationFilter.java:126)
	at org.springframework.security.web.access.ExceptionTranslationFilter.doFilter(ExceptionTranslationFilter.java:120)
	at org.springframework.security.web.ObservationFilterChainDecorator$ObservationFilter.wrapFilter(ObservationFilterChainDecorator.java:240)
	at org.springframework.security.web.ObservationFilterChainDecorator$ObservationFilter.doFilter(ObservationFilterChainDecorator.java:227)
	at org.springframework.security.web.ObservationFilterChainDecorator$VirtualFilterChain.doFilter(ObservationFilterChainDecorator.java:137)
	at org.springframework.security.web.authentication.AnonymousAuthenticationFilter.doFilter(AnonymousAuthenticationFilter.java:100)
	at org.springframework.security.web.ObservationFilterChainDecorator$ObservationFilter.wrapFilter(ObservationFilterChainDecorator.java:240)
	at org.springframework.security.web.ObservationFilterChainDecorator$ObservationFilter.doFilter(ObservationFilterChainDecorator.java:227)
	at org.springframework.security.web.ObservationFilterChainDecorator$VirtualFilterChain.doFilter(ObservationFilterChainDecorator.java:137)
	at org.springframework.security.web.servletapi.SecurityContextHolderAwareRequestFilter.doFilter(SecurityContextHolderAwareRequestFilter.java:179)
	at org.springframework.security.web.ObservationFilterChainDecorator$ObservationFilter.wrapFilter(ObservationFilterChainDecorator.java:240)
	at org.springframework.security.web.ObservationFilterChainDecorator$ObservationFilter.doFilter(ObservationFilterChainDecorator.java:227)
	at org.springframework.security.web.ObservationFilterChainDecorator$VirtualFilterChain.doFilter(ObservationFilterChainDecorator.java:137)
	at org.springframework.security.web.savedrequest.RequestCacheAwareFilter.doFilter(RequestCacheAwareFilter.java:63)
	at org.springframework.security.web.ObservationFilterChainDecorator$ObservationFilter.wrapFilter(ObservationFilterChainDecorator.java:240)
	at org.springframework.security.web.ObservationFilterChainDecorator$ObservationFilter.doFilter(ObservationFilterChainDecorator.java:227)
	at org.springframework.security.web.ObservationFilterChainDecorator$VirtualFilterChain.doFilter(ObservationFilterChainDecorator.java:137)
	at org.springframework.security.web.authentication.www.BasicAuthenticationFilter.doFilterInternal(BasicAuthenticationFilter.java:213)
	at org.springframework.web.filter.OncePerRequestFilter.doFilter(OncePerRequestFilter.java:116)
	at org.springframework.security.web.ObservationFilterChainDecorator$ObservationFilter.wrapFilter(ObservationFilterChainDecorator.java:240)
	at org.springframework.security.web.ObservationFilterChainDecorator$ObservationFilter.doFilter(ObservationFilterChainDecorator.java:227)
	at org.springframework.security.web.ObservationFilterChainDecorator$VirtualFilterChain.doFilter(ObservationFilterChainDecorator.java:137)
	at org.springframework.security.web.authentication.ui.DefaultLogoutPageGeneratingFilter.doFilterInternal(DefaultLogoutPageGeneratingFilter.java:58)
	at org.springframework.web.filter.OncePerRequestFilter.doFilter(OncePerRequestFilter.java:116)
	at org.springframework.security.web.ObservationFilterChainDecorator$ObservationFilter.wrapFilter(ObservationFilterChainDecorator.java:240)
	at org.springframework.security.web.ObservationFilterChainDecorator$ObservationFilter.doFilter(ObservationFilterChainDecorator.java:227)
	at org.springframework.security.web.ObservationFilterChainDecorator$VirtualFilterChain.doFilter(ObservationFilterChainDecorator.java:137)
	at org.springframework.security.web.authentication.ui.DefaultLoginPageGeneratingFilter.doFilter(DefaultLoginPageGeneratingFilter.java:189)
	at org.springframework.security.web.authentication.ui.DefaultLoginPageGeneratingFilter.doFilter(DefaultLoginPageGeneratingFilter.java:175)
	at org.springframework.security.web.ObservationFilterChainDecorator$ObservationFilter.wrapFilter(ObservationFilterChainDecorator.java:240)
	at org.springframework.security.web.ObservationFilterChainDecorator$ObservationFilter.doFilter(ObservationFilterChainDecorator.java:227)
	at org.springframework.security.web.ObservationFilterChainDecorator$VirtualFilterChain.doFilter(ObservationFilterChainDecorator.java:137)
	at org.springframework.security.web.authentication.AbstractAuthenticationProcessingFilter.doFilter(AbstractAuthenticationProcessingFilter.java:227)
	at org.springframework.security.web.authentication.AbstractAuthenticationProcessingFilter.doFilter(AbstractAuthenticationProcessingFilter.java:221)
	at org.springframework.security.web.ObservationFilterChainDecorator$ObservationFilter.wrapFilter(ObservationFilterChainDecorator.java:240)
	at org.springframework.security.web.ObservationFilterChainDecorator$ObservationFilter.doFilter(ObservationFilterChainDecorator.java:227)
	at org.springframework.security.web.ObservationFilterChainDecorator$VirtualFilterChain.doFilter(ObservationFilterChainDecorator.java:137)
	at org.springframework.security.web.authentication.logout.LogoutFilter.doFilter(LogoutFilter.java:107)
	at org.springframework.security.web.authentication.logout.LogoutFilter.doFilter(LogoutFilter.java:93)
	at org.springframework.security.web.ObservationFilterChainDecorator$ObservationFilter.wrapFilter(ObservationFilterChainDecorator.java:240)
	at org.springframework.security.web.ObservationFilterChainDecorator$ObservationFilter.doFilter(ObservationFilterChainDecorator.java:227)
	at org.springframework.security.web.ObservationFilterChainDecorator$VirtualFilterChain.doFilter(ObservationFilterChainDecorator.java:137)
	at org.springframework.security.web.header.HeaderWriterFilter.doHeadersAfter(HeaderWriterFilter.java:90)
	at org.springframework.security.web.header.HeaderWriterFilter.doFilterInternal(HeaderWriterFilter.java:75)
	at org.springframework.web.filter.OncePerRequestFilter.doFilter(OncePerRequestFilter.java:116)
	at org.springframework.security.web.ObservationFilterChainDecorator$ObservationFilter.wrapFilter(ObservationFilterChainDecorator.java:240)
	at org.springframework.security.web.ObservationFilterChainDecorator$ObservationFilter.doFilter(ObservationFilterChainDecorator.java:227)
	at org.springframework.security.web.ObservationFilterChainDecorator$VirtualFilterChain.doFilter(ObservationFilterChainDecorator.java:137)
	at org.springframework.security.web.context.SecurityContextHolderFilter.doFilter(SecurityContextHolderFilter.java:82)
	at org.springframework.security.web.context.SecurityContextHolderFilter.doFilter(SecurityContextHolderFilter.java:69)
	at org.springframework.security.web.ObservationFilterChainDecorator$ObservationFilter.wrapFilter(ObservationFilterChainDecorator.java:240)
	at org.springframework.security.web.ObservationFilterChainDecorator$ObservationFilter.doFilter(ObservationFilterChainDecorator.java:227)
	at org.springframework.security.web.ObservationFilterChainDecorator$VirtualFilterChain.doFilter(ObservationFilterChainDecorator.java:137)
	at org.springframework.security.web.context.request.async.WebAsyncManagerIntegrationFilter.doFilterInternal(WebAsyncManagerIntegrationFilter.java:62)
	at org.springframework.web.filter.OncePerRequestFilter.doFilter(OncePerRequestFilter.java:116)
	at org.springframework.security.web.ObservationFilterChainDecorator$ObservationFilter.wrapFilter(ObservationFilterChainDecorator.java:240)
	at org.springframework.security.web.ObservationFilterChainDecorator$ObservationFilter.doFilter(ObservationFilterChainDecorator.java:227)
	at org.springframework.security.web.ObservationFilterChainDecorator$VirtualFilterChain.doFilter(ObservationFilterChainDecorator.java:137)
	at org.springframework.security.web.session.DisableEncodeUrlFilter.doFilterInternal(DisableEncodeUrlFilter.java:42)
	at org.springframework.web.filter.OncePerRequestFilter.doFilter(OncePerRequestFilter.java:116)
	at org.springframework.security.web.ObservationFilterChainDecorator$ObservationFilter.wrapFilter(ObservationFilterChainDecorator.java:240)
	at org.springframework.security.web.ObservationFilterChainDecorator$AroundFilterObservation$SimpleAroundFilterObservation.lambda$wrap$0(ObservationFilterChainDecorator.java:323)
	at org.springframework.security.web.ObservationFilterChainDecorator$ObservationFilter.doFilter(ObservationFilterChainDecorator.java:224)
	at org.springframework.security.web.ObservationFilterChainDecorator$VirtualFilterChain.doFilter(ObservationFilterChainDecorator.java:137)
	at org.springframework.security.web.FilterChainProxy.doFilterInternal(FilterChainProxy.java:233)
	at org.springframework.security.web.FilterChainProxy.doFilter(FilterChainProxy.java:191)
	at org.springframework.web.filter.CompositeFilter$VirtualFilterChain.doFilter(CompositeFilter.java:113)
	at org.springframework.web.servlet.handler.HandlerMappingIntrospector.lambda$createCacheFilter$3(HandlerMappingIntrospector.java:195)
	at org.springframework.web.filter.CompositeFilter$VirtualFilterChain.doFilter(CompositeFilter.java:113)
	at org.springframework.web.filter.CompositeFilter.doFilter(CompositeFilter.java:74)
	at org.springframework.security.config.annotation.web.configuration.WebMvcSecurityConfiguration$CompositeFilterChainProxy.doFilter(WebMvcSecurityConfiguration.java:230)
	at org.springframework.web.filter.DelegatingFilterProxy.invokeDelegate(DelegatingFilterProxy.java:352)
	at org.springframework.web.filter.DelegatingFilterProxy.doFilter(DelegatingFilterProxy.java:268)
	at org.apache.catalina.core.ApplicationFilterChain.internalDoFilter(ApplicationFilterChain.java:164)
	at org.apache.catalina.core.ApplicationFilterChain.doFilter(ApplicationFilterChain.java:140)
	at org.springframework.web.filter.RequestContextFilter.doFilterInternal(RequestContextFilter.java:100)
	at org.springframework.web.filter.OncePerRequestFilter.doFilter(OncePerRequestFilter.java:116)
	at org.apache.catalina.core.ApplicationFilterChain.internalDoFilter(ApplicationFilterChain.java:164)
	at org.apache.catalina.core.ApplicationFilterChain.doFilter(ApplicationFilterChain.java:140)
	at org.springframework.web.filter.FormContentFilter.doFilterInternal(FormContentFilter.java:93)
	at org.springframework.web.filter.OncePerRequestFilter.doFilter(OncePerRequestFilter.java:116)
	at org.apache.catalina.core.ApplicationFilterChain.internalDoFilter(ApplicationFilterChain.java:164)
	at org.apache.catalina.core.ApplicationFilterChain.doFilter(ApplicationFilterChain.java:140)
	at org.springframework.web.filter.ServerHttpObservationFilter.doFilterInternal(ServerHttpObservationFilter.java:113)
	at org.springframework.web.filter.OncePerRequestFilter.doFilter(OncePerRequestFilter.java:116)
	at org.apache.catalina.core.ApplicationFilterChain.internalDoFilter(ApplicationFilterChain.java:164)
	at org.apache.catalina.core.ApplicationFilterChain.doFilter(ApplicationFilterChain.java:140)
	at org.springframework.web.filter.CharacterEncodingFilter.doFilterInternal(CharacterEncodingFilter.java:201)
	at org.springframework.web.filter.OncePerRequestFilter.doFilter(OncePerRequestFilter.java:116)
	at org.apache.catalina.core.ApplicationFilterChain.internalDoFilter(ApplicationFilterChain.java:164)
	at org.apache.catalina.core.ApplicationFilterChain.doFilter(ApplicationFilterChain.java:140)
	at org.apache.catalina.core.StandardWrapperValve.invoke(StandardWrapperValve.java:167)
	at org.apache.catalina.core.StandardContextValve.invoke(StandardContextValve.java:90)
	at org.apache.catalina.authenticator.AuthenticatorBase.invoke(AuthenticatorBase.java:483)
	at org.apache.catalina.core.StandardHostValve.invoke(StandardHostValve.java:115)
	at org.apache.catalina.valves.ErrorReportValve.invoke(ErrorReportValve.java:93)
	at org.apache.catalina.core.StandardEngineValve.invoke(StandardEngineValve.java:74)
	at org.apache.catalina.connector.CoyoteAdapter.service(CoyoteAdapter.java:344)
	at org.apache.coyote.http11.Http11Processor.service(Http11Processor.java:384)
	at org.apache.coyote.AbstractProcessorLight.process(AbstractProcessorLight.java:63)
	at org.apache.coyote.AbstractProtocol$ConnectionHandler.process(AbstractProtocol.java:905)
	at org.apache.tomcat.util.net.NioEndpoint$SocketProcessor.doRun(NioEndpoint.java:1741)
	at org.apache.tomcat.util.net.SocketProcessorBase.run(SocketProcessorBase.java:52)
	at org.apache.tomcat.util.threads.ThreadPoolExecutor.runWorker(ThreadPoolExecutor.java:1190)
	at org.apache.tomcat.util.threads.ThreadPoolExecutor$Worker.run(ThreadPoolExecutor.java:659)
	at org.apache.tomcat.util.threads.TaskThread$WrappingRunnable.run(TaskThread.java:63)
	at java.base/java.lang.Thread.run(Thread.java:842)
2024-10-14 14:37:07 [http-nio-5000-exec-6] ERROR o.a.c.c.C.[.[.[.[dispatcherServlet] - Servlet.service() for servlet [dispatcherServlet] in context with path [] threw exception [Request processing failed: org.springframework.orm.jpa.JpaSystemException: No default constructor for entity 'gov.la.webserver.review.entity.Review'] with root cause
org.hibernate.InstantiationException: No default constructor for entity 'gov.la.webserver.review.entity.Review'
	at org.hibernate.metamodel.internal.EntityInstantiatorPojoStandard.instantiate(EntityInstantiatorPojoStandard.java:93)
	at org.hibernate.persister.entity.AbstractEntityPersister.instantiate(AbstractEntityPersister.java:4585)
	at org.hibernate.internal.SessionImpl.instantiate(SessionImpl.java:1485)
	at org.hibernate.sql.results.graph.entity.AbstractEntityInitializer.instantiateEntity(AbstractEntityInitializer.java:694)
	at org.hibernate.sql.results.graph.entity.AbstractEntityInitializer.resolveEntityInstance(AbstractEntityInitializer.java:687)
	at org.hibernate.sql.results.graph.entity.AbstractEntityInitializer.resolveInstance(AbstractEntityInitializer.java:637)
	at org.hibernate.sql.results.graph.entity.AbstractEntityInitializer.resolveEntityInstance(AbstractEntityInitializer.java:559)
	at org.hibernate.sql.results.graph.entity.AbstractEntityInitializer.resolveInstance(AbstractEntityInitializer.java:458)
	at org.hibernate.sql.results.internal.InitializersList.resolveInstances(InitializersList.java:97)
	at org.hibernate.sql.results.internal.StandardRowReader.coordinateInitializers(StandardRowReader.java:112)
	at org.hibernate.sql.results.internal.StandardRowReader.readRow(StandardRowReader.java:87)
	at org.hibernate.sql.results.spi.ListResultsConsumer.consume(ListResultsConsumer.java:205)
	at org.hibernate.sql.results.spi.ListResultsConsumer.consume(ListResultsConsumer.java:33)
	at org.hibernate.sql.exec.internal.JdbcSelectExecutorStandardImpl.doExecuteQuery(JdbcSelectExecutorStandardImpl.java:211)
	at org.hibernate.sql.exec.internal.JdbcSelectExecutorStandardImpl.executeQuery(JdbcSelectExecutorStandardImpl.java:83)
	at org.hibernate.sql.exec.spi.JdbcSelectExecutor.list(JdbcSelectExecutor.java:76)
	at org.hibernate.sql.exec.spi.JdbcSelectExecutor.list(JdbcSelectExecutor.java:65)
	at org.hibernate.query.sqm.internal.ConcreteSqmSelectQueryPlan.lambda$new$2(ConcreteSqmSelectQueryPlan.java:139)
	at org.hibernate.query.sqm.internal.ConcreteSqmSelectQueryPlan.withCacheableSqmInterpretation(ConcreteSqmSelectQueryPlan.java:382)
	at org.hibernate.query.sqm.internal.ConcreteSqmSelectQueryPlan.performList(ConcreteSqmSelectQueryPlan.java:302)
	at org.hibernate.query.sqm.internal.QuerySqmImpl.doList(QuerySqmImpl.java:526)
	at org.hibernate.query.spi.AbstractSelectionQuery.list(AbstractSelectionQuery.java:423)
	at org.hibernate.query.Query.getResultList(Query.java:120)
	at org.springframework.data.jpa.repository.support.SimpleJpaRepository.findAll(SimpleJpaRepository.java:387)
	at java.base/jdk.internal.reflect.NativeMethodAccessorImpl.invoke0(Native Method)
	at java.base/jdk.internal.reflect.NativeMethodAccessorImpl.invoke(NativeMethodAccessorImpl.java:77)
	at java.base/jdk.internal.reflect.DelegatingMethodAccessorImpl.invoke(DelegatingMethodAccessorImpl.java:43)
	at java.base/java.lang.reflect.Method.invoke(Method.java:568)
	at org.springframework.aop.support.AopUtils.invokeJoinpointUsingReflection(AopUtils.java:355)
	at org.springframework.data.repository.core.support.RepositoryMethodInvoker$RepositoryFragmentMethodInvoker.lambda$new$0(RepositoryMethodInvoker.java:277)
	at org.springframework.data.repository.core.support.RepositoryMethodInvoker.doInvoke(RepositoryMethodInvoker.java:170)
	at org.springframework.data.repository.core.support.RepositoryMethodInvoker.invoke(RepositoryMethodInvoker.java:158)
	at org.springframework.data.repository.core.support.RepositoryComposition$RepositoryFragments.invoke(RepositoryComposition.java:516)
	at org.springframework.data.repository.core.support.RepositoryComposition.invoke(RepositoryComposition.java:285)
	at org.springframework.data.repository.core.support.RepositoryFactorySupport$ImplementationMethodExecutionInterceptor.invoke(RepositoryFactorySupport.java:628)
	at org.springframework.aop.framework.ReflectiveMethodInvocation.proceed(ReflectiveMethodInvocation.java:184)
	at org.springframework.data.repository.core.support.QueryExecutorMethodInterceptor.doInvoke(QueryExecutorMethodInterceptor.java:173)
	at org.springframework.data.repository.core.support.QueryExecutorMethodInterceptor.invoke(QueryExecutorMethodInterceptor.java:148)
	at org.springframework.aop.framework.ReflectiveMethodInvocation.proceed(ReflectiveMethodInvocation.java:184)
	at org.springframework.data.projection.DefaultMethodInvokingMethodInterceptor.invoke(DefaultMethodInvokingMethodInterceptor.java:70)
	at org.springframework.aop.framework.ReflectiveMethodInvocation.proceed(ReflectiveMethodInvocation.java:184)
	at org.springframework.transaction.interceptor.TransactionAspectSupport.invokeWithinTransaction(TransactionAspectSupport.java:379)
	at org.springframework.transaction.interceptor.TransactionInterceptor.invoke(TransactionInterceptor.java:119)
	at org.springframework.aop.framework.ReflectiveMethodInvocation.proceed(ReflectiveMethodInvocation.java:184)
	at org.springframework.dao.support.PersistenceExceptionTranslationInterceptor.invoke(PersistenceExceptionTranslationInterceptor.java:138)
	at org.springframework.aop.framework.ReflectiveMethodInvocation.proceed(ReflectiveMethodInvocation.java:184)
	at org.springframework.data.jpa.repository.support.CrudMethodMetadataPostProcessor$CrudMethodMetadataPopulatingMethodInterceptor.invoke(CrudMethodMetadataPostProcessor.java:165)
	at org.springframework.aop.framework.ReflectiveMethodInvocation.proceed(ReflectiveMethodInvocation.java:184)
	at org.springframework.aop.interceptor.ExposeInvocationInterceptor.invoke(ExposeInvocationInterceptor.java:97)
	at org.springframework.aop.framework.ReflectiveMethodInvocation.proceed(ReflectiveMethodInvocation.java:184)
	at org.springframework.aop.framework.JdkDynamicAopProxy.invoke(JdkDynamicAopProxy.java:223)
	at jdk.proxy2/jdk.proxy2.$Proxy162.findAll(Unknown Source)
	at gov.la.webserver.review.service.impl.ReviewServiceImpl.getAllReviews(ReviewServiceImpl.java:22)
	at gov.la.webserver.review.controller.ReviewController.getAllReviews(ReviewController.java:55)
	at java.base/jdk.internal.reflect.NativeMethodAccessorImpl.invoke0(Native Method)
	at java.base/jdk.internal.reflect.NativeMethodAccessorImpl.invoke(NativeMethodAccessorImpl.java:77)
	at java.base/jdk.internal.reflect.DelegatingMethodAccessorImpl.invoke(DelegatingMethodAccessorImpl.java:43)
	at java.base/java.lang.reflect.Method.invoke(Method.java:568)
	at org.springframework.aop.support.AopUtils.invokeJoinpointUsingReflection(AopUtils.java:355)
	at org.springframework.aop.framework.CglibAopProxy$DynamicAdvisedInterceptor.intercept(CglibAopProxy.java:716)
	at gov.la.webserver.review.controller.ReviewController$$SpringCGLIB$$0.getAllReviews(<generated>)
	at java.base/jdk.internal.reflect.NativeMethodAccessorImpl.invoke0(Native Method)
	at java.base/jdk.internal.reflect.NativeMethodAccessorImpl.invoke(NativeMethodAccessorImpl.java:77)
	at java.base/jdk.internal.reflect.DelegatingMethodAccessorImpl.invoke(DelegatingMethodAccessorImpl.java:43)
	at java.base/java.lang.reflect.Method.invoke(Method.java:568)
	at org.springframework.web.method.support.InvocableHandlerMethod.doInvoke(InvocableHandlerMethod.java:255)
	at org.springframework.web.method.support.InvocableHandlerMethod.invokeForRequest(InvocableHandlerMethod.java:188)
	at org.springframework.web.servlet.mvc.method.annotation.ServletInvocableHandlerMethod.invokeAndHandle(ServletInvocableHandlerMethod.java:118)
	at org.springframework.web.servlet.mvc.method.annotation.RequestMappingHandlerAdapter.invokeHandlerMethod(RequestMappingHandlerAdapter.java:926)
	at org.springframework.web.servlet.mvc.method.annotation.RequestMappingHandlerAdapter.handleInternal(RequestMappingHandlerAdapter.java:831)
	at org.springframework.web.servlet.mvc.method.AbstractHandlerMethodAdapter.handle(AbstractHandlerMethodAdapter.java:87)
	at org.springframework.web.servlet.DispatcherServlet.doDispatch(DispatcherServlet.java:1089)
	at org.springframework.web.servlet.DispatcherServlet.doService(DispatcherServlet.java:979)
	at org.springframework.web.servlet.FrameworkServlet.processRequest(FrameworkServlet.java:1014)
	at org.springframework.web.servlet.FrameworkServlet.doGet(FrameworkServlet.java:903)
	at jakarta.servlet.http.HttpServlet.service(HttpServlet.java:564)
	at org.springframework.web.servlet.FrameworkServlet.service(FrameworkServlet.java:885)
	at jakarta.servlet.http.HttpServlet.service(HttpServlet.java:658)
	at org.apache.catalina.core.ApplicationFilterChain.internalDoFilter(ApplicationFilterChain.java:195)
	at org.apache.catalina.core.ApplicationFilterChain.doFilter(ApplicationFilterChain.java:140)
	at org.apache.tomcat.websocket.server.WsFilter.doFilter(WsFilter.java:51)
	at org.apache.catalina.core.ApplicationFilterChain.internalDoFilter(ApplicationFilterChain.java:164)
	at org.apache.catalina.core.ApplicationFilterChain.doFilter(ApplicationFilterChain.java:140)
	at org.springframework.web.filter.CompositeFilter$VirtualFilterChain.doFilter(CompositeFilter.java:108)
	at org.springframework.security.web.FilterChainProxy.lambda$doFilterInternal$3(FilterChainProxy.java:231)
	at org.springframework.security.web.ObservationFilterChainDecorator$FilterObservation$SimpleFilterObservation.lambda$wrap$1(ObservationFilterChainDecorator.java:479)
	at org.springframework.security.web.ObservationFilterChainDecorator$AroundFilterObservation$SimpleAroundFilterObservation.lambda$wrap$1(ObservationFilterChainDecorator.java:340)
	at org.springframework.security.web.ObservationFilterChainDecorator.lambda$wrapSecured$0(ObservationFilterChainDecorator.java:82)
	at org.springframework.security.web.ObservationFilterChainDecorator$VirtualFilterChain.doFilter(ObservationFilterChainDecorator.java:128)
	at org.springframework.security.web.access.intercept.AuthorizationFilter.doFilter(AuthorizationFilter.java:100)
	at org.springframework.security.web.ObservationFilterChainDecorator$ObservationFilter.wrapFilter(ObservationFilterChainDecorator.java:240)
	at org.springframework.security.web.ObservationFilterChainDecorator$ObservationFilter.doFilter(ObservationFilterChainDecorator.java:227)
	at org.springframework.security.web.ObservationFilterChainDecorator$VirtualFilterChain.doFilter(ObservationFilterChainDecorator.java:137)
	at org.springframework.security.web.access.ExceptionTranslationFilter.doFilter(ExceptionTranslationFilter.java:126)
	at org.springframework.security.web.access.ExceptionTranslationFilter.doFilter(ExceptionTranslationFilter.java:120)
	at org.springframework.security.web.ObservationFilterChainDecorator$ObservationFilter.wrapFilter(ObservationFilterChainDecorator.java:240)
	at org.springframework.security.web.ObservationFilterChainDecorator$ObservationFilter.doFilter(ObservationFilterChainDecorator.java:227)
	at org.springframework.security.web.ObservationFilterChainDecorator$VirtualFilterChain.doFilter(ObservationFilterChainDecorator.java:137)
	at org.springframework.security.web.authentication.AnonymousAuthenticationFilter.doFilter(AnonymousAuthenticationFilter.java:100)
	at org.springframework.security.web.ObservationFilterChainDecorator$ObservationFilter.wrapFilter(ObservationFilterChainDecorator.java:240)
	at org.springframework.security.web.ObservationFilterChainDecorator$ObservationFilter.doFilter(ObservationFilterChainDecorator.java:227)
	at org.springframework.security.web.ObservationFilterChainDecorator$VirtualFilterChain.doFilter(ObservationFilterChainDecorator.java:137)
	at org.springframework.security.web.servletapi.SecurityContextHolderAwareRequestFilter.doFilter(SecurityContextHolderAwareRequestFilter.java:179)
	at org.springframework.security.web.ObservationFilterChainDecorator$ObservationFilter.wrapFilter(ObservationFilterChainDecorator.java:240)
	at org.springframework.security.web.ObservationFilterChainDecorator$ObservationFilter.doFilter(ObservationFilterChainDecorator.java:227)
	at org.springframework.security.web.ObservationFilterChainDecorator$VirtualFilterChain.doFilter(ObservationFilterChainDecorator.java:137)
	at org.springframework.security.web.savedrequest.RequestCacheAwareFilter.doFilter(RequestCacheAwareFilter.java:63)
	at org.springframework.security.web.ObservationFilterChainDecorator$ObservationFilter.wrapFilter(ObservationFilterChainDecorator.java:240)
	at org.springframework.security.web.ObservationFilterChainDecorator$ObservationFilter.doFilter(ObservationFilterChainDecorator.java:227)
	at org.springframework.security.web.ObservationFilterChainDecorator$VirtualFilterChain.doFilter(ObservationFilterChainDecorator.java:137)
	at org.springframework.security.web.authentication.www.BasicAuthenticationFilter.doFilterInternal(BasicAuthenticationFilter.java:213)
	at org.springframework.web.filter.OncePerRequestFilter.doFilter(OncePerRequestFilter.java:116)
	at org.springframework.security.web.ObservationFilterChainDecorator$ObservationFilter.wrapFilter(ObservationFilterChainDecorator.java:240)
	at org.springframework.security.web.ObservationFilterChainDecorator$ObservationFilter.doFilter(ObservationFilterChainDecorator.java:227)
	at org.springframework.security.web.ObservationFilterChainDecorator$VirtualFilterChain.doFilter(ObservationFilterChainDecorator.java:137)
	at org.springframework.security.web.authentication.ui.DefaultLogoutPageGeneratingFilter.doFilterInternal(DefaultLogoutPageGeneratingFilter.java:58)
	at org.springframework.web.filter.OncePerRequestFilter.doFilter(OncePerRequestFilter.java:116)
	at org.springframework.security.web.ObservationFilterChainDecorator$ObservationFilter.wrapFilter(ObservationFilterChainDecorator.java:240)
	at org.springframework.security.web.ObservationFilterChainDecorator$ObservationFilter.doFilter(ObservationFilterChainDecorator.java:227)
	at org.springframework.security.web.ObservationFilterChainDecorator$VirtualFilterChain.doFilter(ObservationFilterChainDecorator.java:137)
	at org.springframework.security.web.authentication.ui.DefaultLoginPageGeneratingFilter.doFilter(DefaultLoginPageGeneratingFilter.java:189)
	at org.springframework.security.web.authentication.ui.DefaultLoginPageGeneratingFilter.doFilter(DefaultLoginPageGeneratingFilter.java:175)
	at org.springframework.security.web.ObservationFilterChainDecorator$ObservationFilter.wrapFilter(ObservationFilterChainDecorator.java:240)
	at org.springframework.security.web.ObservationFilterChainDecorator$ObservationFilter.doFilter(ObservationFilterChainDecorator.java:227)
	at org.springframework.security.web.ObservationFilterChainDecorator$VirtualFilterChain.doFilter(ObservationFilterChainDecorator.java:137)
	at org.springframework.security.web.authentication.AbstractAuthenticationProcessingFilter.doFilter(AbstractAuthenticationProcessingFilter.java:227)
	at org.springframework.security.web.authentication.AbstractAuthenticationProcessingFilter.doFilter(AbstractAuthenticationProcessingFilter.java:221)
	at org.springframework.security.web.ObservationFilterChainDecorator$ObservationFilter.wrapFilter(ObservationFilterChainDecorator.java:240)
	at org.springframework.security.web.ObservationFilterChainDecorator$ObservationFilter.doFilter(ObservationFilterChainDecorator.java:227)
	at org.springframework.security.web.ObservationFilterChainDecorator$VirtualFilterChain.doFilter(ObservationFilterChainDecorator.java:137)
	at org.springframework.security.web.authentication.logout.LogoutFilter.doFilter(LogoutFilter.java:107)
	at org.springframework.security.web.authentication.logout.LogoutFilter.doFilter(LogoutFilter.java:93)
	at org.springframework.security.web.ObservationFilterChainDecorator$ObservationFilter.wrapFilter(ObservationFilterChainDecorator.java:240)
	at org.springframework.security.web.ObservationFilterChainDecorator$ObservationFilter.doFilter(ObservationFilterChainDecorator.java:227)
	at org.springframework.security.web.ObservationFilterChainDecorator$VirtualFilterChain.doFilter(ObservationFilterChainDecorator.java:137)
	at org.springframework.security.web.header.HeaderWriterFilter.doHeadersAfter(HeaderWriterFilter.java:90)
	at org.springframework.security.web.header.HeaderWriterFilter.doFilterInternal(HeaderWriterFilter.java:75)
	at org.springframework.web.filter.OncePerRequestFilter.doFilter(OncePerRequestFilter.java:116)
	at org.springframework.security.web.ObservationFilterChainDecorator$ObservationFilter.wrapFilter(ObservationFilterChainDecorator.java:240)
	at org.springframework.security.web.ObservationFilterChainDecorator$ObservationFilter.doFilter(ObservationFilterChainDecorator.java:227)
	at org.springframework.security.web.ObservationFilterChainDecorator$VirtualFilterChain.doFilter(ObservationFilterChainDecorator.java:137)
	at org.springframework.security.web.context.SecurityContextHolderFilter.doFilter(SecurityContextHolderFilter.java:82)
	at org.springframework.security.web.context.SecurityContextHolderFilter.doFilter(SecurityContextHolderFilter.java:69)
	at org.springframework.security.web.ObservationFilterChainDecorator$ObservationFilter.wrapFilter(ObservationFilterChainDecorator.java:240)
	at org.springframework.security.web.ObservationFilterChainDecorator$ObservationFilter.doFilter(ObservationFilterChainDecorator.java:227)
	at org.springframework.security.web.ObservationFilterChainDecorator$VirtualFilterChain.doFilter(ObservationFilterChainDecorator.java:137)
	at org.springframework.security.web.context.request.async.WebAsyncManagerIntegrationFilter.doFilterInternal(WebAsyncManagerIntegrationFilter.java:62)
	at org.springframework.web.filter.OncePerRequestFilter.doFilter(OncePerRequestFilter.java:116)
	at org.springframework.security.web.ObservationFilterChainDecorator$ObservationFilter.wrapFilter(ObservationFilterChainDecorator.java:240)
	at org.springframework.security.web.ObservationFilterChainDecorator$ObservationFilter.doFilter(ObservationFilterChainDecorator.java:227)
	at org.springframework.security.web.ObservationFilterChainDecorator$VirtualFilterChain.doFilter(ObservationFilterChainDecorator.java:137)
	at org.springframework.security.web.session.DisableEncodeUrlFilter.doFilterInternal(DisableEncodeUrlFilter.java:42)
	at org.springframework.web.filter.OncePerRequestFilter.doFilter(OncePerRequestFilter.java:116)
	at org.springframework.security.web.ObservationFilterChainDecorator$ObservationFilter.wrapFilter(ObservationFilterChainDecorator.java:240)
	at org.springframework.security.web.ObservationFilterChainDecorator$AroundFilterObservation$SimpleAroundFilterObservation.lambda$wrap$0(ObservationFilterChainDecorator.java:323)
	at org.springframework.security.web.ObservationFilterChainDecorator$ObservationFilter.doFilter(ObservationFilterChainDecorator.java:224)
	at org.springframework.security.web.ObservationFilterChainDecorator$VirtualFilterChain.doFilter(ObservationFilterChainDecorator.java:137)
	at org.springframework.security.web.FilterChainProxy.doFilterInternal(FilterChainProxy.java:233)
	at org.springframework.security.web.FilterChainProxy.doFilter(FilterChainProxy.java:191)
	at org.springframework.web.filter.CompositeFilter$VirtualFilterChain.doFilter(CompositeFilter.java:113)
	at org.springframework.web.servlet.handler.HandlerMappingIntrospector.lambda$createCacheFilter$3(HandlerMappingIntrospector.java:195)
	at org.springframework.web.filter.CompositeFilter$VirtualFilterChain.doFilter(CompositeFilter.java:113)
	at org.springframework.web.filter.CompositeFilter.doFilter(CompositeFilter.java:74)
	at org.springframework.security.config.annotation.web.configuration.WebMvcSecurityConfiguration$CompositeFilterChainProxy.doFilter(WebMvcSecurityConfiguration.java:230)
	at org.springframework.web.filter.DelegatingFilterProxy.invokeDelegate(DelegatingFilterProxy.java:352)
	at org.springframework.web.filter.DelegatingFilterProxy.doFilter(DelegatingFilterProxy.java:268)
	at org.apache.catalina.core.ApplicationFilterChain.internalDoFilter(ApplicationFilterChain.java:164)
	at org.apache.catalina.core.ApplicationFilterChain.doFilter(ApplicationFilterChain.java:140)
	at org.springframework.web.filter.RequestContextFilter.doFilterInternal(RequestContextFilter.java:100)
	at org.springframework.web.filter.OncePerRequestFilter.doFilter(OncePerRequestFilter.java:116)
	at org.apache.catalina.core.ApplicationFilterChain.internalDoFilter(ApplicationFilterChain.java:164)
	at org.apache.catalina.core.ApplicationFilterChain.doFilter(ApplicationFilterChain.java:140)
	at org.springframework.web.filter.FormContentFilter.doFilterInternal(FormContentFilter.java:93)
	at org.springframework.web.filter.OncePerRequestFilter.doFilter(OncePerRequestFilter.java:116)
	at org.apache.catalina.core.ApplicationFilterChain.internalDoFilter(ApplicationFilterChain.java:164)
	at org.apache.catalina.core.ApplicationFilterChain.doFilter(ApplicationFilterChain.java:140)
	at org.springframework.web.filter.ServerHttpObservationFilter.doFilterInternal(ServerHttpObservationFilter.java:113)
	at org.springframework.web.filter.OncePerRequestFilter.doFilter(OncePerRequestFilter.java:116)
	at org.apache.catalina.core.ApplicationFilterChain.internalDoFilter(ApplicationFilterChain.java:164)
	at org.apache.catalina.core.ApplicationFilterChain.doFilter(ApplicationFilterChain.java:140)
	at org.springframework.web.filter.CharacterEncodingFilter.doFilterInternal(CharacterEncodingFilter.java:201)
	at org.springframework.web.filter.OncePerRequestFilter.doFilter(OncePerRequestFilter.java:116)
	at org.apache.catalina.core.ApplicationFilterChain.internalDoFilter(ApplicationFilterChain.java:164)
	at org.apache.catalina.core.ApplicationFilterChain.doFilter(ApplicationFilterChain.java:140)
	at org.apache.catalina.core.StandardWrapperValve.invoke(StandardWrapperValve.java:167)
	at org.apache.catalina.core.StandardContextValve.invoke(StandardContextValve.java:90)
	at org.apache.catalina.authenticator.AuthenticatorBase.invoke(AuthenticatorBase.java:483)
	at org.apache.catalina.core.StandardHostValve.invoke(StandardHostValve.java:115)
	at org.apache.catalina.valves.ErrorReportValve.invoke(ErrorReportValve.java:93)
	at org.apache.catalina.core.StandardEngineValve.invoke(StandardEngineValve.java:74)
	at org.apache.catalina.connector.CoyoteAdapter.service(CoyoteAdapter.java:344)
	at org.apache.coyote.http11.Http11Processor.service(Http11Processor.java:384)
	at org.apache.coyote.AbstractProcessorLight.process(AbstractProcessorLight.java:63)
	at org.apache.coyote.AbstractProtocol$ConnectionHandler.process(AbstractProtocol.java:905)
	at org.apache.tomcat.util.net.NioEndpoint$SocketProcessor.doRun(NioEndpoint.java:1741)
	at org.apache.tomcat.util.net.SocketProcessorBase.run(SocketProcessorBase.java:52)
	at org.apache.tomcat.util.threads.ThreadPoolExecutor.runWorker(ThreadPoolExecutor.java:1190)
	at org.apache.tomcat.util.threads.ThreadPoolExecutor$Worker.run(ThreadPoolExecutor.java:659)
	at org.apache.tomcat.util.threads.TaskThread$WrappingRunnable.run(TaskThread.java:63)
	at java.base/java.lang.Thread.run(Thread.java:842)
2024-10-14 14:37:09 [http-nio-5000-exec-8] ERROR o.a.c.c.C.[.[.[.[dispatcherServlet] - Servlet.service() for servlet [dispatcherServlet] in context with path [] threw exception [Request processing failed: org.springframework.orm.jpa.JpaSystemException: No default constructor for entity 'gov.la.webserver.review.entity.Review'] with root cause
org.hibernate.InstantiationException: No default constructor for entity 'gov.la.webserver.review.entity.Review'
	at org.hibernate.metamodel.internal.EntityInstantiatorPojoStandard.instantiate(EntityInstantiatorPojoStandard.java:93)
	at org.hibernate.persister.entity.AbstractEntityPersister.instantiate(AbstractEntityPersister.java:4585)
	at org.hibernate.internal.SessionImpl.instantiate(SessionImpl.java:1485)
	at org.hibernate.sql.results.graph.entity.AbstractEntityInitializer.instantiateEntity(AbstractEntityInitializer.java:694)
	at org.hibernate.sql.results.graph.entity.AbstractEntityInitializer.resolveEntityInstance(AbstractEntityInitializer.java:687)
	at org.hibernate.sql.results.graph.entity.AbstractEntityInitializer.resolveInstance(AbstractEntityInitializer.java:637)
	at org.hibernate.sql.results.graph.entity.AbstractEntityInitializer.resolveEntityInstance(AbstractEntityInitializer.java:559)
	at org.hibernate.sql.results.graph.entity.AbstractEntityInitializer.resolveInstance(AbstractEntityInitializer.java:458)
	at org.hibernate.sql.results.internal.InitializersList.resolveInstances(InitializersList.java:97)
	at org.hibernate.sql.results.internal.StandardRowReader.coordinateInitializers(StandardRowReader.java:112)
	at org.hibernate.sql.results.internal.StandardRowReader.readRow(StandardRowReader.java:87)
	at org.hibernate.sql.results.spi.ListResultsConsumer.consume(ListResultsConsumer.java:205)
	at org.hibernate.sql.results.spi.ListResultsConsumer.consume(ListResultsConsumer.java:33)
	at org.hibernate.sql.exec.internal.JdbcSelectExecutorStandardImpl.doExecuteQuery(JdbcSelectExecutorStandardImpl.java:211)
	at org.hibernate.sql.exec.internal.JdbcSelectExecutorStandardImpl.executeQuery(JdbcSelectExecutorStandardImpl.java:83)
	at org.hibernate.sql.exec.spi.JdbcSelectExecutor.list(JdbcSelectExecutor.java:76)
	at org.hibernate.sql.exec.spi.JdbcSelectExecutor.list(JdbcSelectExecutor.java:65)
	at org.hibernate.query.sqm.internal.ConcreteSqmSelectQueryPlan.lambda$new$2(ConcreteSqmSelectQueryPlan.java:139)
	at org.hibernate.query.sqm.internal.ConcreteSqmSelectQueryPlan.withCacheableSqmInterpretation(ConcreteSqmSelectQueryPlan.java:382)
	at org.hibernate.query.sqm.internal.ConcreteSqmSelectQueryPlan.performList(ConcreteSqmSelectQueryPlan.java:302)
	at org.hibernate.query.sqm.internal.QuerySqmImpl.doList(QuerySqmImpl.java:526)
	at org.hibernate.query.spi.AbstractSelectionQuery.list(AbstractSelectionQuery.java:423)
	at org.hibernate.query.Query.getResultList(Query.java:120)
	at org.springframework.data.jpa.repository.support.SimpleJpaRepository.findAll(SimpleJpaRepository.java:387)
	at java.base/jdk.internal.reflect.NativeMethodAccessorImpl.invoke0(Native Method)
	at java.base/jdk.internal.reflect.NativeMethodAccessorImpl.invoke(NativeMethodAccessorImpl.java:77)
	at java.base/jdk.internal.reflect.DelegatingMethodAccessorImpl.invoke(DelegatingMethodAccessorImpl.java:43)
	at java.base/java.lang.reflect.Method.invoke(Method.java:568)
	at org.springframework.aop.support.AopUtils.invokeJoinpointUsingReflection(AopUtils.java:355)
	at org.springframework.data.repository.core.support.RepositoryMethodInvoker$RepositoryFragmentMethodInvoker.lambda$new$0(RepositoryMethodInvoker.java:277)
	at org.springframework.data.repository.core.support.RepositoryMethodInvoker.doInvoke(RepositoryMethodInvoker.java:170)
	at org.springframework.data.repository.core.support.RepositoryMethodInvoker.invoke(RepositoryMethodInvoker.java:158)
	at org.springframework.data.repository.core.support.RepositoryComposition$RepositoryFragments.invoke(RepositoryComposition.java:516)
	at org.springframework.data.repository.core.support.RepositoryComposition.invoke(RepositoryComposition.java:285)
	at org.springframework.data.repository.core.support.RepositoryFactorySupport$ImplementationMethodExecutionInterceptor.invoke(RepositoryFactorySupport.java:628)
	at org.springframework.aop.framework.ReflectiveMethodInvocation.proceed(ReflectiveMethodInvocation.java:184)
	at org.springframework.data.repository.core.support.QueryExecutorMethodInterceptor.doInvoke(QueryExecutorMethodInterceptor.java:173)
	at org.springframework.data.repository.core.support.QueryExecutorMethodInterceptor.invoke(QueryExecutorMethodInterceptor.java:148)
	at org.springframework.aop.framework.ReflectiveMethodInvocation.proceed(ReflectiveMethodInvocation.java:184)
	at org.springframework.data.projection.DefaultMethodInvokingMethodInterceptor.invoke(DefaultMethodInvokingMethodInterceptor.java:70)
	at org.springframework.aop.framework.ReflectiveMethodInvocation.proceed(ReflectiveMethodInvocation.java:184)
	at org.springframework.transaction.interceptor.TransactionAspectSupport.invokeWithinTransaction(TransactionAspectSupport.java:379)
	at org.springframework.transaction.interceptor.TransactionInterceptor.invoke(TransactionInterceptor.java:119)
	at org.springframework.aop.framework.ReflectiveMethodInvocation.proceed(ReflectiveMethodInvocation.java:184)
	at org.springframework.dao.support.PersistenceExceptionTranslationInterceptor.invoke(PersistenceExceptionTranslationInterceptor.java:138)
	at org.springframework.aop.framework.ReflectiveMethodInvocation.proceed(ReflectiveMethodInvocation.java:184)
	at org.springframework.data.jpa.repository.support.CrudMethodMetadataPostProcessor$CrudMethodMetadataPopulatingMethodInterceptor.invoke(CrudMethodMetadataPostProcessor.java:165)
	at org.springframework.aop.framework.ReflectiveMethodInvocation.proceed(ReflectiveMethodInvocation.java:184)
	at org.springframework.aop.interceptor.ExposeInvocationInterceptor.invoke(ExposeInvocationInterceptor.java:97)
	at org.springframework.aop.framework.ReflectiveMethodInvocation.proceed(ReflectiveMethodInvocation.java:184)
	at org.springframework.aop.framework.JdkDynamicAopProxy.invoke(JdkDynamicAopProxy.java:223)
	at jdk.proxy2/jdk.proxy2.$Proxy162.findAll(Unknown Source)
	at gov.la.webserver.review.service.impl.ReviewServiceImpl.getAllReviews(ReviewServiceImpl.java:22)
	at gov.la.webserver.review.controller.ReviewController.getAllReviews(ReviewController.java:55)
	at java.base/jdk.internal.reflect.NativeMethodAccessorImpl.invoke0(Native Method)
	at java.base/jdk.internal.reflect.NativeMethodAccessorImpl.invoke(NativeMethodAccessorImpl.java:77)
	at java.base/jdk.internal.reflect.DelegatingMethodAccessorImpl.invoke(DelegatingMethodAccessorImpl.java:43)
	at java.base/java.lang.reflect.Method.invoke(Method.java:568)
	at org.springframework.aop.support.AopUtils.invokeJoinpointUsingReflection(AopUtils.java:355)
	at org.springframework.aop.framework.CglibAopProxy$DynamicAdvisedInterceptor.intercept(CglibAopProxy.java:716)
	at gov.la.webserver.review.controller.ReviewController$$SpringCGLIB$$0.getAllReviews(<generated>)
	at java.base/jdk.internal.reflect.NativeMethodAccessorImpl.invoke0(Native Method)
	at java.base/jdk.internal.reflect.NativeMethodAccessorImpl.invoke(NativeMethodAccessorImpl.java:77)
	at java.base/jdk.internal.reflect.DelegatingMethodAccessorImpl.invoke(DelegatingMethodAccessorImpl.java:43)
	at java.base/java.lang.reflect.Method.invoke(Method.java:568)
	at org.springframework.web.method.support.InvocableHandlerMethod.doInvoke(InvocableHandlerMethod.java:255)
	at org.springframework.web.method.support.InvocableHandlerMethod.invokeForRequest(InvocableHandlerMethod.java:188)
	at org.springframework.web.servlet.mvc.method.annotation.ServletInvocableHandlerMethod.invokeAndHandle(ServletInvocableHandlerMethod.java:118)
	at org.springframework.web.servlet.mvc.method.annotation.RequestMappingHandlerAdapter.invokeHandlerMethod(RequestMappingHandlerAdapter.java:926)
	at org.springframework.web.servlet.mvc.method.annotation.RequestMappingHandlerAdapter.handleInternal(RequestMappingHandlerAdapter.java:831)
	at org.springframework.web.servlet.mvc.method.AbstractHandlerMethodAdapter.handle(AbstractHandlerMethodAdapter.java:87)
	at org.springframework.web.servlet.DispatcherServlet.doDispatch(DispatcherServlet.java:1089)
	at org.springframework.web.servlet.DispatcherServlet.doService(DispatcherServlet.java:979)
	at org.springframework.web.servlet.FrameworkServlet.processRequest(FrameworkServlet.java:1014)
	at org.springframework.web.servlet.FrameworkServlet.doGet(FrameworkServlet.java:903)
	at jakarta.servlet.http.HttpServlet.service(HttpServlet.java:564)
	at org.springframework.web.servlet.FrameworkServlet.service(FrameworkServlet.java:885)
	at jakarta.servlet.http.HttpServlet.service(HttpServlet.java:658)
	at org.apache.catalina.core.ApplicationFilterChain.internalDoFilter(ApplicationFilterChain.java:195)
	at org.apache.catalina.core.ApplicationFilterChain.doFilter(ApplicationFilterChain.java:140)
	at org.apache.tomcat.websocket.server.WsFilter.doFilter(WsFilter.java:51)
	at org.apache.catalina.core.ApplicationFilterChain.internalDoFilter(ApplicationFilterChain.java:164)
	at org.apache.catalina.core.ApplicationFilterChain.doFilter(ApplicationFilterChain.java:140)
	at org.springframework.web.filter.CompositeFilter$VirtualFilterChain.doFilter(CompositeFilter.java:108)
	at org.springframework.security.web.FilterChainProxy.lambda$doFilterInternal$3(FilterChainProxy.java:231)
	at org.springframework.security.web.ObservationFilterChainDecorator$FilterObservation$SimpleFilterObservation.lambda$wrap$1(ObservationFilterChainDecorator.java:479)
	at org.springframework.security.web.ObservationFilterChainDecorator$AroundFilterObservation$SimpleAroundFilterObservation.lambda$wrap$1(ObservationFilterChainDecorator.java:340)
	at org.springframework.security.web.ObservationFilterChainDecorator.lambda$wrapSecured$0(ObservationFilterChainDecorator.java:82)
	at org.springframework.security.web.ObservationFilterChainDecorator$VirtualFilterChain.doFilter(ObservationFilterChainDecorator.java:128)
	at org.springframework.security.web.access.intercept.AuthorizationFilter.doFilter(AuthorizationFilter.java:100)
	at org.springframework.security.web.ObservationFilterChainDecorator$ObservationFilter.wrapFilter(ObservationFilterChainDecorator.java:240)
	at org.springframework.security.web.ObservationFilterChainDecorator$ObservationFilter.doFilter(ObservationFilterChainDecorator.java:227)
	at org.springframework.security.web.ObservationFilterChainDecorator$VirtualFilterChain.doFilter(ObservationFilterChainDecorator.java:137)
	at org.springframework.security.web.access.ExceptionTranslationFilter.doFilter(ExceptionTranslationFilter.java:126)
	at org.springframework.security.web.access.ExceptionTranslationFilter.doFilter(ExceptionTranslationFilter.java:120)
	at org.springframework.security.web.ObservationFilterChainDecorator$ObservationFilter.wrapFilter(ObservationFilterChainDecorator.java:240)
	at org.springframework.security.web.ObservationFilterChainDecorator$ObservationFilter.doFilter(ObservationFilterChainDecorator.java:227)
	at org.springframework.security.web.ObservationFilterChainDecorator$VirtualFilterChain.doFilter(ObservationFilterChainDecorator.java:137)
	at org.springframework.security.web.authentication.AnonymousAuthenticationFilter.doFilter(AnonymousAuthenticationFilter.java:100)
	at org.springframework.security.web.ObservationFilterChainDecorator$ObservationFilter.wrapFilter(ObservationFilterChainDecorator.java:240)
	at org.springframework.security.web.ObservationFilterChainDecorator$ObservationFilter.doFilter(ObservationFilterChainDecorator.java:227)
	at org.springframework.security.web.ObservationFilterChainDecorator$VirtualFilterChain.doFilter(ObservationFilterChainDecorator.java:137)
	at org.springframework.security.web.servletapi.SecurityContextHolderAwareRequestFilter.doFilter(SecurityContextHolderAwareRequestFilter.java:179)
	at org.springframework.security.web.ObservationFilterChainDecorator$ObservationFilter.wrapFilter(ObservationFilterChainDecorator.java:240)
	at org.springframework.security.web.ObservationFilterChainDecorator$ObservationFilter.doFilter(ObservationFilterChainDecorator.java:227)
	at org.springframework.security.web.ObservationFilterChainDecorator$VirtualFilterChain.doFilter(ObservationFilterChainDecorator.java:137)
	at org.springframework.security.web.savedrequest.RequestCacheAwareFilter.doFilter(RequestCacheAwareFilter.java:63)
	at org.springframework.security.web.ObservationFilterChainDecorator$ObservationFilter.wrapFilter(ObservationFilterChainDecorator.java:240)
	at org.springframework.security.web.ObservationFilterChainDecorator$ObservationFilter.doFilter(ObservationFilterChainDecorator.java:227)
	at org.springframework.security.web.ObservationFilterChainDecorator$VirtualFilterChain.doFilter(ObservationFilterChainDecorator.java:137)
	at org.springframework.security.web.authentication.www.BasicAuthenticationFilter.doFilterInternal(BasicAuthenticationFilter.java:213)
	at org.springframework.web.filter.OncePerRequestFilter.doFilter(OncePerRequestFilter.java:116)
	at org.springframework.security.web.ObservationFilterChainDecorator$ObservationFilter.wrapFilter(ObservationFilterChainDecorator.java:240)
	at org.springframework.security.web.ObservationFilterChainDecorator$ObservationFilter.doFilter(ObservationFilterChainDecorator.java:227)
	at org.springframework.security.web.ObservationFilterChainDecorator$VirtualFilterChain.doFilter(ObservationFilterChainDecorator.java:137)
	at org.springframework.security.web.authentication.ui.DefaultLogoutPageGeneratingFilter.doFilterInternal(DefaultLogoutPageGeneratingFilter.java:58)
	at org.springframework.web.filter.OncePerRequestFilter.doFilter(OncePerRequestFilter.java:116)
	at org.springframework.security.web.ObservationFilterChainDecorator$ObservationFilter.wrapFilter(ObservationFilterChainDecorator.java:240)
	at org.springframework.security.web.ObservationFilterChainDecorator$ObservationFilter.doFilter(ObservationFilterChainDecorator.java:227)
	at org.springframework.security.web.ObservationFilterChainDecorator$VirtualFilterChain.doFilter(ObservationFilterChainDecorator.java:137)
	at org.springframework.security.web.authentication.ui.DefaultLoginPageGeneratingFilter.doFilter(DefaultLoginPageGeneratingFilter.java:189)
	at org.springframework.security.web.authentication.ui.DefaultLoginPageGeneratingFilter.doFilter(DefaultLoginPageGeneratingFilter.java:175)
	at org.springframework.security.web.ObservationFilterChainDecorator$ObservationFilter.wrapFilter(ObservationFilterChainDecorator.java:240)
	at org.springframework.security.web.ObservationFilterChainDecorator$ObservationFilter.doFilter(ObservationFilterChainDecorator.java:227)
	at org.springframework.security.web.ObservationFilterChainDecorator$VirtualFilterChain.doFilter(ObservationFilterChainDecorator.java:137)
	at org.springframework.security.web.authentication.AbstractAuthenticationProcessingFilter.doFilter(AbstractAuthenticationProcessingFilter.java:227)
	at org.springframework.security.web.authentication.AbstractAuthenticationProcessingFilter.doFilter(AbstractAuthenticationProcessingFilter.java:221)
	at org.springframework.security.web.ObservationFilterChainDecorator$ObservationFilter.wrapFilter(ObservationFilterChainDecorator.java:240)
	at org.springframework.security.web.ObservationFilterChainDecorator$ObservationFilter.doFilter(ObservationFilterChainDecorator.java:227)
	at org.springframework.security.web.ObservationFilterChainDecorator$VirtualFilterChain.doFilter(ObservationFilterChainDecorator.java:137)
	at org.springframework.security.web.authentication.logout.LogoutFilter.doFilter(LogoutFilter.java:107)
	at org.springframework.security.web.authentication.logout.LogoutFilter.doFilter(LogoutFilter.java:93)
	at org.springframework.security.web.ObservationFilterChainDecorator$ObservationFilter.wrapFilter(ObservationFilterChainDecorator.java:240)
	at org.springframework.security.web.ObservationFilterChainDecorator$ObservationFilter.doFilter(ObservationFilterChainDecorator.java:227)
	at org.springframework.security.web.ObservationFilterChainDecorator$VirtualFilterChain.doFilter(ObservationFilterChainDecorator.java:137)
	at org.springframework.security.web.header.HeaderWriterFilter.doHeadersAfter(HeaderWriterFilter.java:90)
	at org.springframework.security.web.header.HeaderWriterFilter.doFilterInternal(HeaderWriterFilter.java:75)
	at org.springframework.web.filter.OncePerRequestFilter.doFilter(OncePerRequestFilter.java:116)
	at org.springframework.security.web.ObservationFilterChainDecorator$ObservationFilter.wrapFilter(ObservationFilterChainDecorator.java:240)
	at org.springframework.security.web.ObservationFilterChainDecorator$ObservationFilter.doFilter(ObservationFilterChainDecorator.java:227)
	at org.springframework.security.web.ObservationFilterChainDecorator$VirtualFilterChain.doFilter(ObservationFilterChainDecorator.java:137)
	at org.springframework.security.web.context.SecurityContextHolderFilter.doFilter(SecurityContextHolderFilter.java:82)
	at org.springframework.security.web.context.SecurityContextHolderFilter.doFilter(SecurityContextHolderFilter.java:69)
	at org.springframework.security.web.ObservationFilterChainDecorator$ObservationFilter.wrapFilter(ObservationFilterChainDecorator.java:240)
	at org.springframework.security.web.ObservationFilterChainDecorator$ObservationFilter.doFilter(ObservationFilterChainDecorator.java:227)
	at org.springframework.security.web.ObservationFilterChainDecorator$VirtualFilterChain.doFilter(ObservationFilterChainDecorator.java:137)
	at org.springframework.security.web.context.request.async.WebAsyncManagerIntegrationFilter.doFilterInternal(WebAsyncManagerIntegrationFilter.java:62)
	at org.springframework.web.filter.OncePerRequestFilter.doFilter(OncePerRequestFilter.java:116)
	at org.springframework.security.web.ObservationFilterChainDecorator$ObservationFilter.wrapFilter(ObservationFilterChainDecorator.java:240)
	at org.springframework.security.web.ObservationFilterChainDecorator$ObservationFilter.doFilter(ObservationFilterChainDecorator.java:227)
	at org.springframework.security.web.ObservationFilterChainDecorator$VirtualFilterChain.doFilter(ObservationFilterChainDecorator.java:137)
	at org.springframework.security.web.session.DisableEncodeUrlFilter.doFilterInternal(DisableEncodeUrlFilter.java:42)
	at org.springframework.web.filter.OncePerRequestFilter.doFilter(OncePerRequestFilter.java:116)
	at org.springframework.security.web.ObservationFilterChainDecorator$ObservationFilter.wrapFilter(ObservationFilterChainDecorator.java:240)
	at org.springframework.security.web.ObservationFilterChainDecorator$AroundFilterObservation$SimpleAroundFilterObservation.lambda$wrap$0(ObservationFilterChainDecorator.java:323)
	at org.springframework.security.web.ObservationFilterChainDecorator$ObservationFilter.doFilter(ObservationFilterChainDecorator.java:224)
	at org.springframework.security.web.ObservationFilterChainDecorator$VirtualFilterChain.doFilter(ObservationFilterChainDecorator.java:137)
	at org.springframework.security.web.FilterChainProxy.doFilterInternal(FilterChainProxy.java:233)
	at org.springframework.security.web.FilterChainProxy.doFilter(FilterChainProxy.java:191)
	at org.springframework.web.filter.CompositeFilter$VirtualFilterChain.doFilter(CompositeFilter.java:113)
	at org.springframework.web.servlet.handler.HandlerMappingIntrospector.lambda$createCacheFilter$3(HandlerMappingIntrospector.java:195)
	at org.springframework.web.filter.CompositeFilter$VirtualFilterChain.doFilter(CompositeFilter.java:113)
	at org.springframework.web.filter.CompositeFilter.doFilter(CompositeFilter.java:74)
	at org.springframework.security.config.annotation.web.configuration.WebMvcSecurityConfiguration$CompositeFilterChainProxy.doFilter(WebMvcSecurityConfiguration.java:230)
	at org.springframework.web.filter.DelegatingFilterProxy.invokeDelegate(DelegatingFilterProxy.java:352)
	at org.springframework.web.filter.DelegatingFilterProxy.doFilter(DelegatingFilterProxy.java:268)
	at org.apache.catalina.core.ApplicationFilterChain.internalDoFilter(ApplicationFilterChain.java:164)
	at org.apache.catalina.core.ApplicationFilterChain.doFilter(ApplicationFilterChain.java:140)
	at org.springframework.web.filter.RequestContextFilter.doFilterInternal(RequestContextFilter.java:100)
	at org.springframework.web.filter.OncePerRequestFilter.doFilter(OncePerRequestFilter.java:116)
	at org.apache.catalina.core.ApplicationFilterChain.internalDoFilter(ApplicationFilterChain.java:164)
	at org.apache.catalina.core.ApplicationFilterChain.doFilter(ApplicationFilterChain.java:140)
	at org.springframework.web.filter.FormContentFilter.doFilterInternal(FormContentFilter.java:93)
	at org.springframework.web.filter.OncePerRequestFilter.doFilter(OncePerRequestFilter.java:116)
	at org.apache.catalina.core.ApplicationFilterChain.internalDoFilter(ApplicationFilterChain.java:164)
	at org.apache.catalina.core.ApplicationFilterChain.doFilter(ApplicationFilterChain.java:140)
	at org.springframework.web.filter.ServerHttpObservationFilter.doFilterInternal(ServerHttpObservationFilter.java:113)
	at org.springframework.web.filter.OncePerRequestFilter.doFilter(OncePerRequestFilter.java:116)
	at org.apache.catalina.core.ApplicationFilterChain.internalDoFilter(ApplicationFilterChain.java:164)
	at org.apache.catalina.core.ApplicationFilterChain.doFilter(ApplicationFilterChain.java:140)
	at org.springframework.web.filter.CharacterEncodingFilter.doFilterInternal(CharacterEncodingFilter.java:201)
	at org.springframework.web.filter.OncePerRequestFilter.doFilter(OncePerRequestFilter.java:116)
	at org.apache.catalina.core.ApplicationFilterChain.internalDoFilter(ApplicationFilterChain.java:164)
	at org.apache.catalina.core.ApplicationFilterChain.doFilter(ApplicationFilterChain.java:140)
	at org.apache.catalina.core.StandardWrapperValve.invoke(StandardWrapperValve.java:167)
	at org.apache.catalina.core.StandardContextValve.invoke(StandardContextValve.java:90)
	at org.apache.catalina.authenticator.AuthenticatorBase.invoke(AuthenticatorBase.java:483)
	at org.apache.catalina.core.StandardHostValve.invoke(StandardHostValve.java:115)
	at org.apache.catalina.valves.ErrorReportValve.invoke(ErrorReportValve.java:93)
	at org.apache.catalina.core.StandardEngineValve.invoke(StandardEngineValve.java:74)
	at org.apache.catalina.connector.CoyoteAdapter.service(CoyoteAdapter.java:344)
	at org.apache.coyote.http11.Http11Processor.service(Http11Processor.java:384)
	at org.apache.coyote.AbstractProcessorLight.process(AbstractProcessorLight.java:63)
	at org.apache.coyote.AbstractProtocol$ConnectionHandler.process(AbstractProtocol.java:905)
	at org.apache.tomcat.util.net.NioEndpoint$SocketProcessor.doRun(NioEndpoint.java:1741)
	at org.apache.tomcat.util.net.SocketProcessorBase.run(SocketProcessorBase.java:52)
	at org.apache.tomcat.util.threads.ThreadPoolExecutor.runWorker(ThreadPoolExecutor.java:1190)
	at org.apache.tomcat.util.threads.ThreadPoolExecutor$Worker.run(ThreadPoolExecutor.java:659)
	at org.apache.tomcat.util.threads.TaskThread$WrappingRunnable.run(TaskThread.java:63)
	at java.base/java.lang.Thread.run(Thread.java:842)
2024-10-14 14:37:10 [scheduling-1] INFO  g.l.w.u.s.UserChangeLogScheduler - call clearChangeLog
2024-10-14 14:37:10 [scheduling-1] INFO  g.l.w.u.s.UserChangeLogScheduler - clear Logs completed!! true
2024-10-14 14:38:00 [scheduling-1] INFO  g.l.w.u.s.UserChangeLogScheduler - call checkChangeLog
2024-10-14 14:38:00 [scheduling-1] INFO  g.l.w.u.s.UserChangeLogScheduler - check log completed!!
2024-10-14 14:38:10 [scheduling-1] INFO  g.l.w.u.s.UserChangeLogScheduler - call clearChangeLog
2024-10-14 14:38:10 [scheduling-1] INFO  g.l.w.u.s.UserChangeLogScheduler - clear Logs completed!! true
2024-10-14 14:39:00 [scheduling-1] INFO  g.l.w.u.s.UserChangeLogScheduler - call checkChangeLog
2024-10-14 14:39:00 [scheduling-1] INFO  g.l.w.u.s.UserChangeLogScheduler - check log completed!!
2024-10-14 14:39:09 [http-nio-5000-exec-5] ERROR o.a.c.c.C.[.[.[.[dispatcherServlet] - Servlet.service() for servlet [dispatcherServlet] in context with path [] threw exception [Request processing failed: org.springframework.orm.jpa.JpaSystemException: No default constructor for entity 'gov.la.webserver.review.entity.Review'] with root cause
org.hibernate.InstantiationException: No default constructor for entity 'gov.la.webserver.review.entity.Review'
	at org.hibernate.metamodel.internal.EntityInstantiatorPojoStandard.instantiate(EntityInstantiatorPojoStandard.java:93)
	at org.hibernate.persister.entity.AbstractEntityPersister.instantiate(AbstractEntityPersister.java:4585)
	at org.hibernate.internal.SessionImpl.instantiate(SessionImpl.java:1485)
	at org.hibernate.sql.results.graph.entity.AbstractEntityInitializer.instantiateEntity(AbstractEntityInitializer.java:694)
	at org.hibernate.sql.results.graph.entity.AbstractEntityInitializer.resolveEntityInstance(AbstractEntityInitializer.java:687)
	at org.hibernate.sql.results.graph.entity.AbstractEntityInitializer.resolveInstance(AbstractEntityInitializer.java:637)
	at org.hibernate.sql.results.graph.entity.AbstractEntityInitializer.resolveEntityInstance(AbstractEntityInitializer.java:559)
	at org.hibernate.sql.results.graph.entity.AbstractEntityInitializer.resolveInstance(AbstractEntityInitializer.java:458)
	at org.hibernate.sql.results.internal.InitializersList.resolveInstances(InitializersList.java:97)
	at org.hibernate.sql.results.internal.StandardRowReader.coordinateInitializers(StandardRowReader.java:112)
	at org.hibernate.sql.results.internal.StandardRowReader.readRow(StandardRowReader.java:87)
	at org.hibernate.sql.results.spi.ListResultsConsumer.consume(ListResultsConsumer.java:205)
	at org.hibernate.sql.results.spi.ListResultsConsumer.consume(ListResultsConsumer.java:33)
	at org.hibernate.sql.exec.internal.JdbcSelectExecutorStandardImpl.doExecuteQuery(JdbcSelectExecutorStandardImpl.java:211)
	at org.hibernate.sql.exec.internal.JdbcSelectExecutorStandardImpl.executeQuery(JdbcSelectExecutorStandardImpl.java:83)
	at org.hibernate.sql.exec.spi.JdbcSelectExecutor.list(JdbcSelectExecutor.java:76)
	at org.hibernate.sql.exec.spi.JdbcSelectExecutor.list(JdbcSelectExecutor.java:65)
	at org.hibernate.query.sqm.internal.ConcreteSqmSelectQueryPlan.lambda$new$2(ConcreteSqmSelectQueryPlan.java:139)
	at org.hibernate.query.sqm.internal.ConcreteSqmSelectQueryPlan.withCacheableSqmInterpretation(ConcreteSqmSelectQueryPlan.java:382)
	at org.hibernate.query.sqm.internal.ConcreteSqmSelectQueryPlan.performList(ConcreteSqmSelectQueryPlan.java:302)
	at org.hibernate.query.sqm.internal.QuerySqmImpl.doList(QuerySqmImpl.java:526)
	at org.hibernate.query.spi.AbstractSelectionQuery.list(AbstractSelectionQuery.java:423)
	at org.hibernate.query.Query.getResultList(Query.java:120)
	at org.springframework.data.jpa.repository.support.SimpleJpaRepository.findAll(SimpleJpaRepository.java:387)
	at java.base/jdk.internal.reflect.NativeMethodAccessorImpl.invoke0(Native Method)
	at java.base/jdk.internal.reflect.NativeMethodAccessorImpl.invoke(NativeMethodAccessorImpl.java:77)
	at java.base/jdk.internal.reflect.DelegatingMethodAccessorImpl.invoke(DelegatingMethodAccessorImpl.java:43)
	at java.base/java.lang.reflect.Method.invoke(Method.java:568)
	at org.springframework.aop.support.AopUtils.invokeJoinpointUsingReflection(AopUtils.java:355)
	at org.springframework.data.repository.core.support.RepositoryMethodInvoker$RepositoryFragmentMethodInvoker.lambda$new$0(RepositoryMethodInvoker.java:277)
	at org.springframework.data.repository.core.support.RepositoryMethodInvoker.doInvoke(RepositoryMethodInvoker.java:170)
	at org.springframework.data.repository.core.support.RepositoryMethodInvoker.invoke(RepositoryMethodInvoker.java:158)
	at org.springframework.data.repository.core.support.RepositoryComposition$RepositoryFragments.invoke(RepositoryComposition.java:516)
	at org.springframework.data.repository.core.support.RepositoryComposition.invoke(RepositoryComposition.java:285)
	at org.springframework.data.repository.core.support.RepositoryFactorySupport$ImplementationMethodExecutionInterceptor.invoke(RepositoryFactorySupport.java:628)
	at org.springframework.aop.framework.ReflectiveMethodInvocation.proceed(ReflectiveMethodInvocation.java:184)
	at org.springframework.data.repository.core.support.QueryExecutorMethodInterceptor.doInvoke(QueryExecutorMethodInterceptor.java:173)
	at org.springframework.data.repository.core.support.QueryExecutorMethodInterceptor.invoke(QueryExecutorMethodInterceptor.java:148)
	at org.springframework.aop.framework.ReflectiveMethodInvocation.proceed(ReflectiveMethodInvocation.java:184)
	at org.springframework.data.projection.DefaultMethodInvokingMethodInterceptor.invoke(DefaultMethodInvokingMethodInterceptor.java:70)
	at org.springframework.aop.framework.ReflectiveMethodInvocation.proceed(ReflectiveMethodInvocation.java:184)
	at org.springframework.transaction.interceptor.TransactionAspectSupport.invokeWithinTransaction(TransactionAspectSupport.java:379)
	at org.springframework.transaction.interceptor.TransactionInterceptor.invoke(TransactionInterceptor.java:119)
	at org.springframework.aop.framework.ReflectiveMethodInvocation.proceed(ReflectiveMethodInvocation.java:184)
	at org.springframework.dao.support.PersistenceExceptionTranslationInterceptor.invoke(PersistenceExceptionTranslationInterceptor.java:138)
	at org.springframework.aop.framework.ReflectiveMethodInvocation.proceed(ReflectiveMethodInvocation.java:184)
	at org.springframework.data.jpa.repository.support.CrudMethodMetadataPostProcessor$CrudMethodMetadataPopulatingMethodInterceptor.invoke(CrudMethodMetadataPostProcessor.java:165)
	at org.springframework.aop.framework.ReflectiveMethodInvocation.proceed(ReflectiveMethodInvocation.java:184)
	at org.springframework.aop.interceptor.ExposeInvocationInterceptor.invoke(ExposeInvocationInterceptor.java:97)
	at org.springframework.aop.framework.ReflectiveMethodInvocation.proceed(ReflectiveMethodInvocation.java:184)
	at org.springframework.aop.framework.JdkDynamicAopProxy.invoke(JdkDynamicAopProxy.java:223)
	at jdk.proxy2/jdk.proxy2.$Proxy162.findAll(Unknown Source)
	at gov.la.webserver.review.service.impl.ReviewServiceImpl.getAllReviews(ReviewServiceImpl.java:22)
	at gov.la.webserver.review.controller.ReviewController.getAllReviews(ReviewController.java:55)
	at java.base/jdk.internal.reflect.NativeMethodAccessorImpl.invoke0(Native Method)
	at java.base/jdk.internal.reflect.NativeMethodAccessorImpl.invoke(NativeMethodAccessorImpl.java:77)
	at java.base/jdk.internal.reflect.DelegatingMethodAccessorImpl.invoke(DelegatingMethodAccessorImpl.java:43)
	at java.base/java.lang.reflect.Method.invoke(Method.java:568)
	at org.springframework.aop.support.AopUtils.invokeJoinpointUsingReflection(AopUtils.java:355)
	at org.springframework.aop.framework.CglibAopProxy$DynamicAdvisedInterceptor.intercept(CglibAopProxy.java:716)
	at gov.la.webserver.review.controller.ReviewController$$SpringCGLIB$$0.getAllReviews(<generated>)
	at java.base/jdk.internal.reflect.NativeMethodAccessorImpl.invoke0(Native Method)
	at java.base/jdk.internal.reflect.NativeMethodAccessorImpl.invoke(NativeMethodAccessorImpl.java:77)
	at java.base/jdk.internal.reflect.DelegatingMethodAccessorImpl.invoke(DelegatingMethodAccessorImpl.java:43)
	at java.base/java.lang.reflect.Method.invoke(Method.java:568)
	at org.springframework.web.method.support.InvocableHandlerMethod.doInvoke(InvocableHandlerMethod.java:255)
	at org.springframework.web.method.support.InvocableHandlerMethod.invokeForRequest(InvocableHandlerMethod.java:188)
	at org.springframework.web.servlet.mvc.method.annotation.ServletInvocableHandlerMethod.invokeAndHandle(ServletInvocableHandlerMethod.java:118)
	at org.springframework.web.servlet.mvc.method.annotation.RequestMappingHandlerAdapter.invokeHandlerMethod(RequestMappingHandlerAdapter.java:926)
	at org.springframework.web.servlet.mvc.method.annotation.RequestMappingHandlerAdapter.handleInternal(RequestMappingHandlerAdapter.java:831)
	at org.springframework.web.servlet.mvc.method.AbstractHandlerMethodAdapter.handle(AbstractHandlerMethodAdapter.java:87)
	at org.springframework.web.servlet.DispatcherServlet.doDispatch(DispatcherServlet.java:1089)
	at org.springframework.web.servlet.DispatcherServlet.doService(DispatcherServlet.java:979)
	at org.springframework.web.servlet.FrameworkServlet.processRequest(FrameworkServlet.java:1014)
	at org.springframework.web.servlet.FrameworkServlet.doGet(FrameworkServlet.java:903)
	at jakarta.servlet.http.HttpServlet.service(HttpServlet.java:564)
	at org.springframework.web.servlet.FrameworkServlet.service(FrameworkServlet.java:885)
	at jakarta.servlet.http.HttpServlet.service(HttpServlet.java:658)
	at org.apache.catalina.core.ApplicationFilterChain.internalDoFilter(ApplicationFilterChain.java:195)
	at org.apache.catalina.core.ApplicationFilterChain.doFilter(ApplicationFilterChain.java:140)
	at org.apache.tomcat.websocket.server.WsFilter.doFilter(WsFilter.java:51)
	at org.apache.catalina.core.ApplicationFilterChain.internalDoFilter(ApplicationFilterChain.java:164)
	at org.apache.catalina.core.ApplicationFilterChain.doFilter(ApplicationFilterChain.java:140)
	at org.springframework.web.filter.CompositeFilter$VirtualFilterChain.doFilter(CompositeFilter.java:108)
	at org.springframework.security.web.FilterChainProxy.lambda$doFilterInternal$3(FilterChainProxy.java:231)
	at org.springframework.security.web.ObservationFilterChainDecorator$FilterObservation$SimpleFilterObservation.lambda$wrap$1(ObservationFilterChainDecorator.java:479)
	at org.springframework.security.web.ObservationFilterChainDecorator$AroundFilterObservation$SimpleAroundFilterObservation.lambda$wrap$1(ObservationFilterChainDecorator.java:340)
	at org.springframework.security.web.ObservationFilterChainDecorator.lambda$wrapSecured$0(ObservationFilterChainDecorator.java:82)
	at org.springframework.security.web.ObservationFilterChainDecorator$VirtualFilterChain.doFilter(ObservationFilterChainDecorator.java:128)
	at org.springframework.security.web.access.intercept.AuthorizationFilter.doFilter(AuthorizationFilter.java:100)
	at org.springframework.security.web.ObservationFilterChainDecorator$ObservationFilter.wrapFilter(ObservationFilterChainDecorator.java:240)
	at org.springframework.security.web.ObservationFilterChainDecorator$ObservationFilter.doFilter(ObservationFilterChainDecorator.java:227)
	at org.springframework.security.web.ObservationFilterChainDecorator$VirtualFilterChain.doFilter(ObservationFilterChainDecorator.java:137)
	at org.springframework.security.web.access.ExceptionTranslationFilter.doFilter(ExceptionTranslationFilter.java:126)
	at org.springframework.security.web.access.ExceptionTranslationFilter.doFilter(ExceptionTranslationFilter.java:120)
	at org.springframework.security.web.ObservationFilterChainDecorator$ObservationFilter.wrapFilter(ObservationFilterChainDecorator.java:240)
	at org.springframework.security.web.ObservationFilterChainDecorator$ObservationFilter.doFilter(ObservationFilterChainDecorator.java:227)
	at org.springframework.security.web.ObservationFilterChainDecorator$VirtualFilterChain.doFilter(ObservationFilterChainDecorator.java:137)
	at org.springframework.security.web.authentication.AnonymousAuthenticationFilter.doFilter(AnonymousAuthenticationFilter.java:100)
	at org.springframework.security.web.ObservationFilterChainDecorator$ObservationFilter.wrapFilter(ObservationFilterChainDecorator.java:240)
	at org.springframework.security.web.ObservationFilterChainDecorator$ObservationFilter.doFilter(ObservationFilterChainDecorator.java:227)
	at org.springframework.security.web.ObservationFilterChainDecorator$VirtualFilterChain.doFilter(ObservationFilterChainDecorator.java:137)
	at org.springframework.security.web.servletapi.SecurityContextHolderAwareRequestFilter.doFilter(SecurityContextHolderAwareRequestFilter.java:179)
	at org.springframework.security.web.ObservationFilterChainDecorator$ObservationFilter.wrapFilter(ObservationFilterChainDecorator.java:240)
	at org.springframework.security.web.ObservationFilterChainDecorator$ObservationFilter.doFilter(ObservationFilterChainDecorator.java:227)
	at org.springframework.security.web.ObservationFilterChainDecorator$VirtualFilterChain.doFilter(ObservationFilterChainDecorator.java:137)
	at org.springframework.security.web.savedrequest.RequestCacheAwareFilter.doFilter(RequestCacheAwareFilter.java:63)
	at org.springframework.security.web.ObservationFilterChainDecorator$ObservationFilter.wrapFilter(ObservationFilterChainDecorator.java:240)
	at org.springframework.security.web.ObservationFilterChainDecorator$ObservationFilter.doFilter(ObservationFilterChainDecorator.java:227)
	at org.springframework.security.web.ObservationFilterChainDecorator$VirtualFilterChain.doFilter(ObservationFilterChainDecorator.java:137)
	at org.springframework.security.web.authentication.www.BasicAuthenticationFilter.doFilterInternal(BasicAuthenticationFilter.java:213)
	at org.springframework.web.filter.OncePerRequestFilter.doFilter(OncePerRequestFilter.java:116)
	at org.springframework.security.web.ObservationFilterChainDecorator$ObservationFilter.wrapFilter(ObservationFilterChainDecorator.java:240)
	at org.springframework.security.web.ObservationFilterChainDecorator$ObservationFilter.doFilter(ObservationFilterChainDecorator.java:227)
	at org.springframework.security.web.ObservationFilterChainDecorator$VirtualFilterChain.doFilter(ObservationFilterChainDecorator.java:137)
	at org.springframework.security.web.authentication.ui.DefaultLogoutPageGeneratingFilter.doFilterInternal(DefaultLogoutPageGeneratingFilter.java:58)
	at org.springframework.web.filter.OncePerRequestFilter.doFilter(OncePerRequestFilter.java:116)
	at org.springframework.security.web.ObservationFilterChainDecorator$ObservationFilter.wrapFilter(ObservationFilterChainDecorator.java:240)
	at org.springframework.security.web.ObservationFilterChainDecorator$ObservationFilter.doFilter(ObservationFilterChainDecorator.java:227)
	at org.springframework.security.web.ObservationFilterChainDecorator$VirtualFilterChain.doFilter(ObservationFilterChainDecorator.java:137)
	at org.springframework.security.web.authentication.ui.DefaultLoginPageGeneratingFilter.doFilter(DefaultLoginPageGeneratingFilter.java:189)
	at org.springframework.security.web.authentication.ui.DefaultLoginPageGeneratingFilter.doFilter(DefaultLoginPageGeneratingFilter.java:175)
	at org.springframework.security.web.ObservationFilterChainDecorator$ObservationFilter.wrapFilter(ObservationFilterChainDecorator.java:240)
	at org.springframework.security.web.ObservationFilterChainDecorator$ObservationFilter.doFilter(ObservationFilterChainDecorator.java:227)
	at org.springframework.security.web.ObservationFilterChainDecorator$VirtualFilterChain.doFilter(ObservationFilterChainDecorator.java:137)
	at org.springframework.security.web.authentication.AbstractAuthenticationProcessingFilter.doFilter(AbstractAuthenticationProcessingFilter.java:227)
	at org.springframework.security.web.authentication.AbstractAuthenticationProcessingFilter.doFilter(AbstractAuthenticationProcessingFilter.java:221)
	at org.springframework.security.web.ObservationFilterChainDecorator$ObservationFilter.wrapFilter(ObservationFilterChainDecorator.java:240)
	at org.springframework.security.web.ObservationFilterChainDecorator$ObservationFilter.doFilter(ObservationFilterChainDecorator.java:227)
	at org.springframework.security.web.ObservationFilterChainDecorator$VirtualFilterChain.doFilter(ObservationFilterChainDecorator.java:137)
	at org.springframework.security.web.authentication.logout.LogoutFilter.doFilter(LogoutFilter.java:107)
	at org.springframework.security.web.authentication.logout.LogoutFilter.doFilter(LogoutFilter.java:93)
	at org.springframework.security.web.ObservationFilterChainDecorator$ObservationFilter.wrapFilter(ObservationFilterChainDecorator.java:240)
	at org.springframework.security.web.ObservationFilterChainDecorator$ObservationFilter.doFilter(ObservationFilterChainDecorator.java:227)
	at org.springframework.security.web.ObservationFilterChainDecorator$VirtualFilterChain.doFilter(ObservationFilterChainDecorator.java:137)
	at org.springframework.security.web.header.HeaderWriterFilter.doHeadersAfter(HeaderWriterFilter.java:90)
	at org.springframework.security.web.header.HeaderWriterFilter.doFilterInternal(HeaderWriterFilter.java:75)
	at org.springframework.web.filter.OncePerRequestFilter.doFilter(OncePerRequestFilter.java:116)
	at org.springframework.security.web.ObservationFilterChainDecorator$ObservationFilter.wrapFilter(ObservationFilterChainDecorator.java:240)
	at org.springframework.security.web.ObservationFilterChainDecorator$ObservationFilter.doFilter(ObservationFilterChainDecorator.java:227)
	at org.springframework.security.web.ObservationFilterChainDecorator$VirtualFilterChain.doFilter(ObservationFilterChainDecorator.java:137)
	at org.springframework.security.web.context.SecurityContextHolderFilter.doFilter(SecurityContextHolderFilter.java:82)
	at org.springframework.security.web.context.SecurityContextHolderFilter.doFilter(SecurityContextHolderFilter.java:69)
	at org.springframework.security.web.ObservationFilterChainDecorator$ObservationFilter.wrapFilter(ObservationFilterChainDecorator.java:240)
	at org.springframework.security.web.ObservationFilterChainDecorator$ObservationFilter.doFilter(ObservationFilterChainDecorator.java:227)
	at org.springframework.security.web.ObservationFilterChainDecorator$VirtualFilterChain.doFilter(ObservationFilterChainDecorator.java:137)
	at org.springframework.security.web.context.request.async.WebAsyncManagerIntegrationFilter.doFilterInternal(WebAsyncManagerIntegrationFilter.java:62)
	at org.springframework.web.filter.OncePerRequestFilter.doFilter(OncePerRequestFilter.java:116)
	at org.springframework.security.web.ObservationFilterChainDecorator$ObservationFilter.wrapFilter(ObservationFilterChainDecorator.java:240)
	at org.springframework.security.web.ObservationFilterChainDecorator$ObservationFilter.doFilter(ObservationFilterChainDecorator.java:227)
	at org.springframework.security.web.ObservationFilterChainDecorator$VirtualFilterChain.doFilter(ObservationFilterChainDecorator.java:137)
	at org.springframework.security.web.session.DisableEncodeUrlFilter.doFilterInternal(DisableEncodeUrlFilter.java:42)
	at org.springframework.web.filter.OncePerRequestFilter.doFilter(OncePerRequestFilter.java:116)
	at org.springframework.security.web.ObservationFilterChainDecorator$ObservationFilter.wrapFilter(ObservationFilterChainDecorator.java:240)
	at org.springframework.security.web.ObservationFilterChainDecorator$AroundFilterObservation$SimpleAroundFilterObservation.lambda$wrap$0(ObservationFilterChainDecorator.java:323)
	at org.springframework.security.web.ObservationFilterChainDecorator$ObservationFilter.doFilter(ObservationFilterChainDecorator.java:224)
	at org.springframework.security.web.ObservationFilterChainDecorator$VirtualFilterChain.doFilter(ObservationFilterChainDecorator.java:137)
	at org.springframework.security.web.FilterChainProxy.doFilterInternal(FilterChainProxy.java:233)
	at org.springframework.security.web.FilterChainProxy.doFilter(FilterChainProxy.java:191)
	at org.springframework.web.filter.CompositeFilter$VirtualFilterChain.doFilter(CompositeFilter.java:113)
	at org.springframework.web.servlet.handler.HandlerMappingIntrospector.lambda$createCacheFilter$3(HandlerMappingIntrospector.java:195)
	at org.springframework.web.filter.CompositeFilter$VirtualFilterChain.doFilter(CompositeFilter.java:113)
	at org.springframework.web.filter.CompositeFilter.doFilter(CompositeFilter.java:74)
	at org.springframework.security.config.annotation.web.configuration.WebMvcSecurityConfiguration$CompositeFilterChainProxy.doFilter(WebMvcSecurityConfiguration.java:230)
	at org.springframework.web.filter.DelegatingFilterProxy.invokeDelegate(DelegatingFilterProxy.java:352)
	at org.springframework.web.filter.DelegatingFilterProxy.doFilter(DelegatingFilterProxy.java:268)
	at org.apache.catalina.core.ApplicationFilterChain.internalDoFilter(ApplicationFilterChain.java:164)
	at org.apache.catalina.core.ApplicationFilterChain.doFilter(ApplicationFilterChain.java:140)
	at org.springframework.web.filter.RequestContextFilter.doFilterInternal(RequestContextFilter.java:100)
	at org.springframework.web.filter.OncePerRequestFilter.doFilter(OncePerRequestFilter.java:116)
	at org.apache.catalina.core.ApplicationFilterChain.internalDoFilter(ApplicationFilterChain.java:164)
	at org.apache.catalina.core.ApplicationFilterChain.doFilter(ApplicationFilterChain.java:140)
	at org.springframework.web.filter.FormContentFilter.doFilterInternal(FormContentFilter.java:93)
	at org.springframework.web.filter.OncePerRequestFilter.doFilter(OncePerRequestFilter.java:116)
	at org.apache.catalina.core.ApplicationFilterChain.internalDoFilter(ApplicationFilterChain.java:164)
	at org.apache.catalina.core.ApplicationFilterChain.doFilter(ApplicationFilterChain.java:140)
	at org.springframework.web.filter.ServerHttpObservationFilter.doFilterInternal(ServerHttpObservationFilter.java:113)
	at org.springframework.web.filter.OncePerRequestFilter.doFilter(OncePerRequestFilter.java:116)
	at org.apache.catalina.core.ApplicationFilterChain.internalDoFilter(ApplicationFilterChain.java:164)
	at org.apache.catalina.core.ApplicationFilterChain.doFilter(ApplicationFilterChain.java:140)
	at org.springframework.web.filter.CharacterEncodingFilter.doFilterInternal(CharacterEncodingFilter.java:201)
	at org.springframework.web.filter.OncePerRequestFilter.doFilter(OncePerRequestFilter.java:116)
	at org.apache.catalina.core.ApplicationFilterChain.internalDoFilter(ApplicationFilterChain.java:164)
	at org.apache.catalina.core.ApplicationFilterChain.doFilter(ApplicationFilterChain.java:140)
	at org.apache.catalina.core.StandardWrapperValve.invoke(StandardWrapperValve.java:167)
	at org.apache.catalina.core.StandardContextValve.invoke(StandardContextValve.java:90)
	at org.apache.catalina.authenticator.AuthenticatorBase.invoke(AuthenticatorBase.java:483)
	at org.apache.catalina.core.StandardHostValve.invoke(StandardHostValve.java:115)
	at org.apache.catalina.valves.ErrorReportValve.invoke(ErrorReportValve.java:93)
	at org.apache.catalina.core.StandardEngineValve.invoke(StandardEngineValve.java:74)
	at org.apache.catalina.connector.CoyoteAdapter.service(CoyoteAdapter.java:344)
	at org.apache.coyote.http11.Http11Processor.service(Http11Processor.java:384)
	at org.apache.coyote.AbstractProcessorLight.process(AbstractProcessorLight.java:63)
	at org.apache.coyote.AbstractProtocol$ConnectionHandler.process(AbstractProtocol.java:905)
	at org.apache.tomcat.util.net.NioEndpoint$SocketProcessor.doRun(NioEndpoint.java:1741)
	at org.apache.tomcat.util.net.SocketProcessorBase.run(SocketProcessorBase.java:52)
	at org.apache.tomcat.util.threads.ThreadPoolExecutor.runWorker(ThreadPoolExecutor.java:1190)
	at org.apache.tomcat.util.threads.ThreadPoolExecutor$Worker.run(ThreadPoolExecutor.java:659)
	at org.apache.tomcat.util.threads.TaskThread$WrappingRunnable.run(TaskThread.java:63)
	at java.base/java.lang.Thread.run(Thread.java:842)
2024-10-14 14:39:10 [scheduling-1] INFO  g.l.w.u.s.UserChangeLogScheduler - call clearChangeLog
2024-10-14 14:39:10 [scheduling-1] INFO  g.l.w.u.s.UserChangeLogScheduler - clear Logs completed!! true
2024-10-14 14:39:11 [http-nio-5000-exec-7] ERROR o.a.c.c.C.[.[.[.[dispatcherServlet] - Servlet.service() for servlet [dispatcherServlet] in context with path [] threw exception [Request processing failed: org.springframework.orm.jpa.JpaSystemException: No default constructor for entity 'gov.la.webserver.review.entity.Review'] with root cause
org.hibernate.InstantiationException: No default constructor for entity 'gov.la.webserver.review.entity.Review'
	at org.hibernate.metamodel.internal.EntityInstantiatorPojoStandard.instantiate(EntityInstantiatorPojoStandard.java:93)
	at org.hibernate.persister.entity.AbstractEntityPersister.instantiate(AbstractEntityPersister.java:4585)
	at org.hibernate.internal.SessionImpl.instantiate(SessionImpl.java:1485)
	at org.hibernate.sql.results.graph.entity.AbstractEntityInitializer.instantiateEntity(AbstractEntityInitializer.java:694)
	at org.hibernate.sql.results.graph.entity.AbstractEntityInitializer.resolveEntityInstance(AbstractEntityInitializer.java:687)
	at org.hibernate.sql.results.graph.entity.AbstractEntityInitializer.resolveInstance(AbstractEntityInitializer.java:637)
	at org.hibernate.sql.results.graph.entity.AbstractEntityInitializer.resolveEntityInstance(AbstractEntityInitializer.java:559)
	at org.hibernate.sql.results.graph.entity.AbstractEntityInitializer.resolveInstance(AbstractEntityInitializer.java:458)
	at org.hibernate.sql.results.internal.InitializersList.resolveInstances(InitializersList.java:97)
	at org.hibernate.sql.results.internal.StandardRowReader.coordinateInitializers(StandardRowReader.java:112)
	at org.hibernate.sql.results.internal.StandardRowReader.readRow(StandardRowReader.java:87)
	at org.hibernate.sql.results.spi.ListResultsConsumer.consume(ListResultsConsumer.java:205)
	at org.hibernate.sql.results.spi.ListResultsConsumer.consume(ListResultsConsumer.java:33)
	at org.hibernate.sql.exec.internal.JdbcSelectExecutorStandardImpl.doExecuteQuery(JdbcSelectExecutorStandardImpl.java:211)
	at org.hibernate.sql.exec.internal.JdbcSelectExecutorStandardImpl.executeQuery(JdbcSelectExecutorStandardImpl.java:83)
	at org.hibernate.sql.exec.spi.JdbcSelectExecutor.list(JdbcSelectExecutor.java:76)
	at org.hibernate.sql.exec.spi.JdbcSelectExecutor.list(JdbcSelectExecutor.java:65)
	at org.hibernate.query.sqm.internal.ConcreteSqmSelectQueryPlan.lambda$new$2(ConcreteSqmSelectQueryPlan.java:139)
	at org.hibernate.query.sqm.internal.ConcreteSqmSelectQueryPlan.withCacheableSqmInterpretation(ConcreteSqmSelectQueryPlan.java:382)
	at org.hibernate.query.sqm.internal.ConcreteSqmSelectQueryPlan.performList(ConcreteSqmSelectQueryPlan.java:302)
	at org.hibernate.query.sqm.internal.QuerySqmImpl.doList(QuerySqmImpl.java:526)
	at org.hibernate.query.spi.AbstractSelectionQuery.list(AbstractSelectionQuery.java:423)
	at org.hibernate.query.Query.getResultList(Query.java:120)
	at org.springframework.data.jpa.repository.support.SimpleJpaRepository.findAll(SimpleJpaRepository.java:387)
	at java.base/jdk.internal.reflect.NativeMethodAccessorImpl.invoke0(Native Method)
	at java.base/jdk.internal.reflect.NativeMethodAccessorImpl.invoke(NativeMethodAccessorImpl.java:77)
	at java.base/jdk.internal.reflect.DelegatingMethodAccessorImpl.invoke(DelegatingMethodAccessorImpl.java:43)
	at java.base/java.lang.reflect.Method.invoke(Method.java:568)
	at org.springframework.aop.support.AopUtils.invokeJoinpointUsingReflection(AopUtils.java:355)
	at org.springframework.data.repository.core.support.RepositoryMethodInvoker$RepositoryFragmentMethodInvoker.lambda$new$0(RepositoryMethodInvoker.java:277)
	at org.springframework.data.repository.core.support.RepositoryMethodInvoker.doInvoke(RepositoryMethodInvoker.java:170)
	at org.springframework.data.repository.core.support.RepositoryMethodInvoker.invoke(RepositoryMethodInvoker.java:158)
	at org.springframework.data.repository.core.support.RepositoryComposition$RepositoryFragments.invoke(RepositoryComposition.java:516)
	at org.springframework.data.repository.core.support.RepositoryComposition.invoke(RepositoryComposition.java:285)
	at org.springframework.data.repository.core.support.RepositoryFactorySupport$ImplementationMethodExecutionInterceptor.invoke(RepositoryFactorySupport.java:628)
	at org.springframework.aop.framework.ReflectiveMethodInvocation.proceed(ReflectiveMethodInvocation.java:184)
	at org.springframework.data.repository.core.support.QueryExecutorMethodInterceptor.doInvoke(QueryExecutorMethodInterceptor.java:173)
	at org.springframework.data.repository.core.support.QueryExecutorMethodInterceptor.invoke(QueryExecutorMethodInterceptor.java:148)
	at org.springframework.aop.framework.ReflectiveMethodInvocation.proceed(ReflectiveMethodInvocation.java:184)
	at org.springframework.data.projection.DefaultMethodInvokingMethodInterceptor.invoke(DefaultMethodInvokingMethodInterceptor.java:70)
	at org.springframework.aop.framework.ReflectiveMethodInvocation.proceed(ReflectiveMethodInvocation.java:184)
	at org.springframework.transaction.interceptor.TransactionAspectSupport.invokeWithinTransaction(TransactionAspectSupport.java:379)
	at org.springframework.transaction.interceptor.TransactionInterceptor.invoke(TransactionInterceptor.java:119)
	at org.springframework.aop.framework.ReflectiveMethodInvocation.proceed(ReflectiveMethodInvocation.java:184)
	at org.springframework.dao.support.PersistenceExceptionTranslationInterceptor.invoke(PersistenceExceptionTranslationInterceptor.java:138)
	at org.springframework.aop.framework.ReflectiveMethodInvocation.proceed(ReflectiveMethodInvocation.java:184)
	at org.springframework.data.jpa.repository.support.CrudMethodMetadataPostProcessor$CrudMethodMetadataPopulatingMethodInterceptor.invoke(CrudMethodMetadataPostProcessor.java:165)
	at org.springframework.aop.framework.ReflectiveMethodInvocation.proceed(ReflectiveMethodInvocation.java:184)
	at org.springframework.aop.interceptor.ExposeInvocationInterceptor.invoke(ExposeInvocationInterceptor.java:97)
	at org.springframework.aop.framework.ReflectiveMethodInvocation.proceed(ReflectiveMethodInvocation.java:184)
	at org.springframework.aop.framework.JdkDynamicAopProxy.invoke(JdkDynamicAopProxy.java:223)
	at jdk.proxy2/jdk.proxy2.$Proxy162.findAll(Unknown Source)
	at gov.la.webserver.review.service.impl.ReviewServiceImpl.getAllReviews(ReviewServiceImpl.java:22)
	at gov.la.webserver.review.controller.ReviewController.getAllReviews(ReviewController.java:55)
	at java.base/jdk.internal.reflect.NativeMethodAccessorImpl.invoke0(Native Method)
	at java.base/jdk.internal.reflect.NativeMethodAccessorImpl.invoke(NativeMethodAccessorImpl.java:77)
	at java.base/jdk.internal.reflect.DelegatingMethodAccessorImpl.invoke(DelegatingMethodAccessorImpl.java:43)
	at java.base/java.lang.reflect.Method.invoke(Method.java:568)
	at org.springframework.aop.support.AopUtils.invokeJoinpointUsingReflection(AopUtils.java:355)
	at org.springframework.aop.framework.CglibAopProxy$DynamicAdvisedInterceptor.intercept(CglibAopProxy.java:716)
	at gov.la.webserver.review.controller.ReviewController$$SpringCGLIB$$0.getAllReviews(<generated>)
	at java.base/jdk.internal.reflect.NativeMethodAccessorImpl.invoke0(Native Method)
	at java.base/jdk.internal.reflect.NativeMethodAccessorImpl.invoke(NativeMethodAccessorImpl.java:77)
	at java.base/jdk.internal.reflect.DelegatingMethodAccessorImpl.invoke(DelegatingMethodAccessorImpl.java:43)
	at java.base/java.lang.reflect.Method.invoke(Method.java:568)
	at org.springframework.web.method.support.InvocableHandlerMethod.doInvoke(InvocableHandlerMethod.java:255)
	at org.springframework.web.method.support.InvocableHandlerMethod.invokeForRequest(InvocableHandlerMethod.java:188)
	at org.springframework.web.servlet.mvc.method.annotation.ServletInvocableHandlerMethod.invokeAndHandle(ServletInvocableHandlerMethod.java:118)
	at org.springframework.web.servlet.mvc.method.annotation.RequestMappingHandlerAdapter.invokeHandlerMethod(RequestMappingHandlerAdapter.java:926)
	at org.springframework.web.servlet.mvc.method.annotation.RequestMappingHandlerAdapter.handleInternal(RequestMappingHandlerAdapter.java:831)
	at org.springframework.web.servlet.mvc.method.AbstractHandlerMethodAdapter.handle(AbstractHandlerMethodAdapter.java:87)
	at org.springframework.web.servlet.DispatcherServlet.doDispatch(DispatcherServlet.java:1089)
	at org.springframework.web.servlet.DispatcherServlet.doService(DispatcherServlet.java:979)
	at org.springframework.web.servlet.FrameworkServlet.processRequest(FrameworkServlet.java:1014)
	at org.springframework.web.servlet.FrameworkServlet.doGet(FrameworkServlet.java:903)
	at jakarta.servlet.http.HttpServlet.service(HttpServlet.java:564)
	at org.springframework.web.servlet.FrameworkServlet.service(FrameworkServlet.java:885)
	at jakarta.servlet.http.HttpServlet.service(HttpServlet.java:658)
	at org.apache.catalina.core.ApplicationFilterChain.internalDoFilter(ApplicationFilterChain.java:195)
	at org.apache.catalina.core.ApplicationFilterChain.doFilter(ApplicationFilterChain.java:140)
	at org.apache.tomcat.websocket.server.WsFilter.doFilter(WsFilter.java:51)
	at org.apache.catalina.core.ApplicationFilterChain.internalDoFilter(ApplicationFilterChain.java:164)
	at org.apache.catalina.core.ApplicationFilterChain.doFilter(ApplicationFilterChain.java:140)
	at org.springframework.web.filter.CompositeFilter$VirtualFilterChain.doFilter(CompositeFilter.java:108)
	at org.springframework.security.web.FilterChainProxy.lambda$doFilterInternal$3(FilterChainProxy.java:231)
	at org.springframework.security.web.ObservationFilterChainDecorator$FilterObservation$SimpleFilterObservation.lambda$wrap$1(ObservationFilterChainDecorator.java:479)
	at org.springframework.security.web.ObservationFilterChainDecorator$AroundFilterObservation$SimpleAroundFilterObservation.lambda$wrap$1(ObservationFilterChainDecorator.java:340)
	at org.springframework.security.web.ObservationFilterChainDecorator.lambda$wrapSecured$0(ObservationFilterChainDecorator.java:82)
	at org.springframework.security.web.ObservationFilterChainDecorator$VirtualFilterChain.doFilter(ObservationFilterChainDecorator.java:128)
	at org.springframework.security.web.access.intercept.AuthorizationFilter.doFilter(AuthorizationFilter.java:100)
	at org.springframework.security.web.ObservationFilterChainDecorator$ObservationFilter.wrapFilter(ObservationFilterChainDecorator.java:240)
	at org.springframework.security.web.ObservationFilterChainDecorator$ObservationFilter.doFilter(ObservationFilterChainDecorator.java:227)
	at org.springframework.security.web.ObservationFilterChainDecorator$VirtualFilterChain.doFilter(ObservationFilterChainDecorator.java:137)
	at org.springframework.security.web.access.ExceptionTranslationFilter.doFilter(ExceptionTranslationFilter.java:126)
	at org.springframework.security.web.access.ExceptionTranslationFilter.doFilter(ExceptionTranslationFilter.java:120)
	at org.springframework.security.web.ObservationFilterChainDecorator$ObservationFilter.wrapFilter(ObservationFilterChainDecorator.java:240)
	at org.springframework.security.web.ObservationFilterChainDecorator$ObservationFilter.doFilter(ObservationFilterChainDecorator.java:227)
	at org.springframework.security.web.ObservationFilterChainDecorator$VirtualFilterChain.doFilter(ObservationFilterChainDecorator.java:137)
	at org.springframework.security.web.authentication.AnonymousAuthenticationFilter.doFilter(AnonymousAuthenticationFilter.java:100)
	at org.springframework.security.web.ObservationFilterChainDecorator$ObservationFilter.wrapFilter(ObservationFilterChainDecorator.java:240)
	at org.springframework.security.web.ObservationFilterChainDecorator$ObservationFilter.doFilter(ObservationFilterChainDecorator.java:227)
	at org.springframework.security.web.ObservationFilterChainDecorator$VirtualFilterChain.doFilter(ObservationFilterChainDecorator.java:137)
	at org.springframework.security.web.servletapi.SecurityContextHolderAwareRequestFilter.doFilter(SecurityContextHolderAwareRequestFilter.java:179)
	at org.springframework.security.web.ObservationFilterChainDecorator$ObservationFilter.wrapFilter(ObservationFilterChainDecorator.java:240)
	at org.springframework.security.web.ObservationFilterChainDecorator$ObservationFilter.doFilter(ObservationFilterChainDecorator.java:227)
	at org.springframework.security.web.ObservationFilterChainDecorator$VirtualFilterChain.doFilter(ObservationFilterChainDecorator.java:137)
	at org.springframework.security.web.savedrequest.RequestCacheAwareFilter.doFilter(RequestCacheAwareFilter.java:63)
	at org.springframework.security.web.ObservationFilterChainDecorator$ObservationFilter.wrapFilter(ObservationFilterChainDecorator.java:240)
	at org.springframework.security.web.ObservationFilterChainDecorator$ObservationFilter.doFilter(ObservationFilterChainDecorator.java:227)
	at org.springframework.security.web.ObservationFilterChainDecorator$VirtualFilterChain.doFilter(ObservationFilterChainDecorator.java:137)
	at org.springframework.security.web.authentication.www.BasicAuthenticationFilter.doFilterInternal(BasicAuthenticationFilter.java:213)
	at org.springframework.web.filter.OncePerRequestFilter.doFilter(OncePerRequestFilter.java:116)
	at org.springframework.security.web.ObservationFilterChainDecorator$ObservationFilter.wrapFilter(ObservationFilterChainDecorator.java:240)
	at org.springframework.security.web.ObservationFilterChainDecorator$ObservationFilter.doFilter(ObservationFilterChainDecorator.java:227)
	at org.springframework.security.web.ObservationFilterChainDecorator$VirtualFilterChain.doFilter(ObservationFilterChainDecorator.java:137)
	at org.springframework.security.web.authentication.ui.DefaultLogoutPageGeneratingFilter.doFilterInternal(DefaultLogoutPageGeneratingFilter.java:58)
	at org.springframework.web.filter.OncePerRequestFilter.doFilter(OncePerRequestFilter.java:116)
	at org.springframework.security.web.ObservationFilterChainDecorator$ObservationFilter.wrapFilter(ObservationFilterChainDecorator.java:240)
	at org.springframework.security.web.ObservationFilterChainDecorator$ObservationFilter.doFilter(ObservationFilterChainDecorator.java:227)
	at org.springframework.security.web.ObservationFilterChainDecorator$VirtualFilterChain.doFilter(ObservationFilterChainDecorator.java:137)
	at org.springframework.security.web.authentication.ui.DefaultLoginPageGeneratingFilter.doFilter(DefaultLoginPageGeneratingFilter.java:189)
	at org.springframework.security.web.authentication.ui.DefaultLoginPageGeneratingFilter.doFilter(DefaultLoginPageGeneratingFilter.java:175)
	at org.springframework.security.web.ObservationFilterChainDecorator$ObservationFilter.wrapFilter(ObservationFilterChainDecorator.java:240)
	at org.springframework.security.web.ObservationFilterChainDecorator$ObservationFilter.doFilter(ObservationFilterChainDecorator.java:227)
	at org.springframework.security.web.ObservationFilterChainDecorator$VirtualFilterChain.doFilter(ObservationFilterChainDecorator.java:137)
	at org.springframework.security.web.authentication.AbstractAuthenticationProcessingFilter.doFilter(AbstractAuthenticationProcessingFilter.java:227)
	at org.springframework.security.web.authentication.AbstractAuthenticationProcessingFilter.doFilter(AbstractAuthenticationProcessingFilter.java:221)
	at org.springframework.security.web.ObservationFilterChainDecorator$ObservationFilter.wrapFilter(ObservationFilterChainDecorator.java:240)
	at org.springframework.security.web.ObservationFilterChainDecorator$ObservationFilter.doFilter(ObservationFilterChainDecorator.java:227)
	at org.springframework.security.web.ObservationFilterChainDecorator$VirtualFilterChain.doFilter(ObservationFilterChainDecorator.java:137)
	at org.springframework.security.web.authentication.logout.LogoutFilter.doFilter(LogoutFilter.java:107)
	at org.springframework.security.web.authentication.logout.LogoutFilter.doFilter(LogoutFilter.java:93)
	at org.springframework.security.web.ObservationFilterChainDecorator$ObservationFilter.wrapFilter(ObservationFilterChainDecorator.java:240)
	at org.springframework.security.web.ObservationFilterChainDecorator$ObservationFilter.doFilter(ObservationFilterChainDecorator.java:227)
	at org.springframework.security.web.ObservationFilterChainDecorator$VirtualFilterChain.doFilter(ObservationFilterChainDecorator.java:137)
	at org.springframework.security.web.header.HeaderWriterFilter.doHeadersAfter(HeaderWriterFilter.java:90)
	at org.springframework.security.web.header.HeaderWriterFilter.doFilterInternal(HeaderWriterFilter.java:75)
	at org.springframework.web.filter.OncePerRequestFilter.doFilter(OncePerRequestFilter.java:116)
	at org.springframework.security.web.ObservationFilterChainDecorator$ObservationFilter.wrapFilter(ObservationFilterChainDecorator.java:240)
	at org.springframework.security.web.ObservationFilterChainDecorator$ObservationFilter.doFilter(ObservationFilterChainDecorator.java:227)
	at org.springframework.security.web.ObservationFilterChainDecorator$VirtualFilterChain.doFilter(ObservationFilterChainDecorator.java:137)
	at org.springframework.security.web.context.SecurityContextHolderFilter.doFilter(SecurityContextHolderFilter.java:82)
	at org.springframework.security.web.context.SecurityContextHolderFilter.doFilter(SecurityContextHolderFilter.java:69)
	at org.springframework.security.web.ObservationFilterChainDecorator$ObservationFilter.wrapFilter(ObservationFilterChainDecorator.java:240)
	at org.springframework.security.web.ObservationFilterChainDecorator$ObservationFilter.doFilter(ObservationFilterChainDecorator.java:227)
	at org.springframework.security.web.ObservationFilterChainDecorator$VirtualFilterChain.doFilter(ObservationFilterChainDecorator.java:137)
	at org.springframework.security.web.context.request.async.WebAsyncManagerIntegrationFilter.doFilterInternal(WebAsyncManagerIntegrationFilter.java:62)
	at org.springframework.web.filter.OncePerRequestFilter.doFilter(OncePerRequestFilter.java:116)
	at org.springframework.security.web.ObservationFilterChainDecorator$ObservationFilter.wrapFilter(ObservationFilterChainDecorator.java:240)
	at org.springframework.security.web.ObservationFilterChainDecorator$ObservationFilter.doFilter(ObservationFilterChainDecorator.java:227)
	at org.springframework.security.web.ObservationFilterChainDecorator$VirtualFilterChain.doFilter(ObservationFilterChainDecorator.java:137)
	at org.springframework.security.web.session.DisableEncodeUrlFilter.doFilterInternal(DisableEncodeUrlFilter.java:42)
	at org.springframework.web.filter.OncePerRequestFilter.doFilter(OncePerRequestFilter.java:116)
	at org.springframework.security.web.ObservationFilterChainDecorator$ObservationFilter.wrapFilter(ObservationFilterChainDecorator.java:240)
	at org.springframework.security.web.ObservationFilterChainDecorator$AroundFilterObservation$SimpleAroundFilterObservation.lambda$wrap$0(ObservationFilterChainDecorator.java:323)
	at org.springframework.security.web.ObservationFilterChainDecorator$ObservationFilter.doFilter(ObservationFilterChainDecorator.java:224)
	at org.springframework.security.web.ObservationFilterChainDecorator$VirtualFilterChain.doFilter(ObservationFilterChainDecorator.java:137)
	at org.springframework.security.web.FilterChainProxy.doFilterInternal(FilterChainProxy.java:233)
	at org.springframework.security.web.FilterChainProxy.doFilter(FilterChainProxy.java:191)
	at org.springframework.web.filter.CompositeFilter$VirtualFilterChain.doFilter(CompositeFilter.java:113)
	at org.springframework.web.servlet.handler.HandlerMappingIntrospector.lambda$createCacheFilter$3(HandlerMappingIntrospector.java:195)
	at org.springframework.web.filter.CompositeFilter$VirtualFilterChain.doFilter(CompositeFilter.java:113)
	at org.springframework.web.filter.CompositeFilter.doFilter(CompositeFilter.java:74)
	at org.springframework.security.config.annotation.web.configuration.WebMvcSecurityConfiguration$CompositeFilterChainProxy.doFilter(WebMvcSecurityConfiguration.java:230)
	at org.springframework.web.filter.DelegatingFilterProxy.invokeDelegate(DelegatingFilterProxy.java:352)
	at org.springframework.web.filter.DelegatingFilterProxy.doFilter(DelegatingFilterProxy.java:268)
	at org.apache.catalina.core.ApplicationFilterChain.internalDoFilter(ApplicationFilterChain.java:164)
	at org.apache.catalina.core.ApplicationFilterChain.doFilter(ApplicationFilterChain.java:140)
	at org.springframework.web.filter.RequestContextFilter.doFilterInternal(RequestContextFilter.java:100)
	at org.springframework.web.filter.OncePerRequestFilter.doFilter(OncePerRequestFilter.java:116)
	at org.apache.catalina.core.ApplicationFilterChain.internalDoFilter(ApplicationFilterChain.java:164)
	at org.apache.catalina.core.ApplicationFilterChain.doFilter(ApplicationFilterChain.java:140)
	at org.springframework.web.filter.FormContentFilter.doFilterInternal(FormContentFilter.java:93)
	at org.springframework.web.filter.OncePerRequestFilter.doFilter(OncePerRequestFilter.java:116)
	at org.apache.catalina.core.ApplicationFilterChain.internalDoFilter(ApplicationFilterChain.java:164)
	at org.apache.catalina.core.ApplicationFilterChain.doFilter(ApplicationFilterChain.java:140)
	at org.springframework.web.filter.ServerHttpObservationFilter.doFilterInternal(ServerHttpObservationFilter.java:113)
	at org.springframework.web.filter.OncePerRequestFilter.doFilter(OncePerRequestFilter.java:116)
	at org.apache.catalina.core.ApplicationFilterChain.internalDoFilter(ApplicationFilterChain.java:164)
	at org.apache.catalina.core.ApplicationFilterChain.doFilter(ApplicationFilterChain.java:140)
	at org.springframework.web.filter.CharacterEncodingFilter.doFilterInternal(CharacterEncodingFilter.java:201)
	at org.springframework.web.filter.OncePerRequestFilter.doFilter(OncePerRequestFilter.java:116)
	at org.apache.catalina.core.ApplicationFilterChain.internalDoFilter(ApplicationFilterChain.java:164)
	at org.apache.catalina.core.ApplicationFilterChain.doFilter(ApplicationFilterChain.java:140)
	at org.apache.catalina.core.StandardWrapperValve.invoke(StandardWrapperValve.java:167)
	at org.apache.catalina.core.StandardContextValve.invoke(StandardContextValve.java:90)
	at org.apache.catalina.authenticator.AuthenticatorBase.invoke(AuthenticatorBase.java:483)
	at org.apache.catalina.core.StandardHostValve.invoke(StandardHostValve.java:115)
	at org.apache.catalina.valves.ErrorReportValve.invoke(ErrorReportValve.java:93)
	at org.apache.catalina.core.StandardEngineValve.invoke(StandardEngineValve.java:74)
	at org.apache.catalina.connector.CoyoteAdapter.service(CoyoteAdapter.java:344)
	at org.apache.coyote.http11.Http11Processor.service(Http11Processor.java:384)
	at org.apache.coyote.AbstractProcessorLight.process(AbstractProcessorLight.java:63)
	at org.apache.coyote.AbstractProtocol$ConnectionHandler.process(AbstractProtocol.java:905)
	at org.apache.tomcat.util.net.NioEndpoint$SocketProcessor.doRun(NioEndpoint.java:1741)
	at org.apache.tomcat.util.net.SocketProcessorBase.run(SocketProcessorBase.java:52)
	at org.apache.tomcat.util.threads.ThreadPoolExecutor.runWorker(ThreadPoolExecutor.java:1190)
	at org.apache.tomcat.util.threads.ThreadPoolExecutor$Worker.run(ThreadPoolExecutor.java:659)
	at org.apache.tomcat.util.threads.TaskThread$WrappingRunnable.run(TaskThread.java:63)
	at java.base/java.lang.Thread.run(Thread.java:842)
2024-10-14 14:40:00 [scheduling-1] INFO  g.l.w.u.s.UserChangeLogScheduler - call checkChangeLog
2024-10-14 14:40:00 [scheduling-1] INFO  g.l.w.u.s.UserChangeLogScheduler - check log completed!!
2024-10-14 14:40:10 [scheduling-1] INFO  g.l.w.u.s.UserChangeLogScheduler - call clearChangeLog
2024-10-14 14:40:10 [scheduling-1] INFO  g.l.w.u.s.UserChangeLogScheduler - clear Logs completed!! true
2024-10-14 14:41:00 [scheduling-1] INFO  g.l.w.u.s.UserChangeLogScheduler - call checkChangeLog
2024-10-14 14:41:00 [scheduling-1] INFO  g.l.w.u.s.UserChangeLogScheduler - check log completed!!
2024-10-14 14:41:10 [scheduling-1] INFO  g.l.w.u.s.UserChangeLogScheduler - call clearChangeLog
2024-10-14 14:41:10 [scheduling-1] INFO  g.l.w.u.s.UserChangeLogScheduler - clear Logs completed!! true
2024-10-14 14:42:00 [scheduling-1] INFO  g.l.w.u.s.UserChangeLogScheduler - call checkChangeLog
2024-10-14 14:42:00 [scheduling-1] INFO  g.l.w.u.s.UserChangeLogScheduler - check log completed!!
2024-10-14 14:42:10 [scheduling-1] INFO  g.l.w.u.s.UserChangeLogScheduler - call clearChangeLog
2024-10-14 14:42:10 [scheduling-1] INFO  g.l.w.u.s.UserChangeLogScheduler - clear Logs completed!! true
2024-10-14 14:43:00 [scheduling-1] INFO  g.l.w.u.s.UserChangeLogScheduler - call checkChangeLog
2024-10-14 14:43:00 [scheduling-1] INFO  g.l.w.u.s.UserChangeLogScheduler - check log completed!!
2024-10-14 14:43:10 [scheduling-1] INFO  g.l.w.u.s.UserChangeLogScheduler - call clearChangeLog
2024-10-14 14:43:10 [scheduling-1] INFO  g.l.w.u.s.UserChangeLogScheduler - clear Logs completed!! true
2024-10-14 14:44:00 [scheduling-1] INFO  g.l.w.u.s.UserChangeLogScheduler - call checkChangeLog
2024-10-14 14:44:00 [scheduling-1] INFO  g.l.w.u.s.UserChangeLogScheduler - check log completed!!
2024-10-14 14:44:10 [scheduling-1] INFO  g.l.w.u.s.UserChangeLogScheduler - call clearChangeLog
2024-10-14 14:44:10 [scheduling-1] INFO  g.l.w.u.s.UserChangeLogScheduler - clear Logs completed!! true
2024-10-14 14:45:00 [scheduling-1] INFO  g.l.w.u.s.UserChangeLogScheduler - call checkChangeLog
2024-10-14 14:45:00 [scheduling-1] INFO  g.l.w.u.s.UserChangeLogScheduler - check log completed!!
2024-10-14 14:45:10 [scheduling-1] INFO  g.l.w.u.s.UserChangeLogScheduler - call clearChangeLog
2024-10-14 14:45:10 [scheduling-1] INFO  g.l.w.u.s.UserChangeLogScheduler - clear Logs completed!! true
2024-10-14 14:46:00 [scheduling-1] INFO  g.l.w.u.s.UserChangeLogScheduler - call checkChangeLog
2024-10-14 14:46:00 [scheduling-1] INFO  g.l.w.u.s.UserChangeLogScheduler - check log completed!!
2024-10-14 14:46:10 [scheduling-1] INFO  g.l.w.u.s.UserChangeLogScheduler - call clearChangeLog
2024-10-14 14:46:10 [scheduling-1] INFO  g.l.w.u.s.UserChangeLogScheduler - clear Logs completed!! true
2024-10-14 14:47:00 [scheduling-1] INFO  g.l.w.u.s.UserChangeLogScheduler - call checkChangeLog
2024-10-14 14:47:00 [scheduling-1] INFO  g.l.w.u.s.UserChangeLogScheduler - check log completed!!
2024-10-14 14:47:10 [scheduling-1] INFO  g.l.w.u.s.UserChangeLogScheduler - call clearChangeLog
2024-10-14 14:47:10 [scheduling-1] INFO  g.l.w.u.s.UserChangeLogScheduler - clear Logs completed!! true
2024-10-14 14:48:00 [scheduling-1] INFO  g.l.w.u.s.UserChangeLogScheduler - call checkChangeLog
2024-10-14 14:48:00 [scheduling-1] INFO  g.l.w.u.s.UserChangeLogScheduler - check log completed!!
2024-10-14 14:48:10 [scheduling-1] INFO  g.l.w.u.s.UserChangeLogScheduler - call clearChangeLog
2024-10-14 14:48:10 [scheduling-1] INFO  g.l.w.u.s.UserChangeLogScheduler - clear Logs completed!! true
2024-10-14 14:49:00 [scheduling-1] INFO  g.l.w.u.s.UserChangeLogScheduler - call checkChangeLog
2024-10-14 14:49:00 [scheduling-1] INFO  g.l.w.u.s.UserChangeLogScheduler - check log completed!!
2024-10-14 14:49:10 [scheduling-1] INFO  g.l.w.u.s.UserChangeLogScheduler - call clearChangeLog
2024-10-14 14:49:10 [scheduling-1] INFO  g.l.w.u.s.UserChangeLogScheduler - clear Logs completed!! true
2024-10-14 14:49:31 [HikariPool-1 housekeeper] WARN  com.zaxxer.hikari.pool.HikariPool - HikariPool-1 - Retrograde clock change detected (housekeeper delta=25s992ms), soft-evicting connections from pool.
2024-10-14 14:59:16 [scheduling-1] INFO  g.l.w.u.s.UserChangeLogScheduler - call checkChangeLog
2024-10-14 14:59:16 [scheduling-1] INFO  g.l.w.u.s.UserChangeLogScheduler - check log completed!!
2024-10-14 14:59:22 [HikariPool-1 housekeeper] WARN  com.zaxxer.hikari.pool.HikariPool - HikariPool-1 - Thread starvation or clock leap detected (housekeeper delta=9m50s873ms).
2024-10-14 14:59:27 [scheduling-1] INFO  g.l.w.u.s.UserChangeLogScheduler - call clearChangeLog
2024-10-14 14:59:27 [scheduling-1] INFO  g.l.w.u.s.UserChangeLogScheduler - clear Logs completed!! true
2024-10-14 15:09:17 [scheduling-1] INFO  g.l.w.u.s.UserChangeLogScheduler - call checkChangeLog
2024-10-14 15:09:17 [scheduling-1] INFO  g.l.w.u.s.UserChangeLogScheduler - check log completed!!
2024-10-14 15:09:39 [HikariPool-1 housekeeper] WARN  com.zaxxer.hikari.pool.HikariPool - HikariPool-1 - Thread starvation or clock leap detected (housekeeper delta=9m47s8ms).
2024-10-14 15:09:44 [scheduling-1] INFO  g.l.w.u.s.UserChangeLogScheduler - call clearChangeLog
2024-10-14 15:09:44 [scheduling-1] INFO  g.l.w.u.s.UserChangeLogScheduler - clear Logs completed!! true
2024-10-14 15:10:00 [scheduling-1] INFO  g.l.w.u.s.UserChangeLogScheduler - call checkChangeLog
2024-10-14 15:10:00 [scheduling-1] INFO  g.l.w.u.s.UserChangeLogScheduler - check log completed!!
2024-10-14 15:19:26 [HikariPool-1 housekeeper] WARN  com.zaxxer.hikari.pool.HikariPool - HikariPool-1 - Thread starvation or clock leap detected (housekeeper delta=9m46s878ms).
2024-10-14 15:20:01 [scheduling-1] INFO  g.l.w.u.s.UserChangeLogScheduler - call clearChangeLog
2024-10-14 15:20:01 [scheduling-1] INFO  g.l.w.u.s.UserChangeLogScheduler - clear Logs completed!! true
2024-10-14 15:22:55 [scheduling-1] INFO  g.l.w.u.s.UserChangeLogScheduler - call checkChangeLog
2024-10-14 15:22:55 [scheduling-1] INFO  g.l.w.u.s.UserChangeLogScheduler - check log completed!!
2024-10-14 15:23:00 [scheduling-1] INFO  g.l.w.u.s.UserChangeLogScheduler - call checkChangeLog
2024-10-14 15:23:00 [scheduling-1] INFO  g.l.w.u.s.UserChangeLogScheduler - check log completed!!
2024-10-14 15:23:04 [HikariPool-1 housekeeper] WARN  com.zaxxer.hikari.pool.HikariPool - HikariPool-1 - Thread starvation or clock leap detected (housekeeper delta=3m8s240ms).
2024-10-14 15:23:39 [scheduling-1] INFO  g.l.w.u.s.UserChangeLogScheduler - call clearChangeLog
2024-10-14 15:23:39 [scheduling-1] INFO  g.l.w.u.s.UserChangeLogScheduler - clear Logs completed!! true
2024-10-14 15:24:00 [scheduling-1] INFO  g.l.w.u.s.UserChangeLogScheduler - call checkChangeLog
2024-10-14 15:24:00 [scheduling-1] INFO  g.l.w.u.s.UserChangeLogScheduler - check log completed!!
2024-10-14 15:24:39 [scheduling-1] INFO  g.l.w.u.s.UserChangeLogScheduler - call clearChangeLog
2024-10-14 15:24:39 [scheduling-1] INFO  g.l.w.u.s.UserChangeLogScheduler - clear Logs completed!! true
2024-10-14 15:34:14 [scheduling-1] INFO  g.l.w.u.s.UserChangeLogScheduler - call checkChangeLog
2024-10-14 15:34:14 [scheduling-1] INFO  g.l.w.u.s.UserChangeLogScheduler - check log completed!!
2024-10-14 15:34:19 [HikariPool-1 housekeeper] WARN  com.zaxxer.hikari.pool.HikariPool - HikariPool-1 - Thread starvation or clock leap detected (housekeeper delta=9m44s785ms).
2024-10-14 15:44:05 [HikariPool-1 housekeeper] WARN  com.zaxxer.hikari.pool.HikariPool - HikariPool-1 - Thread starvation or clock leap detected (housekeeper delta=9m46s310ms).
2024-10-14 15:44:11 [scheduling-1] INFO  g.l.w.u.s.UserChangeLogScheduler - call clearChangeLog
2024-10-14 15:44:11 [scheduling-1] INFO  g.l.w.u.s.UserChangeLogScheduler - clear Logs completed!! true
2024-10-14 15:44:17 [scheduling-1] INFO  g.l.w.u.s.UserChangeLogScheduler - call checkChangeLog
2024-10-14 15:44:17 [scheduling-1] INFO  g.l.w.u.s.UserChangeLogScheduler - check log completed!!
2024-10-14 15:54:18 [scheduling-1] INFO  g.l.w.u.s.UserChangeLogScheduler - call checkChangeLog
2024-10-14 15:54:18 [scheduling-1] INFO  g.l.w.u.s.UserChangeLogScheduler - check log completed!!
2024-10-14 15:54:25 [HikariPool-1 housekeeper] WARN  com.zaxxer.hikari.pool.HikariPool - HikariPool-1 - Thread starvation or clock leap detected (housekeeper delta=9m48s862ms).
2024-10-14 15:54:30 [scheduling-1] INFO  g.l.w.u.s.UserChangeLogScheduler - call clearChangeLog
2024-10-14 15:54:30 [scheduling-1] INFO  g.l.w.u.s.UserChangeLogScheduler - clear Logs completed!! true
2024-10-14 15:55:00 [scheduling-1] INFO  g.l.w.u.s.UserChangeLogScheduler - call checkChangeLog
2024-10-14 15:55:00 [scheduling-1] INFO  g.l.w.u.s.UserChangeLogScheduler - check log completed!!
2024-10-14 16:04:42 [HikariPool-1 housekeeper] WARN  com.zaxxer.hikari.pool.HikariPool - HikariPool-1 - Thread starvation or clock leap detected (housekeeper delta=9m47s7ms).
2024-10-14 16:04:47 [scheduling-1] INFO  g.l.w.u.s.UserChangeLogScheduler - call clearChangeLog
2024-10-14 16:04:47 [scheduling-1] INFO  g.l.w.u.s.UserChangeLogScheduler - clear Logs completed!! true
2024-10-14 16:14:30 [HikariPool-1 housekeeper] WARN  com.zaxxer.hikari.pool.HikariPool - HikariPool-1 - Thread starvation or clock leap detected (housekeeper delta=9m47s754ms).
2024-10-14 16:14:33 [scheduling-1] INFO  g.l.w.u.s.UserChangeLogScheduler - call checkChangeLog
2024-10-14 16:14:33 [scheduling-1] INFO  g.l.w.u.s.UserChangeLogScheduler - check log completed!!
2024-10-14 16:14:59 [HikariPool-1 housekeeper] WARN  com.zaxxer.hikari.pool.HikariPool - HikariPool-1 - Retrograde clock change detected (housekeeper delta=29s756ms), soft-evicting connections from pool.
2024-10-14 16:15:00 [scheduling-1] INFO  g.l.w.u.s.UserChangeLogScheduler - call checkChangeLog
2024-10-14 16:15:00 [scheduling-1] WARN  o.h.e.jdbc.spi.SqlExceptionHelper - SQL Error: 42104, SQLState: 42S04
2024-10-14 16:15:00 [scheduling-1] ERROR o.h.e.jdbc.spi.SqlExceptionHelper - Table "USER_CHANGE_LOG" not found (this database is empty); SQL statement:
select ucl1_0.id,ucl1_0.after_field,ucl1_0.after_value,ucl1_0.before_field,ucl1_0.before_value,ucl1_0.create_time from user_change_log ucl1_0 [42104-224]
2024-10-14 16:15:00 [scheduling-1] ERROR o.s.s.s.TaskUtils$LoggingErrorHandler - Unexpected error occurred in scheduled task
org.springframework.dao.InvalidDataAccessResourceUsageException: could not prepare statement [Table "USER_CHANGE_LOG" not found (this database is empty); SQL statement:
select ucl1_0.id,ucl1_0.after_field,ucl1_0.after_value,ucl1_0.before_field,ucl1_0.before_value,ucl1_0.create_time from user_change_log ucl1_0 [42104-224]] [select ucl1_0.id,ucl1_0.after_field,ucl1_0.after_value,ucl1_0.before_field,ucl1_0.before_value,ucl1_0.create_time from user_change_log ucl1_0]; SQL [select ucl1_0.id,ucl1_0.after_field,ucl1_0.after_value,ucl1_0.before_field,ucl1_0.before_value,ucl1_0.create_time from user_change_log ucl1_0]
	at org.springframework.orm.jpa.vendor.HibernateJpaDialect.convertHibernateAccessException(HibernateJpaDialect.java:277)
	at org.springframework.orm.jpa.vendor.HibernateJpaDialect.translateExceptionIfPossible(HibernateJpaDialect.java:241)
	at org.springframework.orm.jpa.AbstractEntityManagerFactoryBean.translateExceptionIfPossible(AbstractEntityManagerFactoryBean.java:550)
	at org.springframework.dao.support.ChainedPersistenceExceptionTranslator.translateExceptionIfPossible(ChainedPersistenceExceptionTranslator.java:61)
	at org.springframework.dao.support.DataAccessUtils.translateIfNecessary(DataAccessUtils.java:335)
	at org.springframework.dao.support.PersistenceExceptionTranslationInterceptor.invoke(PersistenceExceptionTranslationInterceptor.java:160)
	at org.springframework.aop.framework.ReflectiveMethodInvocation.proceed(ReflectiveMethodInvocation.java:184)
	at org.springframework.data.jpa.repository.support.CrudMethodMetadataPostProcessor$CrudMethodMetadataPopulatingMethodInterceptor.invoke(CrudMethodMetadataPostProcessor.java:165)
	at org.springframework.aop.framework.ReflectiveMethodInvocation.proceed(ReflectiveMethodInvocation.java:184)
	at org.springframework.aop.interceptor.ExposeInvocationInterceptor.invoke(ExposeInvocationInterceptor.java:97)
	at org.springframework.aop.framework.ReflectiveMethodInvocation.proceed(ReflectiveMethodInvocation.java:184)
	at org.springframework.aop.framework.JdkDynamicAopProxy.invoke(JdkDynamicAopProxy.java:223)
	at jdk.proxy2/jdk.proxy2.$Proxy167.findAll(Unknown Source)
	at gov.la.webserver.user.service.impl.UserChangeLogServiceImpl.getAllUserChangeLog(UserChangeLogServiceImpl.java:66)
	at gov.la.webserver.user.scheduler.UserChangeLogScheduler.checkChangeLogs(UserChangeLogScheduler.java:31)
	at jdk.internal.reflect.GeneratedMethodAccessor41.invoke(Unknown Source)
	at java.base/jdk.internal.reflect.DelegatingMethodAccessorImpl.invoke(DelegatingMethodAccessorImpl.java:43)
	at java.base/java.lang.reflect.Method.invoke(Method.java:568)
	at org.springframework.scheduling.support.ScheduledMethodRunnable.runInternal(ScheduledMethodRunnable.java:130)
	at org.springframework.scheduling.support.ScheduledMethodRunnable.lambda$run$2(ScheduledMethodRunnable.java:124)
	at io.micrometer.observation.Observation.observe(Observation.java:499)
	at org.springframework.scheduling.support.ScheduledMethodRunnable.run(ScheduledMethodRunnable.java:124)
	at org.springframework.scheduling.support.DelegatingErrorHandlingRunnable.run(DelegatingErrorHandlingRunnable.java:54)
	at org.springframework.scheduling.concurrent.ReschedulingRunnable.run(ReschedulingRunnable.java:96)
	at java.base/java.util.concurrent.Executors$RunnableAdapter.call(Executors.java:539)
	at java.base/java.util.concurrent.FutureTask.run(FutureTask.java:264)
	at java.base/java.util.concurrent.ScheduledThreadPoolExecutor$ScheduledFutureTask.run(ScheduledThreadPoolExecutor.java:304)
	at java.base/java.util.concurrent.ThreadPoolExecutor.runWorker(ThreadPoolExecutor.java:1136)
	at java.base/java.util.concurrent.ThreadPoolExecutor$Worker.run(ThreadPoolExecutor.java:635)
	at java.base/java.lang.Thread.run(Thread.java:842)
Caused by: org.hibernate.exception.SQLGrammarException: could not prepare statement [Table "USER_CHANGE_LOG" not found (this database is empty); SQL statement:
select ucl1_0.id,ucl1_0.after_field,ucl1_0.after_value,ucl1_0.before_field,ucl1_0.before_value,ucl1_0.create_time from user_change_log ucl1_0 [42104-224]] [select ucl1_0.id,ucl1_0.after_field,ucl1_0.after_value,ucl1_0.before_field,ucl1_0.before_value,ucl1_0.create_time from user_change_log ucl1_0]
	at org.hibernate.exception.internal.SQLExceptionTypeDelegate.convert(SQLExceptionTypeDelegate.java:66)
	at org.hibernate.exception.internal.StandardSQLExceptionConverter.convert(StandardSQLExceptionConverter.java:58)
	at org.hibernate.engine.jdbc.spi.SqlExceptionHelper.convert(SqlExceptionHelper.java:108)
	at org.hibernate.engine.jdbc.internal.StatementPreparerImpl$StatementPreparationTemplate.prepareStatement(StatementPreparerImpl.java:194)
	at org.hibernate.engine.jdbc.internal.StatementPreparerImpl.prepareQueryStatement(StatementPreparerImpl.java:155)
	at org.hibernate.sql.exec.spi.JdbcSelectExecutor.lambda$list$0(JdbcSelectExecutor.java:85)
	at org.hibernate.sql.results.jdbc.internal.DeferredResultSetAccess.executeQuery(DeferredResultSetAccess.java:231)
	at org.hibernate.sql.results.jdbc.internal.DeferredResultSetAccess.getResultSet(DeferredResultSetAccess.java:167)
	at org.hibernate.sql.results.jdbc.internal.JdbcValuesResultSetImpl.advanceNext(JdbcValuesResultSetImpl.java:265)
	at org.hibernate.sql.results.jdbc.internal.JdbcValuesResultSetImpl.processNext(JdbcValuesResultSetImpl.java:145)
	at org.hibernate.sql.results.jdbc.internal.AbstractJdbcValues.next(AbstractJdbcValues.java:19)
	at org.hibernate.sql.results.internal.RowProcessingStateStandardImpl.next(RowProcessingStateStandardImpl.java:67)
	at org.hibernate.sql.results.spi.ListResultsConsumer.consume(ListResultsConsumer.java:204)
	at org.hibernate.sql.results.spi.ListResultsConsumer.consume(ListResultsConsumer.java:33)
	at org.hibernate.sql.exec.internal.JdbcSelectExecutorStandardImpl.doExecuteQuery(JdbcSelectExecutorStandardImpl.java:211)
	at org.hibernate.sql.exec.internal.JdbcSelectExecutorStandardImpl.executeQuery(JdbcSelectExecutorStandardImpl.java:83)
	at org.hibernate.sql.exec.spi.JdbcSelectExecutor.list(JdbcSelectExecutor.java:76)
	at org.hibernate.sql.exec.spi.JdbcSelectExecutor.list(JdbcSelectExecutor.java:65)
	at org.hibernate.query.sqm.internal.ConcreteSqmSelectQueryPlan.lambda$new$2(ConcreteSqmSelectQueryPlan.java:139)
	at org.hibernate.query.sqm.internal.ConcreteSqmSelectQueryPlan.withCacheableSqmInterpretation(ConcreteSqmSelectQueryPlan.java:382)
	at org.hibernate.query.sqm.internal.ConcreteSqmSelectQueryPlan.performList(ConcreteSqmSelectQueryPlan.java:302)
	at org.hibernate.query.sqm.internal.QuerySqmImpl.doList(QuerySqmImpl.java:526)
	at org.hibernate.query.spi.AbstractSelectionQuery.list(AbstractSelectionQuery.java:423)
	at org.hibernate.query.Query.getResultList(Query.java:120)
	at org.springframework.data.jpa.repository.support.SimpleJpaRepository.findAll(SimpleJpaRepository.java:387)
	at jdk.internal.reflect.GeneratedMethodAccessor38.invoke(Unknown Source)
	at java.base/jdk.internal.reflect.DelegatingMethodAccessorImpl.invoke(DelegatingMethodAccessorImpl.java:43)
	at java.base/java.lang.reflect.Method.invoke(Method.java:568)
	at org.springframework.aop.support.AopUtils.invokeJoinpointUsingReflection(AopUtils.java:355)
	at org.springframework.data.repository.core.support.RepositoryMethodInvoker$RepositoryFragmentMethodInvoker.lambda$new$0(RepositoryMethodInvoker.java:277)
	at org.springframework.data.repository.core.support.RepositoryMethodInvoker.doInvoke(RepositoryMethodInvoker.java:170)
	at org.springframework.data.repository.core.support.RepositoryMethodInvoker.invoke(RepositoryMethodInvoker.java:158)
	at org.springframework.data.repository.core.support.RepositoryComposition$RepositoryFragments.invoke(RepositoryComposition.java:516)
	at org.springframework.data.repository.core.support.RepositoryComposition.invoke(RepositoryComposition.java:285)
	at org.springframework.data.repository.core.support.RepositoryFactorySupport$ImplementationMethodExecutionInterceptor.invoke(RepositoryFactorySupport.java:628)
	at org.springframework.aop.framework.ReflectiveMethodInvocation.proceed(ReflectiveMethodInvocation.java:184)
	at org.springframework.data.repository.core.support.QueryExecutorMethodInterceptor.doInvoke(QueryExecutorMethodInterceptor.java:173)
	at org.springframework.data.repository.core.support.QueryExecutorMethodInterceptor.invoke(QueryExecutorMethodInterceptor.java:148)
	at org.springframework.aop.framework.ReflectiveMethodInvocation.proceed(ReflectiveMethodInvocation.java:184)
	at org.springframework.data.projection.DefaultMethodInvokingMethodInterceptor.invoke(DefaultMethodInvokingMethodInterceptor.java:70)
	at org.springframework.aop.framework.ReflectiveMethodInvocation.proceed(ReflectiveMethodInvocation.java:184)
	at org.springframework.transaction.interceptor.TransactionAspectSupport.invokeWithinTransaction(TransactionAspectSupport.java:379)
	at org.springframework.transaction.interceptor.TransactionInterceptor.invoke(TransactionInterceptor.java:119)
	at org.springframework.aop.framework.ReflectiveMethodInvocation.proceed(ReflectiveMethodInvocation.java:184)
	at org.springframework.dao.support.PersistenceExceptionTranslationInterceptor.invoke(PersistenceExceptionTranslationInterceptor.java:138)
	... 24 common frames omitted
Caused by: org.h2.jdbc.JdbcSQLSyntaxErrorException: Table "USER_CHANGE_LOG" not found (this database is empty); SQL statement:
select ucl1_0.id,ucl1_0.after_field,ucl1_0.after_value,ucl1_0.before_field,ucl1_0.before_value,ucl1_0.create_time from user_change_log ucl1_0 [42104-224]
	at org.h2.message.DbException.getJdbcSQLException(DbException.java:514)
	at org.h2.message.DbException.getJdbcSQLException(DbException.java:489)
	at org.h2.message.DbException.get(DbException.java:223)
	at org.h2.message.DbException.get(DbException.java:199)
	at org.h2.command.Parser.getTableOrViewNotFoundDbException(Parser.java:8051)
	at org.h2.command.Parser.getTableOrViewNotFoundDbException(Parser.java:8035)
	at org.h2.command.Parser.readTableOrView(Parser.java:8024)
	at org.h2.command.Parser.readTablePrimary(Parser.java:1788)
	at org.h2.command.Parser.readTableReference(Parser.java:2268)
	at org.h2.command.Parser.parseSelectFromPart(Parser.java:2718)
	at org.h2.command.Parser.parseSelect(Parser.java:2824)
	at org.h2.command.Parser.parseQueryPrimary(Parser.java:2708)
	at org.h2.command.Parser.parseQueryTerm(Parser.java:2564)
	at org.h2.command.Parser.parseQueryExpressionBody(Parser.java:2543)
	at org.h2.command.Parser.parseQueryExpressionBodyAndEndOfQuery(Parser.java:2536)
	at org.h2.command.Parser.parseQueryExpression(Parser.java:2529)
	at org.h2.command.Parser.parseQuery(Parser.java:2498)
	at org.h2.command.Parser.parsePrepared(Parser.java:627)
	at org.h2.command.Parser.parse(Parser.java:592)
	at org.h2.command.Parser.parse(Parser.java:564)
	at org.h2.command.Parser.prepareCommand(Parser.java:483)
	at org.h2.engine.SessionLocal.prepareLocal(SessionLocal.java:639)
	at org.h2.engine.SessionLocal.prepareCommand(SessionLocal.java:559)
	at org.h2.jdbc.JdbcConnection.prepareCommand(JdbcConnection.java:1166)
	at org.h2.jdbc.JdbcPreparedStatement.<init>(JdbcPreparedStatement.java:93)
	at org.h2.jdbc.JdbcConnection.prepareStatement(JdbcConnection.java:316)
	at com.zaxxer.hikari.pool.ProxyConnection.prepareStatement(ProxyConnection.java:328)
	at com.zaxxer.hikari.pool.HikariProxyConnection.prepareStatement(HikariProxyConnection.java)
	at org.hibernate.engine.jdbc.internal.StatementPreparerImpl$5.doPrepare(StatementPreparerImpl.java:153)
	at org.hibernate.engine.jdbc.internal.StatementPreparerImpl$StatementPreparationTemplate.prepareStatement(StatementPreparerImpl.java:183)
	... 65 common frames omitted
2024-10-14 16:15:04 [scheduling-1] INFO  g.l.w.u.s.UserChangeLogScheduler - call clearChangeLog
2024-10-14 16:15:04 [scheduling-1] WARN  o.h.e.jdbc.spi.SqlExceptionHelper - SQL Error: 42104, SQLState: 42S04
2024-10-14 16:15:04 [scheduling-1] ERROR o.h.e.jdbc.spi.SqlExceptionHelper - Table "USER_CHANGE_LOG" not found (this database is empty); SQL statement:
select ucl1_0.id,ucl1_0.after_field,ucl1_0.after_value,ucl1_0.before_field,ucl1_0.before_value,ucl1_0.create_time from user_change_log ucl1_0 [42104-224]
2024-10-14 16:15:04 [scheduling-1] ERROR o.s.s.s.TaskUtils$LoggingErrorHandler - Unexpected error occurred in scheduled task
org.springframework.dao.InvalidDataAccessResourceUsageException: could not prepare statement [Table "USER_CHANGE_LOG" not found (this database is empty); SQL statement:
select ucl1_0.id,ucl1_0.after_field,ucl1_0.after_value,ucl1_0.before_field,ucl1_0.before_value,ucl1_0.create_time from user_change_log ucl1_0 [42104-224]] [select ucl1_0.id,ucl1_0.after_field,ucl1_0.after_value,ucl1_0.before_field,ucl1_0.before_value,ucl1_0.create_time from user_change_log ucl1_0]; SQL [select ucl1_0.id,ucl1_0.after_field,ucl1_0.after_value,ucl1_0.before_field,ucl1_0.before_value,ucl1_0.create_time from user_change_log ucl1_0]
	at org.springframework.orm.jpa.vendor.HibernateJpaDialect.convertHibernateAccessException(HibernateJpaDialect.java:277)
	at org.springframework.orm.jpa.vendor.HibernateJpaDialect.translateExceptionIfPossible(HibernateJpaDialect.java:241)
	at org.springframework.orm.jpa.AbstractEntityManagerFactoryBean.translateExceptionIfPossible(AbstractEntityManagerFactoryBean.java:550)
	at org.springframework.dao.support.ChainedPersistenceExceptionTranslator.translateExceptionIfPossible(ChainedPersistenceExceptionTranslator.java:61)
	at org.springframework.dao.support.DataAccessUtils.translateIfNecessary(DataAccessUtils.java:335)
	at org.springframework.dao.support.PersistenceExceptionTranslationInterceptor.invoke(PersistenceExceptionTranslationInterceptor.java:160)
	at org.springframework.aop.framework.ReflectiveMethodInvocation.proceed(ReflectiveMethodInvocation.java:184)
	at org.springframework.data.jpa.repository.support.CrudMethodMetadataPostProcessor$CrudMethodMetadataPopulatingMethodInterceptor.invoke(CrudMethodMetadataPostProcessor.java:165)
	at org.springframework.aop.framework.ReflectiveMethodInvocation.proceed(ReflectiveMethodInvocation.java:184)
	at org.springframework.aop.interceptor.ExposeInvocationInterceptor.invoke(ExposeInvocationInterceptor.java:97)
	at org.springframework.aop.framework.ReflectiveMethodInvocation.proceed(ReflectiveMethodInvocation.java:184)
	at org.springframework.aop.framework.JdkDynamicAopProxy.invoke(JdkDynamicAopProxy.java:223)
	at jdk.proxy2/jdk.proxy2.$Proxy167.deleteAll(Unknown Source)
	at gov.la.webserver.user.service.impl.UserChangeLogServiceImpl.clearAllUserLogs(UserChangeLogServiceImpl.java:74)
	at gov.la.webserver.user.scheduler.UserChangeLogScheduler.clearChangeLogs(UserChangeLogScheduler.java:23)
	at jdk.internal.reflect.GeneratedMethodAccessor39.invoke(Unknown Source)
	at java.base/jdk.internal.reflect.DelegatingMethodAccessorImpl.invoke(DelegatingMethodAccessorImpl.java:43)
	at java.base/java.lang.reflect.Method.invoke(Method.java:568)
	at org.springframework.scheduling.support.ScheduledMethodRunnable.runInternal(ScheduledMethodRunnable.java:130)
	at org.springframework.scheduling.support.ScheduledMethodRunnable.lambda$run$2(ScheduledMethodRunnable.java:124)
	at io.micrometer.observation.Observation.observe(Observation.java:499)
	at org.springframework.scheduling.support.ScheduledMethodRunnable.run(ScheduledMethodRunnable.java:124)
	at org.springframework.scheduling.support.DelegatingErrorHandlingRunnable.run(DelegatingErrorHandlingRunnable.java:54)
	at java.base/java.util.concurrent.Executors$RunnableAdapter.call(Executors.java:539)
	at java.base/java.util.concurrent.FutureTask.runAndReset(FutureTask.java:305)
	at java.base/java.util.concurrent.ScheduledThreadPoolExecutor$ScheduledFutureTask.run(ScheduledThreadPoolExecutor.java:305)
	at java.base/java.util.concurrent.ThreadPoolExecutor.runWorker(ThreadPoolExecutor.java:1136)
	at java.base/java.util.concurrent.ThreadPoolExecutor$Worker.run(ThreadPoolExecutor.java:635)
	at java.base/java.lang.Thread.run(Thread.java:842)
Caused by: org.hibernate.exception.SQLGrammarException: could not prepare statement [Table "USER_CHANGE_LOG" not found (this database is empty); SQL statement:
select ucl1_0.id,ucl1_0.after_field,ucl1_0.after_value,ucl1_0.before_field,ucl1_0.before_value,ucl1_0.create_time from user_change_log ucl1_0 [42104-224]] [select ucl1_0.id,ucl1_0.after_field,ucl1_0.after_value,ucl1_0.before_field,ucl1_0.before_value,ucl1_0.create_time from user_change_log ucl1_0]
	at org.hibernate.exception.internal.SQLExceptionTypeDelegate.convert(SQLExceptionTypeDelegate.java:66)
	at org.hibernate.exception.internal.StandardSQLExceptionConverter.convert(StandardSQLExceptionConverter.java:58)
	at org.hibernate.engine.jdbc.spi.SqlExceptionHelper.convert(SqlExceptionHelper.java:108)
	at org.hibernate.engine.jdbc.internal.StatementPreparerImpl$StatementPreparationTemplate.prepareStatement(StatementPreparerImpl.java:194)
	at org.hibernate.engine.jdbc.internal.StatementPreparerImpl.prepareQueryStatement(StatementPreparerImpl.java:155)
	at org.hibernate.sql.exec.spi.JdbcSelectExecutor.lambda$list$0(JdbcSelectExecutor.java:85)
	at org.hibernate.sql.results.jdbc.internal.DeferredResultSetAccess.executeQuery(DeferredResultSetAccess.java:231)
	at org.hibernate.sql.results.jdbc.internal.DeferredResultSetAccess.getResultSet(DeferredResultSetAccess.java:167)
	at org.hibernate.sql.results.jdbc.internal.JdbcValuesResultSetImpl.advanceNext(JdbcValuesResultSetImpl.java:265)
	at org.hibernate.sql.results.jdbc.internal.JdbcValuesResultSetImpl.processNext(JdbcValuesResultSetImpl.java:145)
	at org.hibernate.sql.results.jdbc.internal.AbstractJdbcValues.next(AbstractJdbcValues.java:19)
	at org.hibernate.sql.results.internal.RowProcessingStateStandardImpl.next(RowProcessingStateStandardImpl.java:67)
	at org.hibernate.sql.results.spi.ListResultsConsumer.consume(ListResultsConsumer.java:204)
	at org.hibernate.sql.results.spi.ListResultsConsumer.consume(ListResultsConsumer.java:33)
	at org.hibernate.sql.exec.internal.JdbcSelectExecutorStandardImpl.doExecuteQuery(JdbcSelectExecutorStandardImpl.java:211)
	at org.hibernate.sql.exec.internal.JdbcSelectExecutorStandardImpl.executeQuery(JdbcSelectExecutorStandardImpl.java:83)
	at org.hibernate.sql.exec.spi.JdbcSelectExecutor.list(JdbcSelectExecutor.java:76)
	at org.hibernate.sql.exec.spi.JdbcSelectExecutor.list(JdbcSelectExecutor.java:65)
	at org.hibernate.query.sqm.internal.ConcreteSqmSelectQueryPlan.lambda$new$2(ConcreteSqmSelectQueryPlan.java:139)
	at org.hibernate.query.sqm.internal.ConcreteSqmSelectQueryPlan.withCacheableSqmInterpretation(ConcreteSqmSelectQueryPlan.java:382)
	at org.hibernate.query.sqm.internal.ConcreteSqmSelectQueryPlan.performList(ConcreteSqmSelectQueryPlan.java:302)
	at org.hibernate.query.sqm.internal.QuerySqmImpl.doList(QuerySqmImpl.java:526)
	at org.hibernate.query.spi.AbstractSelectionQuery.list(AbstractSelectionQuery.java:423)
	at org.hibernate.query.Query.getResultList(Query.java:120)
	at org.springframework.data.jpa.repository.support.SimpleJpaRepository.findAll(SimpleJpaRepository.java:387)
	at org.springframework.data.jpa.repository.support.SimpleJpaRepository.deleteAll(SimpleJpaRepository.java:286)
	at jdk.internal.reflect.GeneratedMethodAccessor40.invoke(Unknown Source)
	at java.base/jdk.internal.reflect.DelegatingMethodAccessorImpl.invoke(DelegatingMethodAccessorImpl.java:43)
	at java.base/java.lang.reflect.Method.invoke(Method.java:568)
	at org.springframework.aop.support.AopUtils.invokeJoinpointUsingReflection(AopUtils.java:355)
	at org.springframework.data.repository.core.support.RepositoryMethodInvoker$RepositoryFragmentMethodInvoker.lambda$new$0(RepositoryMethodInvoker.java:277)
	at org.springframework.data.repository.core.support.RepositoryMethodInvoker.doInvoke(RepositoryMethodInvoker.java:170)
	at org.springframework.data.repository.core.support.RepositoryMethodInvoker.invoke(RepositoryMethodInvoker.java:158)
	at org.springframework.data.repository.core.support.RepositoryComposition$RepositoryFragments.invoke(RepositoryComposition.java:516)
	at org.springframework.data.repository.core.support.RepositoryComposition.invoke(RepositoryComposition.java:285)
	at org.springframework.data.repository.core.support.RepositoryFactorySupport$ImplementationMethodExecutionInterceptor.invoke(RepositoryFactorySupport.java:628)
	at org.springframework.aop.framework.ReflectiveMethodInvocation.proceed(ReflectiveMethodInvocation.java:184)
	at org.springframework.data.repository.core.support.QueryExecutorMethodInterceptor.doInvoke(QueryExecutorMethodInterceptor.java:173)
	at org.springframework.data.repository.core.support.QueryExecutorMethodInterceptor.invoke(QueryExecutorMethodInterceptor.java:148)
	at org.springframework.aop.framework.ReflectiveMethodInvocation.proceed(ReflectiveMethodInvocation.java:184)
	at org.springframework.data.projection.DefaultMethodInvokingMethodInterceptor.invoke(DefaultMethodInvokingMethodInterceptor.java:70)
	at org.springframework.aop.framework.ReflectiveMethodInvocation.proceed(ReflectiveMethodInvocation.java:184)
	at org.springframework.transaction.interceptor.TransactionAspectSupport.invokeWithinTransaction(TransactionAspectSupport.java:379)
	at org.springframework.transaction.interceptor.TransactionInterceptor.invoke(TransactionInterceptor.java:119)
	at org.springframework.aop.framework.ReflectiveMethodInvocation.proceed(ReflectiveMethodInvocation.java:184)
	at org.springframework.dao.support.PersistenceExceptionTranslationInterceptor.invoke(PersistenceExceptionTranslationInterceptor.java:138)
	... 23 common frames omitted
Caused by: org.h2.jdbc.JdbcSQLSyntaxErrorException: Table "USER_CHANGE_LOG" not found (this database is empty); SQL statement:
select ucl1_0.id,ucl1_0.after_field,ucl1_0.after_value,ucl1_0.before_field,ucl1_0.before_value,ucl1_0.create_time from user_change_log ucl1_0 [42104-224]
	at org.h2.message.DbException.getJdbcSQLException(DbException.java:514)
	at org.h2.message.DbException.getJdbcSQLException(DbException.java:489)
	at org.h2.message.DbException.get(DbException.java:223)
	at org.h2.message.DbException.get(DbException.java:199)
	at org.h2.command.Parser.getTableOrViewNotFoundDbException(Parser.java:8051)
	at org.h2.command.Parser.getTableOrViewNotFoundDbException(Parser.java:8035)
	at org.h2.command.Parser.readTableOrView(Parser.java:8024)
	at org.h2.command.Parser.readTablePrimary(Parser.java:1788)
	at org.h2.command.Parser.readTableReference(Parser.java:2268)
	at org.h2.command.Parser.parseSelectFromPart(Parser.java:2718)
	at org.h2.command.Parser.parseSelect(Parser.java:2824)
	at org.h2.command.Parser.parseQueryPrimary(Parser.java:2708)
	at org.h2.command.Parser.parseQueryTerm(Parser.java:2564)
	at org.h2.command.Parser.parseQueryExpressionBody(Parser.java:2543)
	at org.h2.command.Parser.parseQueryExpressionBodyAndEndOfQuery(Parser.java:2536)
	at org.h2.command.Parser.parseQueryExpression(Parser.java:2529)
	at org.h2.command.Parser.parseQuery(Parser.java:2498)
	at org.h2.command.Parser.parsePrepared(Parser.java:627)
	at org.h2.command.Parser.parse(Parser.java:592)
	at org.h2.command.Parser.parse(Parser.java:564)
	at org.h2.command.Parser.prepareCommand(Parser.java:483)
	at org.h2.engine.SessionLocal.prepareLocal(SessionLocal.java:639)
	at org.h2.engine.SessionLocal.prepareCommand(SessionLocal.java:559)
	at org.h2.jdbc.JdbcConnection.prepareCommand(JdbcConnection.java:1166)
	at org.h2.jdbc.JdbcPreparedStatement.<init>(JdbcPreparedStatement.java:93)
	at org.h2.jdbc.JdbcConnection.prepareStatement(JdbcConnection.java:316)
	at com.zaxxer.hikari.pool.ProxyConnection.prepareStatement(ProxyConnection.java:328)
	at com.zaxxer.hikari.pool.HikariProxyConnection.prepareStatement(HikariProxyConnection.java)
	at org.hibernate.engine.jdbc.internal.StatementPreparerImpl$5.doPrepare(StatementPreparerImpl.java:153)
	at org.hibernate.engine.jdbc.internal.StatementPreparerImpl$StatementPreparationTemplate.prepareStatement(StatementPreparerImpl.java:183)
	... 65 common frames omitted
2024-10-14 16:22:58 [HikariPool-1 housekeeper] WARN  com.zaxxer.hikari.pool.HikariPool - HikariPool-1 - Thread starvation or clock leap detected (housekeeper delta=7m58s243ms).
2024-10-14 16:22:58 [http-nio-5000-exec-8] WARN  o.h.e.jdbc.spi.SqlExceptionHelper - SQL Error: 42104, SQLState: 42S04
2024-10-14 16:22:58 [http-nio-5000-exec-8] ERROR o.h.e.jdbc.spi.SqlExceptionHelper - Table "USERS_USER" not found (this database is empty); SQL statement:
select u1_0.id,u1_0.account_password,u1_0.account_username,u1_0.age,u1_0.name,u1_0.nick_name,u1_0.role from users_user u1_0 where u1_0.account_username=? [42104-224]
2024-10-14 16:23:17 [SpringApplicationShutdownHook] INFO  o.s.o.j.LocalContainerEntityManagerFactoryBean - Closing JPA EntityManagerFactory for persistence unit 'default'
2024-10-14 16:23:17 [SpringApplicationShutdownHook] INFO  com.zaxxer.hikari.HikariDataSource - HikariPool-1 - Shutdown initiated...
2024-10-14 16:23:17 [SpringApplicationShutdownHook] INFO  com.zaxxer.hikari.HikariDataSource - HikariPool-1 - Shutdown completed.
2024-10-14 16:23:23 [main] INFO  g.la.webserver.WebserverApplication - Starting WebserverApplication using Java 17.0.12 with PID 1915 (/Users/kmpc/webserver/build/classes/java/main started by kmpc in /Users/kmpc/webserver)
2024-10-14 16:23:23 [main] DEBUG g.la.webserver.WebserverApplication - Running with Spring Boot v3.3.4, Spring v6.1.13
2024-10-14 16:23:23 [main] INFO  g.la.webserver.WebserverApplication - No active profile set, falling back to 1 default profile: "default"
2024-10-14 16:23:25 [main] INFO  o.s.d.r.c.RepositoryConfigurationDelegate - Bootstrapping Spring Data JPA repositories in DEFAULT mode.
2024-10-14 16:23:26 [main] INFO  o.s.d.r.c.RepositoryConfigurationDelegate - Finished Spring Data repository scanning in 347 ms. Found 4 JPA repository interfaces.
2024-10-14 16:23:27 [main] INFO  o.s.b.w.e.tomcat.TomcatWebServer - Tomcat initialized with port 5000 (http)
2024-10-14 16:23:27 [main] INFO  o.a.coyote.http11.Http11NioProtocol - Initializing ProtocolHandler ["http-nio-5000"]
2024-10-14 16:23:27 [main] INFO  o.a.catalina.core.StandardService - Starting service [Tomcat]
2024-10-14 16:23:27 [main] INFO  o.a.catalina.core.StandardEngine - Starting Servlet engine: [Apache Tomcat/10.1.30]
2024-10-14 16:23:27 [main] INFO  o.a.c.c.C.[Tomcat].[localhost].[/] - Initializing Spring embedded WebApplicationContext
2024-10-14 16:23:27 [main] INFO  o.s.b.w.s.c.ServletWebServerApplicationContext - Root WebApplicationContext: initialization completed in 3878 ms
2024-10-14 16:23:28 [main] INFO  com.zaxxer.hikari.HikariDataSource - HikariPool-1 - Starting...
2024-10-14 16:23:28 [main] INFO  com.zaxxer.hikari.pool.HikariPool - HikariPool-1 - Added connection conn0: url=jdbc:h2:mem:test user=SA
2024-10-14 16:23:28 [main] INFO  com.zaxxer.hikari.HikariDataSource - HikariPool-1 - Start completed.
2024-10-14 16:23:28 [main] INFO  o.s.b.a.h.H2ConsoleAutoConfiguration - H2 console available at '/h2-console'. Database available at 'jdbc:h2:mem:test'
2024-10-14 16:23:28 [main] INFO  o.h.jpa.internal.util.LogHelper - HHH000204: Processing PersistenceUnitInfo [name: default]
2024-10-14 16:23:29 [main] INFO  org.hibernate.Version - HHH000412: Hibernate ORM core version 6.5.3.Final
2024-10-14 16:23:29 [main] INFO  o.h.c.i.RegionFactoryInitiator - HHH000026: Second-level cache disabled
2024-10-14 16:23:29 [main] INFO  o.s.o.j.p.SpringPersistenceUnitInfo - No LoadTimeWeaver setup: ignoring JPA class transformer
2024-10-14 16:23:30 [main] WARN  org.hibernate.orm.deprecation - HHH90000025: H2Dialect does not need to be specified explicitly using 'hibernate.dialect' (remove the property setting and it will be selected by default)
2024-10-14 16:23:31 [main] INFO  o.h.m.i.EntityInstantiatorPojoStandard - HHH000182: No default (no-argument) constructor for class: gov.la.webserver.review.entity.Review (class must be instantiated by Interceptor)
2024-10-14 16:23:31 [main] INFO  o.h.e.t.j.p.i.JtaPlatformInitiator - HHH000489: No JTA platform available (set 'hibernate.transaction.jta.platform' to enable JTA platform integration)
2024-10-14 16:23:31 [main] INFO  o.s.o.j.LocalContainerEntityManagerFactoryBean - Initialized JPA EntityManagerFactory for persistence unit 'default'
2024-10-14 16:23:32 [main] INFO  o.s.s.c.a.a.c.InitializeUserDetailsBeanManagerConfigurer$InitializeUserDetailsManagerConfigurer - Global AuthenticationManager configured with UserDetailsService bean with name userLoginService
2024-10-14 16:23:33 [main] INFO  o.s.b.a.w.s.WelcomePageHandlerMapping - Adding welcome page template: index
2024-10-14 16:23:33 [main] INFO  o.s.b.a.e.web.EndpointLinksResolver - Exposing 15 endpoints beneath base path '/actuator'
2024-10-14 16:23:35 [main] INFO  o.a.coyote.http11.Http11NioProtocol - Starting ProtocolHandler ["http-nio-5000"]
2024-10-14 16:23:35 [main] INFO  o.s.b.w.e.tomcat.TomcatWebServer - Tomcat started on port 5000 (http) with context path '/'
2024-10-14 16:23:35 [main] INFO  g.la.webserver.WebserverApplication - Started WebserverApplication in 12.811 seconds (process running for 13.6)
2024-10-14 16:23:35 [scheduling-1] INFO  g.l.w.u.s.UserChangeLogScheduler - call clearChangeLog
2024-10-14 16:23:35 [scheduling-1] INFO  g.l.w.u.s.UserChangeLogScheduler - clear Logs completed!! true
2024-10-14 16:23:40 [registrationTask1] WARN  d.c.b.a.c.r.ApplicationRegistrator - Failed to register application as Application(name=spring-boot-application, managementUrl=http://192.168.0.107:5000/actuator, healthUrl=http://192.168.0.107:5000/actuator/health, serviceUrl=http://192.168.0.107:5000/) at spring-boot-admin ([http://localhost:8000/instances]): I/O error on POST request for "http://localhost:8000/instances": Connection refused. Further attempts are logged on DEBUG level
2024-10-14 16:23:43 [http-nio-5000-exec-2] INFO  o.a.c.c.C.[Tomcat].[localhost].[/] - Initializing Spring DispatcherServlet 'dispatcherServlet'
2024-10-14 16:23:43 [http-nio-5000-exec-2] INFO  o.s.web.servlet.DispatcherServlet - Initializing Servlet 'dispatcherServlet'
2024-10-14 16:23:43 [http-nio-5000-exec-2] INFO  o.s.web.servlet.DispatcherServlet - Completed initialization in 2 ms
2024-10-14 16:23:44 [http-nio-5000-exec-2] ERROR o.a.c.c.C.[.[.[.[dispatcherServlet] - Servlet.service() for servlet [dispatcherServlet] in context with path [] threw exception [Request processing failed: org.springframework.orm.jpa.JpaSystemException: No default constructor for entity 'gov.la.webserver.review.entity.Review'] with root cause
org.hibernate.InstantiationException: No default constructor for entity 'gov.la.webserver.review.entity.Review'
	at org.hibernate.metamodel.internal.EntityInstantiatorPojoStandard.instantiate(EntityInstantiatorPojoStandard.java:93)
	at org.hibernate.persister.entity.AbstractEntityPersister.instantiate(AbstractEntityPersister.java:4585)
	at org.hibernate.internal.SessionImpl.instantiate(SessionImpl.java:1485)
	at org.hibernate.sql.results.graph.entity.AbstractEntityInitializer.instantiateEntity(AbstractEntityInitializer.java:694)
	at org.hibernate.sql.results.graph.entity.AbstractEntityInitializer.resolveEntityInstance(AbstractEntityInitializer.java:687)
	at org.hibernate.sql.results.graph.entity.AbstractEntityInitializer.resolveInstance(AbstractEntityInitializer.java:637)
	at org.hibernate.sql.results.graph.entity.AbstractEntityInitializer.resolveEntityInstance(AbstractEntityInitializer.java:559)
	at org.hibernate.sql.results.graph.entity.AbstractEntityInitializer.resolveInstance(AbstractEntityInitializer.java:458)
	at org.hibernate.sql.results.internal.InitializersList.resolveInstances(InitializersList.java:97)
	at org.hibernate.sql.results.internal.StandardRowReader.coordinateInitializers(StandardRowReader.java:112)
	at org.hibernate.sql.results.internal.StandardRowReader.readRow(StandardRowReader.java:87)
	at org.hibernate.sql.results.spi.ListResultsConsumer.consume(ListResultsConsumer.java:205)
	at org.hibernate.sql.results.spi.ListResultsConsumer.consume(ListResultsConsumer.java:33)
	at org.hibernate.sql.exec.internal.JdbcSelectExecutorStandardImpl.doExecuteQuery(JdbcSelectExecutorStandardImpl.java:211)
	at org.hibernate.sql.exec.internal.JdbcSelectExecutorStandardImpl.executeQuery(JdbcSelectExecutorStandardImpl.java:83)
	at org.hibernate.sql.exec.spi.JdbcSelectExecutor.list(JdbcSelectExecutor.java:76)
	at org.hibernate.sql.exec.spi.JdbcSelectExecutor.list(JdbcSelectExecutor.java:65)
	at org.hibernate.query.sqm.internal.ConcreteSqmSelectQueryPlan.lambda$new$2(ConcreteSqmSelectQueryPlan.java:139)
	at org.hibernate.query.sqm.internal.ConcreteSqmSelectQueryPlan.withCacheableSqmInterpretation(ConcreteSqmSelectQueryPlan.java:382)
	at org.hibernate.query.sqm.internal.ConcreteSqmSelectQueryPlan.performList(ConcreteSqmSelectQueryPlan.java:302)
	at org.hibernate.query.sqm.internal.QuerySqmImpl.doList(QuerySqmImpl.java:526)
	at org.hibernate.query.spi.AbstractSelectionQuery.list(AbstractSelectionQuery.java:423)
	at org.hibernate.query.Query.getResultList(Query.java:120)
	at org.springframework.data.jpa.repository.support.SimpleJpaRepository.findAll(SimpleJpaRepository.java:387)
	at java.base/jdk.internal.reflect.NativeMethodAccessorImpl.invoke0(Native Method)
	at java.base/jdk.internal.reflect.NativeMethodAccessorImpl.invoke(NativeMethodAccessorImpl.java:77)
	at java.base/jdk.internal.reflect.DelegatingMethodAccessorImpl.invoke(DelegatingMethodAccessorImpl.java:43)
	at java.base/java.lang.reflect.Method.invoke(Method.java:568)
	at org.springframework.aop.support.AopUtils.invokeJoinpointUsingReflection(AopUtils.java:355)
	at org.springframework.data.repository.core.support.RepositoryMethodInvoker$RepositoryFragmentMethodInvoker.lambda$new$0(RepositoryMethodInvoker.java:277)
	at org.springframework.data.repository.core.support.RepositoryMethodInvoker.doInvoke(RepositoryMethodInvoker.java:170)
	at org.springframework.data.repository.core.support.RepositoryMethodInvoker.invoke(RepositoryMethodInvoker.java:158)
	at org.springframework.data.repository.core.support.RepositoryComposition$RepositoryFragments.invoke(RepositoryComposition.java:516)
	at org.springframework.data.repository.core.support.RepositoryComposition.invoke(RepositoryComposition.java:285)
	at org.springframework.data.repository.core.support.RepositoryFactorySupport$ImplementationMethodExecutionInterceptor.invoke(RepositoryFactorySupport.java:628)
	at org.springframework.aop.framework.ReflectiveMethodInvocation.proceed(ReflectiveMethodInvocation.java:184)
	at org.springframework.data.repository.core.support.QueryExecutorMethodInterceptor.doInvoke(QueryExecutorMethodInterceptor.java:173)
	at org.springframework.data.repository.core.support.QueryExecutorMethodInterceptor.invoke(QueryExecutorMethodInterceptor.java:148)
	at org.springframework.aop.framework.ReflectiveMethodInvocation.proceed(ReflectiveMethodInvocation.java:184)
	at org.springframework.data.projection.DefaultMethodInvokingMethodInterceptor.invoke(DefaultMethodInvokingMethodInterceptor.java:70)
	at org.springframework.aop.framework.ReflectiveMethodInvocation.proceed(ReflectiveMethodInvocation.java:184)
	at org.springframework.transaction.interceptor.TransactionAspectSupport.invokeWithinTransaction(TransactionAspectSupport.java:379)
	at org.springframework.transaction.interceptor.TransactionInterceptor.invoke(TransactionInterceptor.java:119)
	at org.springframework.aop.framework.ReflectiveMethodInvocation.proceed(ReflectiveMethodInvocation.java:184)
	at org.springframework.dao.support.PersistenceExceptionTranslationInterceptor.invoke(PersistenceExceptionTranslationInterceptor.java:138)
	at org.springframework.aop.framework.ReflectiveMethodInvocation.proceed(ReflectiveMethodInvocation.java:184)
	at org.springframework.data.jpa.repository.support.CrudMethodMetadataPostProcessor$CrudMethodMetadataPopulatingMethodInterceptor.invoke(CrudMethodMetadataPostProcessor.java:165)
	at org.springframework.aop.framework.ReflectiveMethodInvocation.proceed(ReflectiveMethodInvocation.java:184)
	at org.springframework.aop.interceptor.ExposeInvocationInterceptor.invoke(ExposeInvocationInterceptor.java:97)
	at org.springframework.aop.framework.ReflectiveMethodInvocation.proceed(ReflectiveMethodInvocation.java:184)
	at org.springframework.aop.framework.JdkDynamicAopProxy.invoke(JdkDynamicAopProxy.java:223)
	at jdk.proxy2/jdk.proxy2.$Proxy162.findAll(Unknown Source)
	at gov.la.webserver.review.service.impl.ReviewServiceImpl.getAllReviews(ReviewServiceImpl.java:22)
	at gov.la.webserver.review.controller.ReviewController.getAllReviews(ReviewController.java:55)
	at java.base/jdk.internal.reflect.NativeMethodAccessorImpl.invoke0(Native Method)
	at java.base/jdk.internal.reflect.NativeMethodAccessorImpl.invoke(NativeMethodAccessorImpl.java:77)
	at java.base/jdk.internal.reflect.DelegatingMethodAccessorImpl.invoke(DelegatingMethodAccessorImpl.java:43)
	at java.base/java.lang.reflect.Method.invoke(Method.java:568)
	at org.springframework.aop.support.AopUtils.invokeJoinpointUsingReflection(AopUtils.java:355)
	at org.springframework.aop.framework.CglibAopProxy$DynamicAdvisedInterceptor.intercept(CglibAopProxy.java:716)
	at gov.la.webserver.review.controller.ReviewController$$SpringCGLIB$$0.getAllReviews(<generated>)
	at java.base/jdk.internal.reflect.NativeMethodAccessorImpl.invoke0(Native Method)
	at java.base/jdk.internal.reflect.NativeMethodAccessorImpl.invoke(NativeMethodAccessorImpl.java:77)
	at java.base/jdk.internal.reflect.DelegatingMethodAccessorImpl.invoke(DelegatingMethodAccessorImpl.java:43)
	at java.base/java.lang.reflect.Method.invoke(Method.java:568)
	at org.springframework.web.method.support.InvocableHandlerMethod.doInvoke(InvocableHandlerMethod.java:255)
	at org.springframework.web.method.support.InvocableHandlerMethod.invokeForRequest(InvocableHandlerMethod.java:188)
	at org.springframework.web.servlet.mvc.method.annotation.ServletInvocableHandlerMethod.invokeAndHandle(ServletInvocableHandlerMethod.java:118)
	at org.springframework.web.servlet.mvc.method.annotation.RequestMappingHandlerAdapter.invokeHandlerMethod(RequestMappingHandlerAdapter.java:926)
	at org.springframework.web.servlet.mvc.method.annotation.RequestMappingHandlerAdapter.handleInternal(RequestMappingHandlerAdapter.java:831)
	at org.springframework.web.servlet.mvc.method.AbstractHandlerMethodAdapter.handle(AbstractHandlerMethodAdapter.java:87)
	at org.springframework.web.servlet.DispatcherServlet.doDispatch(DispatcherServlet.java:1089)
	at org.springframework.web.servlet.DispatcherServlet.doService(DispatcherServlet.java:979)
	at org.springframework.web.servlet.FrameworkServlet.processRequest(FrameworkServlet.java:1014)
	at org.springframework.web.servlet.FrameworkServlet.doGet(FrameworkServlet.java:903)
	at jakarta.servlet.http.HttpServlet.service(HttpServlet.java:564)
	at org.springframework.web.servlet.FrameworkServlet.service(FrameworkServlet.java:885)
	at jakarta.servlet.http.HttpServlet.service(HttpServlet.java:658)
	at org.apache.catalina.core.ApplicationFilterChain.internalDoFilter(ApplicationFilterChain.java:195)
	at org.apache.catalina.core.ApplicationFilterChain.doFilter(ApplicationFilterChain.java:140)
	at org.apache.tomcat.websocket.server.WsFilter.doFilter(WsFilter.java:51)
	at org.apache.catalina.core.ApplicationFilterChain.internalDoFilter(ApplicationFilterChain.java:164)
	at org.apache.catalina.core.ApplicationFilterChain.doFilter(ApplicationFilterChain.java:140)
	at org.springframework.web.filter.CompositeFilter$VirtualFilterChain.doFilter(CompositeFilter.java:108)
	at org.springframework.security.web.FilterChainProxy.lambda$doFilterInternal$3(FilterChainProxy.java:231)
	at org.springframework.security.web.ObservationFilterChainDecorator$FilterObservation$SimpleFilterObservation.lambda$wrap$1(ObservationFilterChainDecorator.java:479)
	at org.springframework.security.web.ObservationFilterChainDecorator$AroundFilterObservation$SimpleAroundFilterObservation.lambda$wrap$1(ObservationFilterChainDecorator.java:340)
	at org.springframework.security.web.ObservationFilterChainDecorator.lambda$wrapSecured$0(ObservationFilterChainDecorator.java:82)
	at org.springframework.security.web.ObservationFilterChainDecorator$VirtualFilterChain.doFilter(ObservationFilterChainDecorator.java:128)
	at org.springframework.security.web.access.intercept.AuthorizationFilter.doFilter(AuthorizationFilter.java:100)
	at org.springframework.security.web.ObservationFilterChainDecorator$ObservationFilter.wrapFilter(ObservationFilterChainDecorator.java:240)
	at org.springframework.security.web.ObservationFilterChainDecorator$ObservationFilter.doFilter(ObservationFilterChainDecorator.java:227)
	at org.springframework.security.web.ObservationFilterChainDecorator$VirtualFilterChain.doFilter(ObservationFilterChainDecorator.java:137)
	at org.springframework.security.web.access.ExceptionTranslationFilter.doFilter(ExceptionTranslationFilter.java:126)
	at org.springframework.security.web.access.ExceptionTranslationFilter.doFilter(ExceptionTranslationFilter.java:120)
	at org.springframework.security.web.ObservationFilterChainDecorator$ObservationFilter.wrapFilter(ObservationFilterChainDecorator.java:240)
	at org.springframework.security.web.ObservationFilterChainDecorator$ObservationFilter.doFilter(ObservationFilterChainDecorator.java:227)
	at org.springframework.security.web.ObservationFilterChainDecorator$VirtualFilterChain.doFilter(ObservationFilterChainDecorator.java:137)
	at org.springframework.security.web.authentication.AnonymousAuthenticationFilter.doFilter(AnonymousAuthenticationFilter.java:100)
	at org.springframework.security.web.ObservationFilterChainDecorator$ObservationFilter.wrapFilter(ObservationFilterChainDecorator.java:240)
	at org.springframework.security.web.ObservationFilterChainDecorator$ObservationFilter.doFilter(ObservationFilterChainDecorator.java:227)
	at org.springframework.security.web.ObservationFilterChainDecorator$VirtualFilterChain.doFilter(ObservationFilterChainDecorator.java:137)
	at org.springframework.security.web.servletapi.SecurityContextHolderAwareRequestFilter.doFilter(SecurityContextHolderAwareRequestFilter.java:179)
	at org.springframework.security.web.ObservationFilterChainDecorator$ObservationFilter.wrapFilter(ObservationFilterChainDecorator.java:240)
	at org.springframework.security.web.ObservationFilterChainDecorator$ObservationFilter.doFilter(ObservationFilterChainDecorator.java:227)
	at org.springframework.security.web.ObservationFilterChainDecorator$VirtualFilterChain.doFilter(ObservationFilterChainDecorator.java:137)
	at org.springframework.security.web.savedrequest.RequestCacheAwareFilter.doFilter(RequestCacheAwareFilter.java:63)
	at org.springframework.security.web.ObservationFilterChainDecorator$ObservationFilter.wrapFilter(ObservationFilterChainDecorator.java:240)
	at org.springframework.security.web.ObservationFilterChainDecorator$ObservationFilter.doFilter(ObservationFilterChainDecorator.java:227)
	at org.springframework.security.web.ObservationFilterChainDecorator$VirtualFilterChain.doFilter(ObservationFilterChainDecorator.java:137)
	at org.springframework.security.web.authentication.www.BasicAuthenticationFilter.doFilterInternal(BasicAuthenticationFilter.java:213)
	at org.springframework.web.filter.OncePerRequestFilter.doFilter(OncePerRequestFilter.java:116)
	at org.springframework.security.web.ObservationFilterChainDecorator$ObservationFilter.wrapFilter(ObservationFilterChainDecorator.java:240)
	at org.springframework.security.web.ObservationFilterChainDecorator$ObservationFilter.doFilter(ObservationFilterChainDecorator.java:227)
	at org.springframework.security.web.ObservationFilterChainDecorator$VirtualFilterChain.doFilter(ObservationFilterChainDecorator.java:137)
	at org.springframework.security.web.authentication.ui.DefaultLogoutPageGeneratingFilter.doFilterInternal(DefaultLogoutPageGeneratingFilter.java:58)
	at org.springframework.web.filter.OncePerRequestFilter.doFilter(OncePerRequestFilter.java:116)
	at org.springframework.security.web.ObservationFilterChainDecorator$ObservationFilter.wrapFilter(ObservationFilterChainDecorator.java:240)
	at org.springframework.security.web.ObservationFilterChainDecorator$ObservationFilter.doFilter(ObservationFilterChainDecorator.java:227)
	at org.springframework.security.web.ObservationFilterChainDecorator$VirtualFilterChain.doFilter(ObservationFilterChainDecorator.java:137)
	at org.springframework.security.web.authentication.ui.DefaultLoginPageGeneratingFilter.doFilter(DefaultLoginPageGeneratingFilter.java:189)
	at org.springframework.security.web.authentication.ui.DefaultLoginPageGeneratingFilter.doFilter(DefaultLoginPageGeneratingFilter.java:175)
	at org.springframework.security.web.ObservationFilterChainDecorator$ObservationFilter.wrapFilter(ObservationFilterChainDecorator.java:240)
	at org.springframework.security.web.ObservationFilterChainDecorator$ObservationFilter.doFilter(ObservationFilterChainDecorator.java:227)
	at org.springframework.security.web.ObservationFilterChainDecorator$VirtualFilterChain.doFilter(ObservationFilterChainDecorator.java:137)
	at org.springframework.security.web.authentication.AbstractAuthenticationProcessingFilter.doFilter(AbstractAuthenticationProcessingFilter.java:227)
	at org.springframework.security.web.authentication.AbstractAuthenticationProcessingFilter.doFilter(AbstractAuthenticationProcessingFilter.java:221)
	at org.springframework.security.web.ObservationFilterChainDecorator$ObservationFilter.wrapFilter(ObservationFilterChainDecorator.java:240)
	at org.springframework.security.web.ObservationFilterChainDecorator$ObservationFilter.doFilter(ObservationFilterChainDecorator.java:227)
	at org.springframework.security.web.ObservationFilterChainDecorator$VirtualFilterChain.doFilter(ObservationFilterChainDecorator.java:137)
	at org.springframework.security.web.authentication.logout.LogoutFilter.doFilter(LogoutFilter.java:107)
	at org.springframework.security.web.authentication.logout.LogoutFilter.doFilter(LogoutFilter.java:93)
	at org.springframework.security.web.ObservationFilterChainDecorator$ObservationFilter.wrapFilter(ObservationFilterChainDecorator.java:240)
	at org.springframework.security.web.ObservationFilterChainDecorator$ObservationFilter.doFilter(ObservationFilterChainDecorator.java:227)
	at org.springframework.security.web.ObservationFilterChainDecorator$VirtualFilterChain.doFilter(ObservationFilterChainDecorator.java:137)
	at org.springframework.security.web.header.HeaderWriterFilter.doHeadersAfter(HeaderWriterFilter.java:90)
	at org.springframework.security.web.header.HeaderWriterFilter.doFilterInternal(HeaderWriterFilter.java:75)
	at org.springframework.web.filter.OncePerRequestFilter.doFilter(OncePerRequestFilter.java:116)
	at org.springframework.security.web.ObservationFilterChainDecorator$ObservationFilter.wrapFilter(ObservationFilterChainDecorator.java:240)
	at org.springframework.security.web.ObservationFilterChainDecorator$ObservationFilter.doFilter(ObservationFilterChainDecorator.java:227)
	at org.springframework.security.web.ObservationFilterChainDecorator$VirtualFilterChain.doFilter(ObservationFilterChainDecorator.java:137)
	at org.springframework.security.web.context.SecurityContextHolderFilter.doFilter(SecurityContextHolderFilter.java:82)
	at org.springframework.security.web.context.SecurityContextHolderFilter.doFilter(SecurityContextHolderFilter.java:69)
	at org.springframework.security.web.ObservationFilterChainDecorator$ObservationFilter.wrapFilter(ObservationFilterChainDecorator.java:240)
	at org.springframework.security.web.ObservationFilterChainDecorator$ObservationFilter.doFilter(ObservationFilterChainDecorator.java:227)
	at org.springframework.security.web.ObservationFilterChainDecorator$VirtualFilterChain.doFilter(ObservationFilterChainDecorator.java:137)
	at org.springframework.security.web.context.request.async.WebAsyncManagerIntegrationFilter.doFilterInternal(WebAsyncManagerIntegrationFilter.java:62)
	at org.springframework.web.filter.OncePerRequestFilter.doFilter(OncePerRequestFilter.java:116)
	at org.springframework.security.web.ObservationFilterChainDecorator$ObservationFilter.wrapFilter(ObservationFilterChainDecorator.java:240)
	at org.springframework.security.web.ObservationFilterChainDecorator$ObservationFilter.doFilter(ObservationFilterChainDecorator.java:227)
	at org.springframework.security.web.ObservationFilterChainDecorator$VirtualFilterChain.doFilter(ObservationFilterChainDecorator.java:137)
	at org.springframework.security.web.session.DisableEncodeUrlFilter.doFilterInternal(DisableEncodeUrlFilter.java:42)
	at org.springframework.web.filter.OncePerRequestFilter.doFilter(OncePerRequestFilter.java:116)
	at org.springframework.security.web.ObservationFilterChainDecorator$ObservationFilter.wrapFilter(ObservationFilterChainDecorator.java:240)
	at org.springframework.security.web.ObservationFilterChainDecorator$AroundFilterObservation$SimpleAroundFilterObservation.lambda$wrap$0(ObservationFilterChainDecorator.java:323)
	at org.springframework.security.web.ObservationFilterChainDecorator$ObservationFilter.doFilter(ObservationFilterChainDecorator.java:224)
	at org.springframework.security.web.ObservationFilterChainDecorator$VirtualFilterChain.doFilter(ObservationFilterChainDecorator.java:137)
	at org.springframework.security.web.FilterChainProxy.doFilterInternal(FilterChainProxy.java:233)
	at org.springframework.security.web.FilterChainProxy.doFilter(FilterChainProxy.java:191)
	at org.springframework.web.filter.CompositeFilter$VirtualFilterChain.doFilter(CompositeFilter.java:113)
	at org.springframework.web.servlet.handler.HandlerMappingIntrospector.lambda$createCacheFilter$3(HandlerMappingIntrospector.java:195)
	at org.springframework.web.filter.CompositeFilter$VirtualFilterChain.doFilter(CompositeFilter.java:113)
	at org.springframework.web.filter.CompositeFilter.doFilter(CompositeFilter.java:74)
	at org.springframework.security.config.annotation.web.configuration.WebMvcSecurityConfiguration$CompositeFilterChainProxy.doFilter(WebMvcSecurityConfiguration.java:230)
	at org.springframework.web.filter.DelegatingFilterProxy.invokeDelegate(DelegatingFilterProxy.java:352)
	at org.springframework.web.filter.DelegatingFilterProxy.doFilter(DelegatingFilterProxy.java:268)
	at org.apache.catalina.core.ApplicationFilterChain.internalDoFilter(ApplicationFilterChain.java:164)
	at org.apache.catalina.core.ApplicationFilterChain.doFilter(ApplicationFilterChain.java:140)
	at org.springframework.web.filter.RequestContextFilter.doFilterInternal(RequestContextFilter.java:100)
	at org.springframework.web.filter.OncePerRequestFilter.doFilter(OncePerRequestFilter.java:116)
	at org.apache.catalina.core.ApplicationFilterChain.internalDoFilter(ApplicationFilterChain.java:164)
	at org.apache.catalina.core.ApplicationFilterChain.doFilter(ApplicationFilterChain.java:140)
	at org.springframework.web.filter.FormContentFilter.doFilterInternal(FormContentFilter.java:93)
	at org.springframework.web.filter.OncePerRequestFilter.doFilter(OncePerRequestFilter.java:116)
	at org.apache.catalina.core.ApplicationFilterChain.internalDoFilter(ApplicationFilterChain.java:164)
	at org.apache.catalina.core.ApplicationFilterChain.doFilter(ApplicationFilterChain.java:140)
	at org.springframework.web.filter.ServerHttpObservationFilter.doFilterInternal(ServerHttpObservationFilter.java:113)
	at org.springframework.web.filter.OncePerRequestFilter.doFilter(OncePerRequestFilter.java:116)
	at org.apache.catalina.core.ApplicationFilterChain.internalDoFilter(ApplicationFilterChain.java:164)
	at org.apache.catalina.core.ApplicationFilterChain.doFilter(ApplicationFilterChain.java:140)
	at org.springframework.web.filter.CharacterEncodingFilter.doFilterInternal(CharacterEncodingFilter.java:201)
	at org.springframework.web.filter.OncePerRequestFilter.doFilter(OncePerRequestFilter.java:116)
	at org.apache.catalina.core.ApplicationFilterChain.internalDoFilter(ApplicationFilterChain.java:164)
	at org.apache.catalina.core.ApplicationFilterChain.doFilter(ApplicationFilterChain.java:140)
	at org.apache.catalina.core.StandardWrapperValve.invoke(StandardWrapperValve.java:167)
	at org.apache.catalina.core.StandardContextValve.invoke(StandardContextValve.java:90)
	at org.apache.catalina.authenticator.AuthenticatorBase.invoke(AuthenticatorBase.java:483)
	at org.apache.catalina.core.StandardHostValve.invoke(StandardHostValve.java:115)
	at org.apache.catalina.valves.ErrorReportValve.invoke(ErrorReportValve.java:93)
	at org.apache.catalina.core.StandardEngineValve.invoke(StandardEngineValve.java:74)
	at org.apache.catalina.connector.CoyoteAdapter.service(CoyoteAdapter.java:344)
	at org.apache.coyote.http11.Http11Processor.service(Http11Processor.java:384)
	at org.apache.coyote.AbstractProcessorLight.process(AbstractProcessorLight.java:63)
	at org.apache.coyote.AbstractProtocol$ConnectionHandler.process(AbstractProtocol.java:905)
	at org.apache.tomcat.util.net.NioEndpoint$SocketProcessor.doRun(NioEndpoint.java:1741)
	at org.apache.tomcat.util.net.SocketProcessorBase.run(SocketProcessorBase.java:52)
	at org.apache.tomcat.util.threads.ThreadPoolExecutor.runWorker(ThreadPoolExecutor.java:1190)
	at org.apache.tomcat.util.threads.ThreadPoolExecutor$Worker.run(ThreadPoolExecutor.java:659)
	at org.apache.tomcat.util.threads.TaskThread$WrappingRunnable.run(TaskThread.java:63)
	at java.base/java.lang.Thread.run(Thread.java:842)
2024-10-14 16:23:49 [http-nio-5000-exec-4] ERROR o.a.c.c.C.[.[.[.[dispatcherServlet] - Servlet.service() for servlet [dispatcherServlet] in context with path [] threw exception [Request processing failed: org.springframework.orm.jpa.JpaSystemException: No default constructor for entity 'gov.la.webserver.review.entity.Review'] with root cause
org.hibernate.InstantiationException: No default constructor for entity 'gov.la.webserver.review.entity.Review'
	at org.hibernate.metamodel.internal.EntityInstantiatorPojoStandard.instantiate(EntityInstantiatorPojoStandard.java:93)
	at org.hibernate.persister.entity.AbstractEntityPersister.instantiate(AbstractEntityPersister.java:4585)
	at org.hibernate.internal.SessionImpl.instantiate(SessionImpl.java:1485)
	at org.hibernate.sql.results.graph.entity.AbstractEntityInitializer.instantiateEntity(AbstractEntityInitializer.java:694)
	at org.hibernate.sql.results.graph.entity.AbstractEntityInitializer.resolveEntityInstance(AbstractEntityInitializer.java:687)
	at org.hibernate.sql.results.graph.entity.AbstractEntityInitializer.resolveInstance(AbstractEntityInitializer.java:637)
	at org.hibernate.sql.results.graph.entity.AbstractEntityInitializer.resolveEntityInstance(AbstractEntityInitializer.java:559)
	at org.hibernate.sql.results.graph.entity.AbstractEntityInitializer.resolveInstance(AbstractEntityInitializer.java:458)
	at org.hibernate.sql.results.internal.InitializersList.resolveInstances(InitializersList.java:97)
	at org.hibernate.sql.results.internal.StandardRowReader.coordinateInitializers(StandardRowReader.java:112)
	at org.hibernate.sql.results.internal.StandardRowReader.readRow(StandardRowReader.java:87)
	at org.hibernate.sql.results.spi.ListResultsConsumer.consume(ListResultsConsumer.java:205)
	at org.hibernate.sql.results.spi.ListResultsConsumer.consume(ListResultsConsumer.java:33)
	at org.hibernate.sql.exec.internal.JdbcSelectExecutorStandardImpl.doExecuteQuery(JdbcSelectExecutorStandardImpl.java:211)
	at org.hibernate.sql.exec.internal.JdbcSelectExecutorStandardImpl.executeQuery(JdbcSelectExecutorStandardImpl.java:83)
	at org.hibernate.sql.exec.spi.JdbcSelectExecutor.list(JdbcSelectExecutor.java:76)
	at org.hibernate.sql.exec.spi.JdbcSelectExecutor.list(JdbcSelectExecutor.java:65)
	at org.hibernate.query.sqm.internal.ConcreteSqmSelectQueryPlan.lambda$new$2(ConcreteSqmSelectQueryPlan.java:139)
	at org.hibernate.query.sqm.internal.ConcreteSqmSelectQueryPlan.withCacheableSqmInterpretation(ConcreteSqmSelectQueryPlan.java:382)
	at org.hibernate.query.sqm.internal.ConcreteSqmSelectQueryPlan.performList(ConcreteSqmSelectQueryPlan.java:302)
	at org.hibernate.query.sqm.internal.QuerySqmImpl.doList(QuerySqmImpl.java:526)
	at org.hibernate.query.spi.AbstractSelectionQuery.list(AbstractSelectionQuery.java:423)
	at org.hibernate.query.Query.getResultList(Query.java:120)
	at org.springframework.data.jpa.repository.support.SimpleJpaRepository.findAll(SimpleJpaRepository.java:387)
	at java.base/jdk.internal.reflect.NativeMethodAccessorImpl.invoke0(Native Method)
	at java.base/jdk.internal.reflect.NativeMethodAccessorImpl.invoke(NativeMethodAccessorImpl.java:77)
	at java.base/jdk.internal.reflect.DelegatingMethodAccessorImpl.invoke(DelegatingMethodAccessorImpl.java:43)
	at java.base/java.lang.reflect.Method.invoke(Method.java:568)
	at org.springframework.aop.support.AopUtils.invokeJoinpointUsingReflection(AopUtils.java:355)
	at org.springframework.data.repository.core.support.RepositoryMethodInvoker$RepositoryFragmentMethodInvoker.lambda$new$0(RepositoryMethodInvoker.java:277)
	at org.springframework.data.repository.core.support.RepositoryMethodInvoker.doInvoke(RepositoryMethodInvoker.java:170)
	at org.springframework.data.repository.core.support.RepositoryMethodInvoker.invoke(RepositoryMethodInvoker.java:158)
	at org.springframework.data.repository.core.support.RepositoryComposition$RepositoryFragments.invoke(RepositoryComposition.java:516)
	at org.springframework.data.repository.core.support.RepositoryComposition.invoke(RepositoryComposition.java:285)
	at org.springframework.data.repository.core.support.RepositoryFactorySupport$ImplementationMethodExecutionInterceptor.invoke(RepositoryFactorySupport.java:628)
	at org.springframework.aop.framework.ReflectiveMethodInvocation.proceed(ReflectiveMethodInvocation.java:184)
	at org.springframework.data.repository.core.support.QueryExecutorMethodInterceptor.doInvoke(QueryExecutorMethodInterceptor.java:173)
	at org.springframework.data.repository.core.support.QueryExecutorMethodInterceptor.invoke(QueryExecutorMethodInterceptor.java:148)
	at org.springframework.aop.framework.ReflectiveMethodInvocation.proceed(ReflectiveMethodInvocation.java:184)
	at org.springframework.data.projection.DefaultMethodInvokingMethodInterceptor.invoke(DefaultMethodInvokingMethodInterceptor.java:70)
	at org.springframework.aop.framework.ReflectiveMethodInvocation.proceed(ReflectiveMethodInvocation.java:184)
	at org.springframework.transaction.interceptor.TransactionAspectSupport.invokeWithinTransaction(TransactionAspectSupport.java:379)
	at org.springframework.transaction.interceptor.TransactionInterceptor.invoke(TransactionInterceptor.java:119)
	at org.springframework.aop.framework.ReflectiveMethodInvocation.proceed(ReflectiveMethodInvocation.java:184)
	at org.springframework.dao.support.PersistenceExceptionTranslationInterceptor.invoke(PersistenceExceptionTranslationInterceptor.java:138)
	at org.springframework.aop.framework.ReflectiveMethodInvocation.proceed(ReflectiveMethodInvocation.java:184)
	at org.springframework.data.jpa.repository.support.CrudMethodMetadataPostProcessor$CrudMethodMetadataPopulatingMethodInterceptor.invoke(CrudMethodMetadataPostProcessor.java:165)
	at org.springframework.aop.framework.ReflectiveMethodInvocation.proceed(ReflectiveMethodInvocation.java:184)
	at org.springframework.aop.interceptor.ExposeInvocationInterceptor.invoke(ExposeInvocationInterceptor.java:97)
	at org.springframework.aop.framework.ReflectiveMethodInvocation.proceed(ReflectiveMethodInvocation.java:184)
	at org.springframework.aop.framework.JdkDynamicAopProxy.invoke(JdkDynamicAopProxy.java:223)
	at jdk.proxy2/jdk.proxy2.$Proxy162.findAll(Unknown Source)
	at gov.la.webserver.review.service.impl.ReviewServiceImpl.getAllReviews(ReviewServiceImpl.java:22)
	at gov.la.webserver.review.controller.ReviewController.getAllReviews(ReviewController.java:55)
	at java.base/jdk.internal.reflect.NativeMethodAccessorImpl.invoke0(Native Method)
	at java.base/jdk.internal.reflect.NativeMethodAccessorImpl.invoke(NativeMethodAccessorImpl.java:77)
	at java.base/jdk.internal.reflect.DelegatingMethodAccessorImpl.invoke(DelegatingMethodAccessorImpl.java:43)
	at java.base/java.lang.reflect.Method.invoke(Method.java:568)
	at org.springframework.aop.support.AopUtils.invokeJoinpointUsingReflection(AopUtils.java:355)
	at org.springframework.aop.framework.CglibAopProxy$DynamicAdvisedInterceptor.intercept(CglibAopProxy.java:716)
	at gov.la.webserver.review.controller.ReviewController$$SpringCGLIB$$0.getAllReviews(<generated>)
	at java.base/jdk.internal.reflect.NativeMethodAccessorImpl.invoke0(Native Method)
	at java.base/jdk.internal.reflect.NativeMethodAccessorImpl.invoke(NativeMethodAccessorImpl.java:77)
	at java.base/jdk.internal.reflect.DelegatingMethodAccessorImpl.invoke(DelegatingMethodAccessorImpl.java:43)
	at java.base/java.lang.reflect.Method.invoke(Method.java:568)
	at org.springframework.web.method.support.InvocableHandlerMethod.doInvoke(InvocableHandlerMethod.java:255)
	at org.springframework.web.method.support.InvocableHandlerMethod.invokeForRequest(InvocableHandlerMethod.java:188)
	at org.springframework.web.servlet.mvc.method.annotation.ServletInvocableHandlerMethod.invokeAndHandle(ServletInvocableHandlerMethod.java:118)
	at org.springframework.web.servlet.mvc.method.annotation.RequestMappingHandlerAdapter.invokeHandlerMethod(RequestMappingHandlerAdapter.java:926)
	at org.springframework.web.servlet.mvc.method.annotation.RequestMappingHandlerAdapter.handleInternal(RequestMappingHandlerAdapter.java:831)
	at org.springframework.web.servlet.mvc.method.AbstractHandlerMethodAdapter.handle(AbstractHandlerMethodAdapter.java:87)
	at org.springframework.web.servlet.DispatcherServlet.doDispatch(DispatcherServlet.java:1089)
	at org.springframework.web.servlet.DispatcherServlet.doService(DispatcherServlet.java:979)
	at org.springframework.web.servlet.FrameworkServlet.processRequest(FrameworkServlet.java:1014)
	at org.springframework.web.servlet.FrameworkServlet.doGet(FrameworkServlet.java:903)
	at jakarta.servlet.http.HttpServlet.service(HttpServlet.java:564)
	at org.springframework.web.servlet.FrameworkServlet.service(FrameworkServlet.java:885)
	at jakarta.servlet.http.HttpServlet.service(HttpServlet.java:658)
	at org.apache.catalina.core.ApplicationFilterChain.internalDoFilter(ApplicationFilterChain.java:195)
	at org.apache.catalina.core.ApplicationFilterChain.doFilter(ApplicationFilterChain.java:140)
	at org.apache.tomcat.websocket.server.WsFilter.doFilter(WsFilter.java:51)
	at org.apache.catalina.core.ApplicationFilterChain.internalDoFilter(ApplicationFilterChain.java:164)
	at org.apache.catalina.core.ApplicationFilterChain.doFilter(ApplicationFilterChain.java:140)
	at org.springframework.web.filter.CompositeFilter$VirtualFilterChain.doFilter(CompositeFilter.java:108)
	at org.springframework.security.web.FilterChainProxy.lambda$doFilterInternal$3(FilterChainProxy.java:231)
	at org.springframework.security.web.ObservationFilterChainDecorator$FilterObservation$SimpleFilterObservation.lambda$wrap$1(ObservationFilterChainDecorator.java:479)
	at org.springframework.security.web.ObservationFilterChainDecorator$AroundFilterObservation$SimpleAroundFilterObservation.lambda$wrap$1(ObservationFilterChainDecorator.java:340)
	at org.springframework.security.web.ObservationFilterChainDecorator.lambda$wrapSecured$0(ObservationFilterChainDecorator.java:82)
	at org.springframework.security.web.ObservationFilterChainDecorator$VirtualFilterChain.doFilter(ObservationFilterChainDecorator.java:128)
	at org.springframework.security.web.access.intercept.AuthorizationFilter.doFilter(AuthorizationFilter.java:100)
	at org.springframework.security.web.ObservationFilterChainDecorator$ObservationFilter.wrapFilter(ObservationFilterChainDecorator.java:240)
	at org.springframework.security.web.ObservationFilterChainDecorator$ObservationFilter.doFilter(ObservationFilterChainDecorator.java:227)
	at org.springframework.security.web.ObservationFilterChainDecorator$VirtualFilterChain.doFilter(ObservationFilterChainDecorator.java:137)
	at org.springframework.security.web.access.ExceptionTranslationFilter.doFilter(ExceptionTranslationFilter.java:126)
	at org.springframework.security.web.access.ExceptionTranslationFilter.doFilter(ExceptionTranslationFilter.java:120)
	at org.springframework.security.web.ObservationFilterChainDecorator$ObservationFilter.wrapFilter(ObservationFilterChainDecorator.java:240)
	at org.springframework.security.web.ObservationFilterChainDecorator$ObservationFilter.doFilter(ObservationFilterChainDecorator.java:227)
	at org.springframework.security.web.ObservationFilterChainDecorator$VirtualFilterChain.doFilter(ObservationFilterChainDecorator.java:137)
	at org.springframework.security.web.authentication.AnonymousAuthenticationFilter.doFilter(AnonymousAuthenticationFilter.java:100)
	at org.springframework.security.web.ObservationFilterChainDecorator$ObservationFilter.wrapFilter(ObservationFilterChainDecorator.java:240)
	at org.springframework.security.web.ObservationFilterChainDecorator$ObservationFilter.doFilter(ObservationFilterChainDecorator.java:227)
	at org.springframework.security.web.ObservationFilterChainDecorator$VirtualFilterChain.doFilter(ObservationFilterChainDecorator.java:137)
	at org.springframework.security.web.servletapi.SecurityContextHolderAwareRequestFilter.doFilter(SecurityContextHolderAwareRequestFilter.java:179)
	at org.springframework.security.web.ObservationFilterChainDecorator$ObservationFilter.wrapFilter(ObservationFilterChainDecorator.java:240)
	at org.springframework.security.web.ObservationFilterChainDecorator$ObservationFilter.doFilter(ObservationFilterChainDecorator.java:227)
	at org.springframework.security.web.ObservationFilterChainDecorator$VirtualFilterChain.doFilter(ObservationFilterChainDecorator.java:137)
	at org.springframework.security.web.savedrequest.RequestCacheAwareFilter.doFilter(RequestCacheAwareFilter.java:63)
	at org.springframework.security.web.ObservationFilterChainDecorator$ObservationFilter.wrapFilter(ObservationFilterChainDecorator.java:240)
	at org.springframework.security.web.ObservationFilterChainDecorator$ObservationFilter.doFilter(ObservationFilterChainDecorator.java:227)
	at org.springframework.security.web.ObservationFilterChainDecorator$VirtualFilterChain.doFilter(ObservationFilterChainDecorator.java:137)
	at org.springframework.security.web.authentication.www.BasicAuthenticationFilter.doFilterInternal(BasicAuthenticationFilter.java:213)
	at org.springframework.web.filter.OncePerRequestFilter.doFilter(OncePerRequestFilter.java:116)
	at org.springframework.security.web.ObservationFilterChainDecorator$ObservationFilter.wrapFilter(ObservationFilterChainDecorator.java:240)
	at org.springframework.security.web.ObservationFilterChainDecorator$ObservationFilter.doFilter(ObservationFilterChainDecorator.java:227)
	at org.springframework.security.web.ObservationFilterChainDecorator$VirtualFilterChain.doFilter(ObservationFilterChainDecorator.java:137)
	at org.springframework.security.web.authentication.ui.DefaultLogoutPageGeneratingFilter.doFilterInternal(DefaultLogoutPageGeneratingFilter.java:58)
	at org.springframework.web.filter.OncePerRequestFilter.doFilter(OncePerRequestFilter.java:116)
	at org.springframework.security.web.ObservationFilterChainDecorator$ObservationFilter.wrapFilter(ObservationFilterChainDecorator.java:240)
	at org.springframework.security.web.ObservationFilterChainDecorator$ObservationFilter.doFilter(ObservationFilterChainDecorator.java:227)
	at org.springframework.security.web.ObservationFilterChainDecorator$VirtualFilterChain.doFilter(ObservationFilterChainDecorator.java:137)
	at org.springframework.security.web.authentication.ui.DefaultLoginPageGeneratingFilter.doFilter(DefaultLoginPageGeneratingFilter.java:189)
	at org.springframework.security.web.authentication.ui.DefaultLoginPageGeneratingFilter.doFilter(DefaultLoginPageGeneratingFilter.java:175)
	at org.springframework.security.web.ObservationFilterChainDecorator$ObservationFilter.wrapFilter(ObservationFilterChainDecorator.java:240)
	at org.springframework.security.web.ObservationFilterChainDecorator$ObservationFilter.doFilter(ObservationFilterChainDecorator.java:227)
	at org.springframework.security.web.ObservationFilterChainDecorator$VirtualFilterChain.doFilter(ObservationFilterChainDecorator.java:137)
	at org.springframework.security.web.authentication.AbstractAuthenticationProcessingFilter.doFilter(AbstractAuthenticationProcessingFilter.java:227)
	at org.springframework.security.web.authentication.AbstractAuthenticationProcessingFilter.doFilter(AbstractAuthenticationProcessingFilter.java:221)
	at org.springframework.security.web.ObservationFilterChainDecorator$ObservationFilter.wrapFilter(ObservationFilterChainDecorator.java:240)
	at org.springframework.security.web.ObservationFilterChainDecorator$ObservationFilter.doFilter(ObservationFilterChainDecorator.java:227)
	at org.springframework.security.web.ObservationFilterChainDecorator$VirtualFilterChain.doFilter(ObservationFilterChainDecorator.java:137)
	at org.springframework.security.web.authentication.logout.LogoutFilter.doFilter(LogoutFilter.java:107)
	at org.springframework.security.web.authentication.logout.LogoutFilter.doFilter(LogoutFilter.java:93)
	at org.springframework.security.web.ObservationFilterChainDecorator$ObservationFilter.wrapFilter(ObservationFilterChainDecorator.java:240)
	at org.springframework.security.web.ObservationFilterChainDecorator$ObservationFilter.doFilter(ObservationFilterChainDecorator.java:227)
	at org.springframework.security.web.ObservationFilterChainDecorator$VirtualFilterChain.doFilter(ObservationFilterChainDecorator.java:137)
	at org.springframework.security.web.header.HeaderWriterFilter.doHeadersAfter(HeaderWriterFilter.java:90)
	at org.springframework.security.web.header.HeaderWriterFilter.doFilterInternal(HeaderWriterFilter.java:75)
	at org.springframework.web.filter.OncePerRequestFilter.doFilter(OncePerRequestFilter.java:116)
	at org.springframework.security.web.ObservationFilterChainDecorator$ObservationFilter.wrapFilter(ObservationFilterChainDecorator.java:240)
	at org.springframework.security.web.ObservationFilterChainDecorator$ObservationFilter.doFilter(ObservationFilterChainDecorator.java:227)
	at org.springframework.security.web.ObservationFilterChainDecorator$VirtualFilterChain.doFilter(ObservationFilterChainDecorator.java:137)
	at org.springframework.security.web.context.SecurityContextHolderFilter.doFilter(SecurityContextHolderFilter.java:82)
	at org.springframework.security.web.context.SecurityContextHolderFilter.doFilter(SecurityContextHolderFilter.java:69)
	at org.springframework.security.web.ObservationFilterChainDecorator$ObservationFilter.wrapFilter(ObservationFilterChainDecorator.java:240)
	at org.springframework.security.web.ObservationFilterChainDecorator$ObservationFilter.doFilter(ObservationFilterChainDecorator.java:227)
	at org.springframework.security.web.ObservationFilterChainDecorator$VirtualFilterChain.doFilter(ObservationFilterChainDecorator.java:137)
	at org.springframework.security.web.context.request.async.WebAsyncManagerIntegrationFilter.doFilterInternal(WebAsyncManagerIntegrationFilter.java:62)
	at org.springframework.web.filter.OncePerRequestFilter.doFilter(OncePerRequestFilter.java:116)
	at org.springframework.security.web.ObservationFilterChainDecorator$ObservationFilter.wrapFilter(ObservationFilterChainDecorator.java:240)
	at org.springframework.security.web.ObservationFilterChainDecorator$ObservationFilter.doFilter(ObservationFilterChainDecorator.java:227)
	at org.springframework.security.web.ObservationFilterChainDecorator$VirtualFilterChain.doFilter(ObservationFilterChainDecorator.java:137)
	at org.springframework.security.web.session.DisableEncodeUrlFilter.doFilterInternal(DisableEncodeUrlFilter.java:42)
	at org.springframework.web.filter.OncePerRequestFilter.doFilter(OncePerRequestFilter.java:116)
	at org.springframework.security.web.ObservationFilterChainDecorator$ObservationFilter.wrapFilter(ObservationFilterChainDecorator.java:240)
	at org.springframework.security.web.ObservationFilterChainDecorator$AroundFilterObservation$SimpleAroundFilterObservation.lambda$wrap$0(ObservationFilterChainDecorator.java:323)
	at org.springframework.security.web.ObservationFilterChainDecorator$ObservationFilter.doFilter(ObservationFilterChainDecorator.java:224)
	at org.springframework.security.web.ObservationFilterChainDecorator$VirtualFilterChain.doFilter(ObservationFilterChainDecorator.java:137)
	at org.springframework.security.web.FilterChainProxy.doFilterInternal(FilterChainProxy.java:233)
	at org.springframework.security.web.FilterChainProxy.doFilter(FilterChainProxy.java:191)
	at org.springframework.web.filter.CompositeFilter$VirtualFilterChain.doFilter(CompositeFilter.java:113)
	at org.springframework.web.servlet.handler.HandlerMappingIntrospector.lambda$createCacheFilter$3(HandlerMappingIntrospector.java:195)
	at org.springframework.web.filter.CompositeFilter$VirtualFilterChain.doFilter(CompositeFilter.java:113)
	at org.springframework.web.filter.CompositeFilter.doFilter(CompositeFilter.java:74)
	at org.springframework.security.config.annotation.web.configuration.WebMvcSecurityConfiguration$CompositeFilterChainProxy.doFilter(WebMvcSecurityConfiguration.java:230)
	at org.springframework.web.filter.DelegatingFilterProxy.invokeDelegate(DelegatingFilterProxy.java:352)
	at org.springframework.web.filter.DelegatingFilterProxy.doFilter(DelegatingFilterProxy.java:268)
	at org.apache.catalina.core.ApplicationFilterChain.internalDoFilter(ApplicationFilterChain.java:164)
	at org.apache.catalina.core.ApplicationFilterChain.doFilter(ApplicationFilterChain.java:140)
	at org.springframework.web.filter.RequestContextFilter.doFilterInternal(RequestContextFilter.java:100)
	at org.springframework.web.filter.OncePerRequestFilter.doFilter(OncePerRequestFilter.java:116)
	at org.apache.catalina.core.ApplicationFilterChain.internalDoFilter(ApplicationFilterChain.java:164)
	at org.apache.catalina.core.ApplicationFilterChain.doFilter(ApplicationFilterChain.java:140)
	at org.springframework.web.filter.FormContentFilter.doFilterInternal(FormContentFilter.java:93)
	at org.springframework.web.filter.OncePerRequestFilter.doFilter(OncePerRequestFilter.java:116)
	at org.apache.catalina.core.ApplicationFilterChain.internalDoFilter(ApplicationFilterChain.java:164)
	at org.apache.catalina.core.ApplicationFilterChain.doFilter(ApplicationFilterChain.java:140)
	at org.springframework.web.filter.ServerHttpObservationFilter.doFilterInternal(ServerHttpObservationFilter.java:113)
	at org.springframework.web.filter.OncePerRequestFilter.doFilter(OncePerRequestFilter.java:116)
	at org.apache.catalina.core.ApplicationFilterChain.internalDoFilter(ApplicationFilterChain.java:164)
	at org.apache.catalina.core.ApplicationFilterChain.doFilter(ApplicationFilterChain.java:140)
	at org.springframework.web.filter.CharacterEncodingFilter.doFilterInternal(CharacterEncodingFilter.java:201)
	at org.springframework.web.filter.OncePerRequestFilter.doFilter(OncePerRequestFilter.java:116)
	at org.apache.catalina.core.ApplicationFilterChain.internalDoFilter(ApplicationFilterChain.java:164)
	at org.apache.catalina.core.ApplicationFilterChain.doFilter(ApplicationFilterChain.java:140)
	at org.apache.catalina.core.StandardWrapperValve.invoke(StandardWrapperValve.java:167)
	at org.apache.catalina.core.StandardContextValve.invoke(StandardContextValve.java:90)
	at org.apache.catalina.authenticator.AuthenticatorBase.invoke(AuthenticatorBase.java:483)
	at org.apache.catalina.core.StandardHostValve.invoke(StandardHostValve.java:115)
	at org.apache.catalina.valves.ErrorReportValve.invoke(ErrorReportValve.java:93)
	at org.apache.catalina.core.StandardEngineValve.invoke(StandardEngineValve.java:74)
	at org.apache.catalina.connector.CoyoteAdapter.service(CoyoteAdapter.java:344)
	at org.apache.coyote.http11.Http11Processor.service(Http11Processor.java:384)
	at org.apache.coyote.AbstractProcessorLight.process(AbstractProcessorLight.java:63)
	at org.apache.coyote.AbstractProtocol$ConnectionHandler.process(AbstractProtocol.java:905)
	at org.apache.tomcat.util.net.NioEndpoint$SocketProcessor.doRun(NioEndpoint.java:1741)
	at org.apache.tomcat.util.net.SocketProcessorBase.run(SocketProcessorBase.java:52)
	at org.apache.tomcat.util.threads.ThreadPoolExecutor.runWorker(ThreadPoolExecutor.java:1190)
	at org.apache.tomcat.util.threads.ThreadPoolExecutor$Worker.run(ThreadPoolExecutor.java:659)
	at org.apache.tomcat.util.threads.TaskThread$WrappingRunnable.run(TaskThread.java:63)
	at java.base/java.lang.Thread.run(Thread.java:842)
2024-10-14 16:24:00 [scheduling-1] INFO  g.l.w.u.s.UserChangeLogScheduler - call checkChangeLog
2024-10-14 16:24:00 [scheduling-1] INFO  g.l.w.u.s.UserChangeLogScheduler - check log completed!!
2024-10-14 16:24:35 [scheduling-1] INFO  g.l.w.u.s.UserChangeLogScheduler - call clearChangeLog
2024-10-14 16:24:35 [scheduling-1] INFO  g.l.w.u.s.UserChangeLogScheduler - clear Logs completed!! true
2024-10-14 16:25:00 [scheduling-1] INFO  g.l.w.u.s.UserChangeLogScheduler - call checkChangeLog
2024-10-14 16:25:00 [scheduling-1] INFO  g.l.w.u.s.UserChangeLogScheduler - check log completed!!
2024-10-14 16:25:35 [scheduling-1] INFO  g.l.w.u.s.UserChangeLogScheduler - call clearChangeLog
2024-10-14 16:25:35 [scheduling-1] INFO  g.l.w.u.s.UserChangeLogScheduler - clear Logs completed!! true
2024-10-14 16:26:00 [scheduling-1] INFO  g.l.w.u.s.UserChangeLogScheduler - call checkChangeLog
2024-10-14 16:26:00 [scheduling-1] INFO  g.l.w.u.s.UserChangeLogScheduler - check log completed!!
2024-10-14 16:26:35 [scheduling-1] INFO  g.l.w.u.s.UserChangeLogScheduler - call clearChangeLog
2024-10-14 16:26:35 [scheduling-1] INFO  g.l.w.u.s.UserChangeLogScheduler - clear Logs completed!! true
2024-10-14 16:27:00 [scheduling-1] INFO  g.l.w.u.s.UserChangeLogScheduler - call checkChangeLog
2024-10-14 16:27:00 [scheduling-1] INFO  g.l.w.u.s.UserChangeLogScheduler - check log completed!!
2024-10-14 16:27:35 [scheduling-1] INFO  g.l.w.u.s.UserChangeLogScheduler - call clearChangeLog
2024-10-14 16:27:35 [scheduling-1] INFO  g.l.w.u.s.UserChangeLogScheduler - clear Logs completed!! true
2024-10-14 16:28:00 [scheduling-1] INFO  g.l.w.u.s.UserChangeLogScheduler - call checkChangeLog
2024-10-14 16:28:00 [scheduling-1] INFO  g.l.w.u.s.UserChangeLogScheduler - check log completed!!
2024-10-14 16:28:35 [scheduling-1] INFO  g.l.w.u.s.UserChangeLogScheduler - call clearChangeLog
2024-10-14 16:28:35 [scheduling-1] INFO  g.l.w.u.s.UserChangeLogScheduler - clear Logs completed!! true
2024-10-14 16:29:00 [scheduling-1] INFO  g.l.w.u.s.UserChangeLogScheduler - call checkChangeLog
2024-10-14 16:29:00 [scheduling-1] INFO  g.l.w.u.s.UserChangeLogScheduler - check log completed!!
2024-10-14 16:29:35 [scheduling-1] INFO  g.l.w.u.s.UserChangeLogScheduler - call clearChangeLog
2024-10-14 16:29:35 [scheduling-1] INFO  g.l.w.u.s.UserChangeLogScheduler - clear Logs completed!! true
2024-10-14 16:30:00 [scheduling-1] INFO  g.l.w.u.s.UserChangeLogScheduler - call checkChangeLog
2024-10-14 16:30:00 [scheduling-1] INFO  g.l.w.u.s.UserChangeLogScheduler - check log completed!!
2024-10-14 16:30:35 [scheduling-1] INFO  g.l.w.u.s.UserChangeLogScheduler - call clearChangeLog
2024-10-14 16:30:35 [scheduling-1] INFO  g.l.w.u.s.UserChangeLogScheduler - clear Logs completed!! true
2024-10-14 16:31:00 [scheduling-1] INFO  g.l.w.u.s.UserChangeLogScheduler - call checkChangeLog
2024-10-14 16:31:00 [scheduling-1] INFO  g.l.w.u.s.UserChangeLogScheduler - check log completed!!
2024-10-14 16:31:35 [scheduling-1] INFO  g.l.w.u.s.UserChangeLogScheduler - call clearChangeLog
2024-10-14 16:31:35 [scheduling-1] INFO  g.l.w.u.s.UserChangeLogScheduler - clear Logs completed!! true
2024-10-14 16:31:43 [http-nio-5000-exec-10] WARN  o.s.w.s.m.s.DefaultHandlerExceptionResolver - Resolved [org.springframework.web.HttpMediaTypeNotSupportedException: Content-Type 'text/plain;charset=UTF-8' is not supported]
2024-10-14 16:32:00 [scheduling-1] INFO  g.l.w.u.s.UserChangeLogScheduler - call checkChangeLog
2024-10-14 16:32:00 [scheduling-1] INFO  g.l.w.u.s.UserChangeLogScheduler - check log completed!!
2024-10-14 16:32:35 [scheduling-1] INFO  g.l.w.u.s.UserChangeLogScheduler - call clearChangeLog
2024-10-14 16:32:35 [scheduling-1] INFO  g.l.w.u.s.UserChangeLogScheduler - clear Logs completed!! true
2024-10-14 16:33:00 [scheduling-1] INFO  g.l.w.u.s.UserChangeLogScheduler - call checkChangeLog
2024-10-14 16:33:00 [scheduling-1] INFO  g.l.w.u.s.UserChangeLogScheduler - check log completed!!
2024-10-14 16:33:35 [scheduling-1] INFO  g.l.w.u.s.UserChangeLogScheduler - call clearChangeLog
2024-10-14 16:33:35 [scheduling-1] INFO  g.l.w.u.s.UserChangeLogScheduler - clear Logs completed!! true
2024-10-14 16:34:00 [scheduling-1] INFO  g.l.w.u.s.UserChangeLogScheduler - call checkChangeLog
2024-10-14 16:34:00 [scheduling-1] INFO  g.l.w.u.s.UserChangeLogScheduler - check log completed!!
2024-10-14 16:34:35 [scheduling-1] INFO  g.l.w.u.s.UserChangeLogScheduler - call clearChangeLog
2024-10-14 16:34:35 [scheduling-1] INFO  g.l.w.u.s.UserChangeLogScheduler - clear Logs completed!! true
2024-10-14 16:35:00 [scheduling-1] INFO  g.l.w.u.s.UserChangeLogScheduler - call checkChangeLog
2024-10-14 16:35:00 [scheduling-1] INFO  g.l.w.u.s.UserChangeLogScheduler - check log completed!!
2024-10-14 16:35:35 [scheduling-1] INFO  g.l.w.u.s.UserChangeLogScheduler - call clearChangeLog
2024-10-14 16:35:35 [scheduling-1] INFO  g.l.w.u.s.UserChangeLogScheduler - clear Logs completed!! true
2024-10-14 16:36:00 [scheduling-1] INFO  g.l.w.u.s.UserChangeLogScheduler - call checkChangeLog
2024-10-14 16:36:00 [scheduling-1] INFO  g.l.w.u.s.UserChangeLogScheduler - check log completed!!
2024-10-14 16:36:35 [scheduling-1] INFO  g.l.w.u.s.UserChangeLogScheduler - call clearChangeLog
2024-10-14 16:36:35 [scheduling-1] INFO  g.l.w.u.s.UserChangeLogScheduler - clear Logs completed!! true
2024-10-14 16:37:00 [scheduling-1] INFO  g.l.w.u.s.UserChangeLogScheduler - call checkChangeLog
2024-10-14 16:37:00 [scheduling-1] INFO  g.l.w.u.s.UserChangeLogScheduler - check log completed!!
2024-10-14 16:37:35 [scheduling-1] INFO  g.l.w.u.s.UserChangeLogScheduler - call clearChangeLog
2024-10-14 16:37:35 [scheduling-1] INFO  g.l.w.u.s.UserChangeLogScheduler - clear Logs completed!! true
2024-10-14 16:38:00 [scheduling-1] INFO  g.l.w.u.s.UserChangeLogScheduler - call checkChangeLog
2024-10-14 16:38:00 [scheduling-1] INFO  g.l.w.u.s.UserChangeLogScheduler - check log completed!!
2024-10-14 16:38:35 [scheduling-1] INFO  g.l.w.u.s.UserChangeLogScheduler - call clearChangeLog
2024-10-14 16:38:35 [scheduling-1] INFO  g.l.w.u.s.UserChangeLogScheduler - clear Logs completed!! true
2024-10-14 16:39:00 [scheduling-1] INFO  g.l.w.u.s.UserChangeLogScheduler - call checkChangeLog
2024-10-14 16:39:00 [scheduling-1] INFO  g.l.w.u.s.UserChangeLogScheduler - check log completed!!
2024-10-14 16:39:35 [scheduling-1] INFO  g.l.w.u.s.UserChangeLogScheduler - call clearChangeLog
2024-10-14 16:39:35 [scheduling-1] INFO  g.l.w.u.s.UserChangeLogScheduler - clear Logs completed!! true
2024-10-14 16:39:59 [SpringApplicationShutdownHook] INFO  o.s.o.j.LocalContainerEntityManagerFactoryBean - Closing JPA EntityManagerFactory for persistence unit 'default'
2024-10-14 16:39:59 [SpringApplicationShutdownHook] INFO  com.zaxxer.hikari.HikariDataSource - HikariPool-1 - Shutdown initiated...
2024-10-14 16:39:59 [SpringApplicationShutdownHook] INFO  com.zaxxer.hikari.HikariDataSource - HikariPool-1 - Shutdown completed.
